MDVP:Fo(Hz),MDVP:Fhi(Hz),MDVP:Flo(Hz),MDVP:Jitter(%),MDVP:Jitter(Abs),MDVP:RAP,MDVP:PPQ,Jitter:DDP,MDVP:Shimmer,MDVP:Shimmer(dB),Shimmer:APQ3,Shimmer:APQ5,MDVP:APQ,Shimmer:DDA,NHR,HNR,status,RPDE,DFA,spread1,spread2,D2,PPE
110.739,141.5516470034159,97.47234563639427,0.0136,7e-06,0.00624,0.00106,0.005198224472146494,0.02934036846825632,0.10730299859018791,0.00468,0.00606,0.0215801235897429,0.015276661249328038,0.00065,27.589039155325246,0,0.5557265609342,0.7001470918298253,-6.161386599626441,0.20287974668424222,2.0898706031694947,0.15360485387475634
232.08209605702532,148.57600576336608,197.78926623137397,0.0035834784826508054,8e-05,0.00092,0.005336622541743139,0.00276,0.00954,0.15195955186675966,0.012838439888295552,0.021243773263830076,0.01949230192323084,0.01403,0.02443809811439001,27.28241821157435,0,0.2926312835506284,0.7369569057542079,-7.16584397545253,0.2192395555968629,2.0647308768163564,0.10472982075142696
128.451,150.449,75.632,0.01551,0.00012,0.00905,0.00909,0.02716,0.0617,0.584,0.03223,0.03672,0.05174,0.09669,0.11843,15.06,1,0.639808,0.643327,-4.20273,0.310163,2.638279,0.356881
165.1754217461505,228.5650520713769,171.004454347622,0.00168,0.00026,0.00068,0.010868489346161463,0.00938611798935578,0.0672672972175313,0.6390429819227319,0.00455,0.02621591385830539,0.06856518056652386,0.09287642062895644,0.0215713428949195,16.087327139554823,1,0.574318771276899,0.825288,-3.9593538582421375,0.417117340743249,2.8492261539462014,0.4057159594685874
116.879,131.897,108.153,0.00788,7e-05,0.00334,0.00493,0.01003,0.02645,0.265,0.01394,0.01625,0.02137,0.04183,0.00786,22.603,1,0.540049,0.813432,-4.476755,0.262633,1.827012,0.326197
225.92492608182624,287.55629094153926,173.80336821390614,0.00630419891217326,7e-06,0.00624,0.00564,0.007111174721080679,0.016671553139945745,0.09319002224081775,0.012834775913444322,0.00606,0.00719,0.01403,0.00065,28.791453019166912,0,0.3158974603800566,0.6434404410986319,-7.523532914782889,0.011552387618932652,2.4307359789719065,0.07168251538165726
152.69445561253463,143.17631757831083,111.59625460550808,0.01382639653099578,0.00026,0.0027652806232536147,0.004697027422736031,0.01635653788145434,0.07842114671755229,0.6014002568359216,0.056294172131633555,0.04541484195959426,0.0419683783875058,0.0908634971425106,0.13524433094692326,12.619782751142917,1,0.5440211367989863,0.7129908912755967,-4.026400929729949,0.3143095115056238,3.078083851764702,0.37345910933236964
260.105,150.78387090102322,212.09739652927783,0.002954396026591624,8e-05,0.0009737962628578654,0.0010812180580970618,0.00276,0.00954,0.085,0.007018751250114091,0.022317152440112224,0.00719,0.029305936575235225,0.011477952794861355,31.71525322679835,0,0.4116736618009484,0.6912032876587665,-7.964984,0.15555346655915164,1.5384300641197428,0.044539
130.35601303409564,212.57742785984524,102.80864864644793,0.00168,0.00026,0.00068,0.00092,0.013612532781865184,0.02769185291137699,0.23793467821227243,0.010214623145110608,0.011146690332675228,0.017310548673116603,0.01806795960572509,0.07088696418707559,22.627687887187918,1,0.5810136551457847,0.646875684574871,-4.417595201098496,0.31103538953954835,2.818535625558455,0.2813756734434792
183.82693347882997,171.98912628781994,141.18288401437607,0.0136,8e-05,0.00624,0.00564,0.002981177058505837,0.00954,0.085,0.00468,0.00606,0.010174446119602602,0.016187827758857236,0.00065,28.113744415583803,0,0.448119628912379,0.6859946827516923,-6.529321648942561,0.1606622797340038,1.7555487256854543,0.13129809239614154
174.77542211293314,245.27427704729814,152.55386490073,0.0022186272896849045,7e-06,0.00092,0.00564,0.012548339251836531,0.00954,0.1508003653375556,0.00468,0.00606,0.021341258505072177,0.03241591241425411,0.03887893732236885,25.39771859634652,0,0.2808689086947562,0.7553578227320269,-6.814248608607254,0.16010404295481181,2.2704679067711235,0.1341819593800281
243.439,250.912,232.435,0.0021,9e-06,0.00109,0.00137,0.00327,0.01419,0.126,0.00777,0.00898,0.01033,0.0233,0.00454,25.368,0,0.438296,0.635285,-7.057869,0.091608,2.330716,0.09147
122.964,130.049,114.676,0.00428,3e-05,0.00124,0.00155,0.00373,0.01681,0.154,0.0093,0.00802,0.014,0.02789,0.00462,24.971,0,0.538688,0.754073,-6.482096,0.264967,2.054419,0.128872
128.30983415915367,228.40128336739866,130.19868326532833,0.00178,8e-05,0.00624,0.00106,0.00276,0.01614189132871067,0.085,0.00468,0.00930016639309765,0.012737126178271533,0.01403,0.017581516546242265,29.273889543064467,0,0.4128245671077938,0.7480565356500409,-6.949612408635283,0.22215580344480496,1.7990222371316964,0.10436491287666444
92.74228236990768,179.4462033505982,65.476,0.008610242366703985,0.00026,0.00531168100211413,0.011138236511359189,0.04215511165226005,0.07235028758463144,0.6229282748595042,0.042565001018906035,0.030783333032022624,0.05798446670567483,0.09541985292293842,0.1206001377210142,18.835468461795763,1,0.616118902137332,0.72694321501708,-3.8461759121316916,0.2971237195567227,2.3633974035985394,0.3625682083346824
244.99,272.21,239.17,0.00451,2e-05,0.00279,0.00237,0.00837,0.01897,0.181,0.01084,0.01121,0.01255,0.03253,0.01049,21.528,0,0.522812,0.646818,-7.3045,0.171088,2.095237,0.09622
168.2842070296921,237.3635669108243,168.3551819556823,0.007665493423424443,1e-05,0.008524810954842926,0.00092,0.012427072133787588,0.06792165624044498,0.7163175250061642,0.04032241358844854,0.028495390578830875,0.05770860595631555,0.11762946277215425,0.07114212356205547,13.128190711104347,1,0.685151,0.7336606513995425,-4.972818422650207,0.2902655167347086,2.187239672347601,0.27648755847373313
164.94364106396648,318.9944637649137,122.64644167727812,0.0136,8e-05,0.0047885531197759765,0.00564,0.007617736069484344,0.01671707687973717,0.19608538951722626,0.00468,0.00606,0.015484371078126186,0.04189212248750298,0.00065,23.195194282321552,0,0.480393795720781,0.6999325497556372,-6.802052232625838,0.14672575198027918,2.3656686014906403,0.1427477512125232
260.105,287.0065062391198,239.17,0.0136,7e-06,0.00624,0.00564,0.009783153537179803,0.023632569215393234,0.13728340725226137,0.00468,0.010143103524681167,0.010005575084682876,0.01403,0.0366983376289778,25.657810373225807,0,0.25657,0.6472789226815211,-7.964984,0.054940052554952226,2.2782281681299206,0.04475301473196974
223.361,364.9428947434193,166.35090962338094,0.00168,1e-05,0.00068,0.00092,0.00204,0.036127613600586736,0.28862767178299026,0.029543275184586285,0.01153589084483892,0.019692997237977142,0.051379392121855855,0.00231,21.47747864636059,1,0.3131895205673402,0.825288,-5.77805979431795,0.27655944313615544,2.634762007994664,0.22656333416992305
93.15622448864207,145.609144480133,107.31711766880086,0.002602100674682188,0.00026,0.02144,0.011862180453516447,0.01659634333707953,0.049812461416579926,0.2554214719717613,0.0230260141533862,0.024269487115039165,0.036120840396052394,0.061640524090586485,0.03175270334488545,21.250645002047534,1,0.47919587346574405,0.7943316378857102,-4.685650804841069,0.1785934437343673,2.3034903569191645,0.3112456660546439
163.76964987232697,102.145,91.5689725936911,0.00168,0.00026,0.004673485456805494,0.004432492495893874,0.0060119865104240194,0.023506191557324925,0.17370870941905367,0.013579323935989884,0.009932178953413468,0.03582541288299303,0.01364,0.00231,22.920280968669783,1,0.5023798145053672,0.7337909917358421,-6.741901278806072,0.27054673766302095,2.1885074632218715,0.1043695572053098
110.739,311.28463869612017,74.287,0.006840194532146567,8e-05,0.00092,0.00106,0.01873,0.029862700342991277,0.2136156661360535,0.006746251000828995,0.0212625966277809,0.018641452211254003,0.03553491222076027,0.03610973824618511,19.96354531830668,0,0.5461037113996875,0.6962721945765583,-5.269989501764331,0.20803454954775932,2.2315926769113967,0.20806592988464057
140.577821678519,181.6693719539379,134.97080624640827,0.00168,0.00026,0.01811708552671465,0.01958,0.004110288496594796,0.030179650945205,0.21876554400809795,0.018417236921803123,0.021035961729479125,0.051746141263883896,0.05662025399804974,0.015136779648101244,21.498440649415027,1,0.6454600625388022,0.6774879133062094,-3.9194124858092234,0.37646993210543006,2.8458334942858343,0.314318088066227
193.03,208.9,80.297,0.00766,4e-05,0.0045,0.00389,0.01351,0.03044,0.275,0.01771,0.01815,0.02084,0.05312,0.00947,21.934,1,0.497554,0.740539,-5.845099,0.278679,2.608749,0.185668
143.4695592826169,353.3536425991364,65.476,0.006512905716545232,0.00026,0.0030205115792738286,0.0030927276095852664,0.0038252833297463236,0.015698655572311416,0.21727763211753848,0.0046912222671927056,0.02197948856202429,0.03012325352071237,0.01364,0.0059918123950193775,23.144153812332604,1,0.5184816200746096,0.6884715982716032,-4.304737270570886,0.42642211751480996,2.8006706237430112,0.32329184150214074
112.05245113337872,236.94930561560503,74.287,0.01229232997749446,7e-06,0.0015554958925568256,0.0017859133853419704,0.011814208295211948,0.021263196035125914,0.14418352657017638,0.0047664643206067284,0.00606,0.02745,0.01427208115584412,0.02943269732775366,22.131475463323618,0,0.5257553458824127,0.6756864335099156,-5.50473185223339,0.15712070000681377,2.4763207732078865,0.20405919262268848
94.54094611229567,234.66679768326702,102.98212613417239,0.01740454854282911,1e-05,0.018133543457110858,0.004710051284760479,0.00204,0.06592078073774627,0.6164306188883792,0.028239118530978886,0.03505594016871551,0.04030626938575774,0.09141604002794101,0.11024340453598577,17.327730742339014,1,0.5766253384191096,0.756015145729354,-4.4013846117315385,0.3230335781294297,2.802484307920656,0.2790853288524241
158.20163808557444,249.94529392936067,65.476,0.00168,0.00026,0.016054857927984528,0.006456154209990672,0.0074156558786053674,0.07700863215889277,0.565783800714096,0.031297033891322414,0.03705380400693728,0.033658646217871534,0.08799179791238752,0.05910659305544726,18.793943509528532,1,0.36699362614160924,0.7580965613804926,-5.77233781923317,0.2760465353115671,2.6860899095280426,0.19810326298329048
122.99637563243684,167.3759140088463,81.35683487650239,0.00168,1e-05,0.00068,0.011285039323275403,0.00204,0.04984507924367443,0.3233589013948754,0.02190784405679863,0.02579183121020591,0.02427496640082351,0.06029279657381865,0.02298862769415267,15.258241095886703,1,0.6800667947413179,0.7215897689933436,-5.029602683625986,0.25559467014451465,2.51832241291914,0.2789488213641439
101.10538106336858,149.8791855020412,114.6120825448066,0.00168,0.00026,0.00068,0.00092,0.004713862363576943,0.016320208299037166,0.24305859029758814,0.00455,0.030550633350176347,0.009509395857947758,0.03534556622355439,0.00231,20.677561076192045,1,0.604384732288752,0.7381139880692182,-5.756855715859698,0.11342752183403587,1.765957,0.20664885574446037
169.1074880718991,310.6187489799531,150.7859787217855,0.00178,7e-06,0.00624,0.00564,0.00276,0.016838928856595978,0.24060112464401062,0.011943447099286731,0.02498,0.00719,0.032949847625576636,0.031054965850259394,22.249437051279674,0,0.5304998920552374,0.6472593157878069,-7.141240114483742,0.1453034076621293,2.149339655622976,0.13127432728244234
147.87762519089665,216.4091509396122,74.287,0.00178,8e-05,0.00092,0.00106,0.016616387679527923,0.0368440258291238,0.22440978536783843,0.01952027800503551,0.02367883421749765,0.00719,0.04202656148485767,0.06633573814289982,21.58785602415581,0,0.542365561546709,0.7279720604008393,-7.107502740677066,0.2808152609765735,2.0959658162595987,0.09496786377732604
183.19168024923246,164.26777190874571,193.44277505035768,0.00178,7e-06,0.004378170237120601,0.0038959231304280723,0.003187358402915359,0.00954,0.085,0.00468,0.019746553955963673,0.00719,0.015798461752422444,0.00065,28.638157427772626,0,0.26516796072203835,0.7368280030369109,-6.697445509873412,0.10479664414644357,1.9543876950766135,0.1534615833319324
149.0859513431869,193.61815360952403,108.05877413247366,0.00168,1e-05,0.00068,0.005735256601772142,0.02621748018017369,0.03783016593932044,0.19119845731364982,0.02608702572542214,0.016428898526195584,0.009166489170560819,0.06407592381419391,0.029433745091348374,20.127873431042936,1,0.5095352059500416,0.6869409085456721,-6.057540565344742,0.2264767616776951,2.365431004690141,0.20149371888060508
142.65043118482885,165.13765137650316,75.39334160194197,0.014168772102025804,1e-05,0.006172542273436837,0.00092,0.02249159636883638,0.0746590421705298,0.5847618783903661,0.029859641857137912,0.04815179488889153,0.038649773936924724,0.09614003256169912,0.08064755430596514,15.173831229111705,1,0.5805641989155352,0.7517206561883191,-3.7013077937843826,0.26795798089092093,2.8880588240818077,0.34885182734082815
124.82958021815926,155.39276667599847,126.73583760390356,0.0017004076950964675,0.00026,0.00068,0.0017623816384195433,0.00204,0.028514454874954916,0.331367164690909,0.025420348041210145,0.02233559957123409,0.034606283213772904,0.07686709441743933,0.019692843063717498,21.692428875429588,1,0.685151,0.7326526823349244,-4.583294655021204,0.33481718891894063,2.452322010655832,0.2717876809392402
142.729,162.408,65.476,0.00831,6e-05,0.00469,0.00419,0.01407,0.03485,0.365,0.01868,0.01906,0.02949,0.05605,0.02599,20.264,1,0.489345,0.730387,-5.720868,0.15883,2.277927,0.180828
105.17812706335577,212.0618109599337,68.96186779844477,0.00168,0.00026,0.00068,0.0068382598259725605,0.00204,0.035381860391635565,0.3642131130672321,0.008161540551403435,0.03812452672434447,0.031070734516027196,0.05572662258899901,0.00231,20.29171782937447,1,0.6136667244233961,0.7502670460113591,-4.648831782317943,0.3020952223141184,2.2937383668448974,0.2904140650917753
220.55609063182857,321.84246173188774,186.95812163181014,0.00178,7e-06,0.00300440545543981,0.00106,0.011630634996967208,0.014722771067611405,0.17322160825922686,0.009927921747552011,0.007115275733821654,0.020919045805874018,0.04275380996950111,0.00065,19.898828643609264,0,0.4324851621689679,0.6571489245123295,-6.588134004774854,0.09202143397883933,2.7328607955362174,0.1216693093064397
110.739,140.44126862983506,102.75848589501481,0.00178,8e-05,0.00454740955410928,0.00564,0.00276,0.013430401990992711,0.085,0.009372037715678494,0.02089038425631655,0.009809072210968354,0.031650912541929956,0.00065,33.047,0,0.46275623518383313,0.785714,-6.380590446004483,0.19499255236646912,1.497129558004939,0.15749536944519882
151.884,157.765,133.751,0.00258,2e-05,0.00115,0.00122,0.00346,0.0145,0.137,0.00633,0.00788,0.01267,0.01898,0.00659,26.833,1,0.393563,0.700246,-6.600023,0.249172,2.499148,0.105306
197.26047402282413,328.0815751722913,154.50875237621193,0.0136,8e-05,0.0012960027100584956,0.00106,0.00276,0.014009847950064346,0.10324607023153301,0.009309952489367843,0.00606,0.00719,0.032577383988900074,0.008458719086267228,27.084834679915396,0,0.527448280637541,0.6839269279051244,-7.123445974681625,0.12344012982787872,2.2675892227087764,0.06619929389069423
88.333,157.57052366552676,65.476,0.017502206259844586,0.00026,0.014263295309373245,0.007522100137896587,0.018703367866556558,0.017407929856211358,0.09,0.017927468939024416,0.0057,0.02366116908975398,0.013912938726855867,0.031802947365466704,29.17499521302926,1,0.667456989755858,0.7005428047012405,-5.4820536744212855,0.15074952139727604,1.765957,0.17883826956375443
110.739,113.597,104.98146052171431,0.00178,7e-06,0.00624,0.00106,0.017102453999978295,0.013096279454727992,0.12074286133256723,0.00468,0.00606,0.027273265761706043,0.01403,0.00065,26.788562173687573,0,0.42981390445370615,0.708594370003095,-5.626878825508125,0.12053990587697132,2.396439331046262,0.19898475247605973
187.34398229696825,297.5206945982927,99.70686543532284,0.008226134947764939,1e-05,0.008124458478955552,0.009748315320693444,0.028546830182281602,0.07512682870159082,0.6178037402508874,0.03724203380696982,0.05219172231208017,0.0545429271934247,0.09808510240142451,0.12765155745537157,14.803270929135863,1,0.685151,0.574282,-4.740686077444279,0.3639682443990526,3.153976874353757,0.23857972027872235
161.43039526814715,202.5453775712772,80.2087484144011,0.01762292062016002,1e-05,0.00068,0.00092,0.03454291394185313,0.049876740506938785,0.33358005635496346,0.01639051773556626,0.0426715105380549,0.03364760544213557,0.07063093930732402,0.035947353061641554,17.92062586728652,1,0.5211830272634352,0.7264860917434623,-5.004025987849916,0.23803569140428307,2.6674455458523214,0.28578502415928303
173.917,192.735,86.18,0.00476,3e-05,0.00221,0.00258,0.00663,0.04192,0.364,0.02187,0.0247,0.03772,0.06562,0.0184,20.422,1,0.537264,0.686894,-5.248776,0.210279,2.547508,0.253556
241.404,248.834,232.483,0.00281,1e-05,0.00157,0.00173,0.0047,0.0176,0.154,0.01006,0.01038,0.01251,0.03017,0.00675,23.145,0,0.457702,0.634267,-6.793547,0.158266,2.256699,0.117399
181.01163495148876,184.09493118144354,133.3959074429402,0.009928844525467865,0.00026,0.012295286673745947,0.01958,0.011258355429741056,0.05018108976207134,0.5091443533840159,0.0135093440538932,0.022787005873315325,0.035925733389483676,0.08535926726939624,0.02547707547292462,18.784827216269765,1,0.39072475823811237,0.8202971294116875,-5.753714367975888,0.07033760945577777,1.8738688446379608,0.18402393737415795
253.02279695854975,261.56221552517366,110.32845541529873,0.004797802597297108,7e-06,0.00624,0.00106,0.007889509123882098,0.028028019972511642,0.2288758186063266,0.00468,0.02498,0.00719,0.03416419785638698,0.017589589134872123,21.681257182989174,0,0.447844160150709,0.62671,-7.232235369480767,0.025823310350808926,2.682501244238381,0.09167455293218613
207.2574528580555,268.1539347837723,155.78014477675052,0.00178,7e-06,0.00092,0.00564,0.012687506177795191,0.02644751323911739,0.11732836872589375,0.00468,0.00606,0.00719,0.025136276789783838,0.00065,27.89626912729634,0,0.3829101972391721,0.7352834733434361,-6.974082476459011,0.15379229857952875,2.4334876679562116,0.10732695124032463
131.51531428166064,148.86475839157148,85.9715750084429,0.02368585937005865,1e-05,0.009329530468033573,0.01018131515064119,0.00204,0.03815410712940226,0.4927041830593777,0.023894842638352187,0.04313447073208883,0.03797572294088142,0.079305621796191,0.0495049224168755,17.329200315169025,1,0.5594022221520629,0.7392492628260583,-4.8885981376751175,0.2882550122212126,2.8741420552502146,0.28386507304474234
112.15,131.669,97.527,0.00519,5e-05,0.00291,0.00284,0.00873,0.01756,0.155,0.00967,0.01033,0.01363,0.02902,0.01435,21.219,1,0.557045,0.673086,-5.617124,0.184896,1.871871,0.212386
194.45175549759279,387.83856542086016,155.13068488785927,0.012325016257826667,7e-06,0.00624,0.00106,0.00689396110500655,0.03733299369116272,0.204466923585438,0.01965340851517073,0.00606,0.00719,0.029660017611948496,0.03539530577443848,21.79643374511395,0,0.5357692271729717,0.62671,-7.049888243247685,0.1220322338148053,2.6903229681974956,0.08928252617778802
149.49644829616324,240.0762913006519,159.00847385374612,0.01820703589713361,0.00026,0.011656045465610469,0.01958,0.02749133747517454,0.07306625743765903,0.9782555870484777,0.055527402942127796,0.06386503985079016,0.07827179711326064,0.1571988927614609,0.12931464510773982,8.877582396119916,1,0.5625327258930047,0.732383350148627,-3.162356040577937,0.3659142478927151,3.208775295156104,0.40231714545315256
181.6974602957833,263.03770364720623,145.68773894340248,0.00178,8e-05,0.00092,0.00106,0.012054017697976194,0.012863493454918695,0.16608240350203693,0.00468,0.00606,0.011976371968521941,0.04305099476833314,0.00065,25.08334535243876,0,0.36301780108899995,0.7221533982051868,-6.805165536226609,0.15581032703864744,1.9444803786898555,0.1236802779104755
175.76268090849794,215.69967630690314,77.76266281713545,0.0027528631052230156,8e-05,0.00624,0.00564,0.014104940587160525,0.02351347373471677,0.18224334098469666,0.02336,0.006381248297022406,0.026651057194543,0.027066083991255492,0.03025369159946323,22.84145122870881,0,0.36525307754778924,0.6687752087580361,-6.1229726076329545,0.07580453737992285,2.598356842445226,0.16081284054784434
239.2712887000763,181.02312272655217,207.62984968854977,0.0136,7e-06,0.00624,0.00106,0.00276,0.00954,0.085,0.00468,0.00606,0.024142872983343,0.01403,0.00065,27.339725899972517,0,0.3900414023629525,0.696631345313316,-6.82706927735749,0.1757640985326944,2.0606817168907856,0.11455648378863605
130.77446058956417,314.6116311616703,163.4665166925527,0.03316,1e-05,0.006868345153781286,0.0011325299551310057,0.01129047238668273,0.06083958149842218,0.479964294162793,0.013035882291008074,0.021476382601049674,0.027775373359209862,0.05963032118851867,0.079048749914308,18.63640259881388,1,0.44366642112371835,0.7537038862862553,-4.354159892384479,0.24420611030167066,2.7749408292356685,0.32283448451520236
146.00378365743663,311.73626055898785,65.476,0.00168,1e-05,0.00068,0.0015053777852299726,0.020059709884987585,0.027219157095882924,0.23638616755912745,0.018836056906238574,0.008418568485345352,0.00811,0.03587339339443618,0.00231,23.06663605002246,1,0.5698093931813059,0.7295815395615511,-5.8265674207737455,0.19990850674424487,2.3012799068056395,0.20565509085507766
117.87,127.349,95.654,0.00647,5e-05,0.00356,0.003,0.01067,0.03087,0.276,0.01659,0.01804,0.02402,0.04977,0.02631,22.431,1,0.6283,0.652025,-3.583722,0.207914,2.439597,0.206256
127.04160648564533,193.08911982008766,79.77977450559608,0.015381352161207423,0.00026,0.005990560147745129,0.00858313847930669,0.00204,0.02417164712822025,0.3145105970221813,0.0338347284826388,0.022894875481588757,0.0308445287933795,0.06167528521890248,0.01626805338039535,18.154904108135067,1,0.6034637832645314,0.745232980682562,-5.401256661674751,0.23128685101437224,2.371357804663748,0.21767573803853152
178.222,202.45,141.047,0.00321,2e-05,0.00163,0.00194,0.00488,0.03759,0.327,0.02073,0.02415,0.02784,0.06219,0.03151,15.924,1,0.598714,0.712199,-6.366916,0.335753,2.654271,0.144614
197.569,217.627,90.794,0.00803,4e-05,0.0049,0.00448,0.0147,0.02177,0.189,0.01279,0.01272,0.01439,0.03836,0.01337,19.269,0,0.372222,0.725216,-5.736781,0.164529,2.88245,0.202879
232.11416529286012,323.3086627956909,122.90263639973304,0.00178,8e-05,0.00624,0.00564,0.01873,0.00954,0.19878256831184368,0.017549479725224346,0.0119163399642121,0.023775288740560407,0.029566637668752054,0.026415336219687974,23.03652351846129,0,0.49134186771817423,0.62671,-6.93911603471792,0.0414631922473401,2.3376594797053936,0.10315601924945095
126.344,134.231,112.773,0.00448,4e-05,0.00131,0.00169,0.00393,0.02033,0.185,0.01143,0.00959,0.01614,0.03429,0.00474,25.03,0,0.507504,0.760361,-6.689151,0.291954,2.431854,0.105993
88.333,228.0101069716326,71.2048035658679,0.011283515370806012,0.00026,0.00068,0.007738571709675023,0.005647017802790646,0.03076943590811141,0.33278680818312195,0.018278817472775138,0.014878444547571892,0.03220214787526834,0.03500628100212945,0.015546465167997693,22.208364665080726,1,0.6081314412553046,0.6804400604449753,-5.205743381610372,0.27149349261862893,2.138233228357411,0.21461163807026484
172.77928678480902,188.42202437109688,138.14520372382384,0.006780202972788724,1e-05,0.00068,0.011082114947234368,0.014988666876720442,0.05210997876038127,0.5405028686422335,0.022962590538279426,0.032617759552470385,0.05905946736311442,0.0730937914299751,0.05407178798670641,17.305543403421847,1,0.6112197655839768,0.6586760701707969,-4.358450601707141,0.2648644149172194,2.695424481984048,0.32800021928112477
140.93163832751483,179.86986488312488,67.01002657393647,0.014843950769269528,1e-05,0.00068,0.00092,0.015699876853517068,0.05099946893087838,0.32369489188588063,0.03471137773308546,0.026240440707573885,0.0447069238575593,0.04717250163505892,0.018406169193473192,23.9135430129504,1,0.5534838493030652,0.6852316396603783,-5.050137573706453,0.2929004037655159,2.5103260458012837,0.2859778057333203
166.73852193229268,211.92979249963963,142.35892276802738,0.00168,1e-05,0.013881791523412288,0.00092,0.01466287940986236,0.06793103352830607,0.6019947332005334,0.03064955469712277,0.04312624865321024,0.06592391978411045,0.10753184300634269,0.057625599741722794,14.85813677731607,1,0.625346343681856,0.69044570783578,-5.072482329041114,0.31868662153747757,2.6813985559548583,0.2426107926764187
110.453,127.611,105.554,0.00494,4e-05,0.00244,0.00315,0.00731,0.04128,0.379,0.02229,0.02592,0.03316,0.06688,0.02529,17.707,1,0.653427,0.706687,-5.333619,0.322044,2.631793,0.228319
157.27254117216867,113.597,170.37118543331565,0.0136,7e-06,0.0039497397177320195,0.00344380616677192,0.00276,0.013547619131936733,0.09845460845047284,0.010828657706084752,0.00606,0.008956981804128242,0.01403,0.00065,29.808670115538924,0,0.3343625838303926,0.7818551550192561,-7.067882495825128,0.15908460787322184,1.8948435648758615,0.09324178790089395
108.807,134.656,102.874,0.00761,7e-05,0.00349,0.00486,0.01046,0.02719,0.255,0.01483,0.01609,0.02067,0.0445,0.01036,21.028,1,0.536009,0.819032,-4.649573,0.205558,1.986899,0.3167
95.385,102.145,90.264,0.00608,6e-05,0.00331,0.00332,0.00994,0.03202,0.263,0.01803,0.01886,0.02455,0.05408,0.01062,21.875,1,0.644954,0.779612,-5.115212,0.249494,2.017753,0.260015
104.93190170636227,167.74817620385966,75.36228807049113,0.0191624756592244,1e-05,0.01237119361713456,0.002014713114683552,0.02190270718504736,0.028060305277909002,0.2697684884442278,0.011344851272646648,0.03590490063003218,0.01769221225427766,0.045323552138316785,0.04330525508077932,17.19275196442065,1,0.5784844379430975,0.7326388879637064,-4.873201074186508,0.24168977541027378,2.87751312819502,0.28167928679687704
116.848,217.552,99.503,0.00531,5e-05,0.0026,0.00346,0.0078,0.01795,0.163,0.0081,0.01144,0.01756,0.02429,0.01179,22.085,0,0.663842,0.656516,-5.198864,0.206768,2.120412,0.252404
110.417,131.067,103.37,0.00784,7e-05,0.00352,0.00514,0.01056,0.03715,0.334,0.02032,0.02302,0.02802,0.06097,0.00969,21.422,1,0.541781,0.821364,-4.438453,0.238298,1.92294,0.335041
240.61989202904644,363.1535029077928,161.96136187483165,0.009492902436054634,8e-05,0.00624,0.001956789538586131,0.004918839281512565,0.03697521844523395,0.19319195767908343,0.007859211564036558,0.022957341697928096,0.00719,0.02804715538576129,0.00065,18.731737797426057,0,0.663842,0.62671,-6.846212828846355,0.16304983007959234,2.3801297043258454,0.12833174424283836
131.57345103175223,206.84914858787639,126.58552883863327,0.00178,8e-05,0.00092,0.00564,0.007470624657763973,0.00954,0.13341892642306918,0.02046261936410683,0.024194336666613477,0.008896772914761136,0.019859133778636635,0.011549896028787355,24.124912089484255,0,0.594830344735049,0.6585834576601329,-6.52739033010229,0.21333663740008357,2.2857087437991015,0.15020750147924633
213.39273727046657,286.36972163901925,74.287,0.00178,7e-06,0.00624,0.00106,0.013857936210047751,0.022477020753319768,0.29933510213166814,0.015874826610846795,0.006972332905796526,0.011490001229254077,0.044826571925469204,0.05971297998945733,18.936820609317802,0,0.33859723480920567,0.6489987822099875,-6.468659084474535,0.11584911378078169,2.441662062808519,0.17060012982221107
136.32157176473223,244.19019477795277,81.76180622560118,0.007219891786168134,0.00026,0.013501020506236255,0.00092,0.0040028183547726635,0.03145638944539371,0.42193575136697925,0.012219552974088168,0.02226476196124193,0.024977628312689078,0.07497722367093107,0.07279103460071121,17.401556507660572,1,0.5474619565205396,0.6890491524310947,-4.799020156249558,0.2311712608739927,2.5585507138642276,0.3014144585225843
139.42095843157858,153.95345707989378,180.01485576604946,0.00178,7e-06,0.00624,0.0010660054972894738,0.00276,0.009551148709653038,0.085,0.00468,0.00606,0.00719,0.01584630463826102,0.00065,31.861632349368012,0,0.41627934975619146,0.785714,-7.008640669978273,0.2746108103408791,1.787882194750122,0.08492739307513947
210.141,232.706,185.258,0.00534,3e-05,0.00321,0.0028,0.00964,0.0168,0.149,0.00861,0.01017,0.01301,0.02583,0.0062,23.671,1,0.441097,0.722254,-5.96304,0.250283,2.489191,0.177807
88.333,102.145,65.476,0.00168,1e-05,0.00068,0.00092,0.00204,0.01022,0.09,0.00455,0.0057,0.010989876671951355,0.01364,0.00231,26.89403027328217,1,0.5475248313875797,0.7312609752496869,-6.623053769783127,0.18884250256267548,1.765957,0.15778966517398132
156.19638146769304,309.75791829384707,111.29692405069167,0.00178,7e-06,0.00092,0.00106,0.01459426163753878,0.02140671168372166,0.17077282863417378,0.00468,0.00606,0.018310119182403918,0.01403,0.00065,20.687036518170675,0,0.4892960237372799,0.648819836903529,-6.2098431408555665,0.10047889277053285,2.3686274375789917,0.134757090159102
155.93460003245517,316.87279133488437,74.287,0.009967831978972715,7e-06,0.00624,0.00564,0.01536164174291477,0.016241585093268722,0.18905298777952667,0.008651274247959587,0.00606,0.02745,0.03855012087625578,0.03892587571964746,21.317118333542396,0,0.3905891390363526,0.6671957685674321,-6.045200137077522,0.06911928441279529,2.512500577002589,0.17640990595159617
117.004,144.466,99.923,0.00353,3e-05,0.00176,0.00218,0.00528,0.01657,0.145,0.00881,0.01062,0.01318,0.02643,0.0059,25.445,0,0.387482,0.756482,-6.012559,0.229298,1.872946,0.163118
177.313280641125,190.08543710736467,104.9373294310628,0.00178,8e-05,0.0036337833538358194,0.005491982690153216,0.01815444703068071,0.04053611867013669,0.20966434985873791,0.02336,0.01427563171133551,0.00980640512935976,0.0309521910058374,0.00065,22.666350272627664,0,0.33534244393336077,0.7323869142450538,-6.770153402918492,0.12077872229759049,2.600073389067621,0.1373731107083668
131.23948720467965,119.79798790898448,104.34470067089043,0.00168,0.00026,0.02144,0.01958,0.008683467084702797,0.05279217058500717,0.5227456960666376,0.025217829274979318,0.039602858829244796,0.05673640310616683,0.08436859222487836,0.029648680400132934,16.487625094205445,1,0.5617297149726209,0.825288,-4.395491750375839,0.25914089495143366,2.398201491599614,0.2990927574482624
121.57127696200376,122.87302735476204,90.79669989240172,0.010480560896300105,1e-05,0.0032626360944364983,0.00092,0.027286501249798867,0.037503487390000936,0.2839479165732688,0.015649164643930114,0.013825891798704703,0.00811,0.06626059676808006,0.053558420832179876,22.965053454246675,1,0.46575166413235314,0.7883841975134708,-6.02093712187898,0.18475269759731355,1.765957,0.20334500891938737
89.24058531532431,142.73434276276365,97.15256724276355,0.01880212432436832,1e-05,0.00068,0.008611051878683686,0.016760187902293753,0.054199934181751536,0.6001369824579996,0.024440595562833248,0.049540152696759966,0.05767037729203217,0.08571717712462062,0.061956816532482306,14.355761611462828,1,0.6324130996298436,0.7751412864770013,-2.434031,0.41024415468738384,2.573148507854955,0.5125945285732119
116.74121807986805,265.3275616694541,125.31146972048333,0.013553495600819428,1e-05,0.00068,0.013915567959950453,0.011158786052109555,0.05600261707227902,0.4197916324461077,0.023614502945002204,0.04274847421072368,0.02719669360889441,0.0702128340818465,0.027709409395278294,22.35653300377593,1,0.5459831095006945,0.7099074935234228,-5.159481369439339,0.1810729031877521,2.105679950680412,0.23601550270065483
173.94859079203698,193.79062368527104,96.1840340287015,0.0023701529487757823,0.00026,0.00068,0.010926671559936853,0.03198357097667366,0.046224700679669835,0.49055316601538557,0.027547208174047447,0.014322548538183261,0.042808665560253284,0.08485073602577448,0.10040249586005756,15.967835336053064,1,0.6220471248782221,0.6883070894393468,-5.193122706558399,0.17000973752366624,2.578939448504166,0.24857088765637564
171.1049417639918,345.64513576318006,181.97604033717323,0.0032417412485559543,7e-06,0.0010332074932828893,0.00106,0.00276,0.01044578014112037,0.10353987362994295,0.011511939173323084,0.00606,0.00719,0.029221247158070177,0.00065,25.460018406573962,0,0.5203233638320999,0.6958259233785707,-7.333600794171038,0.17187969353219743,1.9491018715949249,0.06355897887816137
159.79364870619963,191.09264870071263,79.31156504518931,0.00178,7e-06,0.00092,0.00106,0.00276,0.031664934850851825,0.16653511971635704,0.011418753525134204,0.00606,0.013727427042712055,0.02416627957207345,0.00065,26.273519008091526,0,0.49540783294436824,0.7056865015986306,-7.023956489476182,0.07474709978114265,2.2204160427618205,0.11220382851537501
114.39579436568191,250.35955996412562,76.87081928259401,0.013564637407518693,1e-05,0.00068,0.00092,0.019038654121453953,0.05111662597966943,0.5654378099154085,0.043980047536200995,0.029118573621266075,0.04342833536385243,0.09757376496984131,0.06277643599454498,21.339317234427018,1,0.4584979960610563,0.7891138971502891,-4.152942853407871,0.22213879361791092,2.164351648125737,0.32441721465433193
191.78658026798468,358.4204354971919,74.287,0.0073791809738743865,8e-05,0.00624,0.00106,0.01873,0.011823245273335392,0.20284814558921804,0.00468,0.006213233599794146,0.00719,0.04186650737900358,0.04420407029481109,21.918582954931033,0,0.362881506711999,0.675192339310619,-6.502060439798227,0.1369876658884291,2.584428759038698,0.11674071357132863
140.08749963994475,221.7880914383947,89.16474802812324,0.00168,1e-05,0.0096652607139804,0.00092,0.013550866438013905,0.01022,0.10341316352081686,0.00455,0.021846589090502536,0.0148888444690229,0.01364,0.0047542779536396546,27.790202204513847,1,0.4348903169044063,0.7418992578330219,-5.353509285945917,0.22553525743756792,1.885279626048697,0.19441447673857393
182.018,197.173,79.187,0.00842,5e-05,0.00506,0.00449,0.01517,0.02503,0.231,0.01372,0.0158,0.01931,0.04115,0.01813,18.784,1,0.589956,0.732903,-5.44514,0.142466,2.174306,0.215558
140.3972042230165,228.37988999719704,127.0638066466221,0.00779002893823331,1e-05,0.00068,0.016575076730735164,0.00204,0.01022,0.11016263268122845,0.019193957471027884,0.01132049125273502,0.013756967900667633,0.01364,0.00231,26.71239907200767,1,0.45098174502066674,0.7099237025529369,-5.711068162649535,0.23653258993114404,2.5709703282206497,0.1714055077099937
170.368,268.796,79.543,0.00571,3e-05,0.00232,0.00269,0.00696,0.03273,0.281,0.01713,0.01964,0.02824,0.05139,0.02485,18.54,1,0.677131,0.685057,-4.796845,0.397749,2.963799,0.277227
158.62272681100094,222.6012056493998,132.1623751158902,0.003623973990949576,7e-06,0.00092,0.00564,0.00276,0.015306074163599666,0.1607828093847779,0.006610665258493338,0.006212877152953313,0.010701229805985712,0.029193369112322287,0.03392482548883992,25.14474338570452,0,0.4808311524609449,0.703149985105919,-6.584346152981911,0.1982189816585241,1.927300618877572,0.10674761437358739
95.605,107.715,87.549,0.00702,7e-05,0.00428,0.00371,0.01283,0.03156,0.296,0.01792,0.01841,0.0219,0.05377,0.01825,19.659,1,0.576084,0.778747,-5.132032,0.210458,2.232576,0.260633
169.9580758246013,113.597,134.42334017340164,0.011996820779692672,8e-05,0.00092,0.00106,0.01873,0.012823058348148592,0.09066656799612516,0.009489225266891037,0.00606,0.00719,0.0269760047249198,0.012248714896218782,28.47159630106662,0,0.3397657807855814,0.7482960022577383,-6.934370219277754,0.24001872703877586,1.7986089152665823,0.13340427445665198
110.739,233.21619321920673,74.287,0.011787353699764302,7e-06,0.00624,0.00106,0.00276,0.02671762817764463,0.28719933568922645,0.01518396816738521,0.00606,0.00719,0.05050654232963171,0.08477533052204388,17.883,0,0.5693513713140999,0.7290515356958747,-5.580401124848121,0.291954,2.5892175911695006,0.17921045439040045
246.05969951926969,259.5506387608282,160.29972043863035,0.0136,8e-05,0.00092,0.00564,0.01873,0.018577653238131788,0.25280580269815284,0.01231752498088979,0.019854207444351908,0.00991857852945606,0.03191754067103522,0.03987483717844614,19.402931773269522,0,0.49768351358600615,0.6331445485427271,-7.337505130547355,0.14439479166467484,1.920041873689205,0.09436499430013158
216.1521135564787,276.4312531857198,162.987879488158,0.00178,7e-06,0.00092,0.00564,0.014738005578094834,0.01795812231193662,0.19145777700585465,0.019226021370490804,0.015237152157492924,0.016943619832712642,0.01741825119371171,0.0015570326195126442,22.640515709603104,0,0.43628955386097873,0.638416363175764,-6.610087535300554,0.10241326132070014,2.6469387195554357,0.14042863249601076
234.33578072447975,214.965296489469,216.92008625267465,0.013143861201238588,7e-06,0.00624,0.00106,0.00276,0.00954,0.085,0.00468,0.00606,0.00719,0.022026686811763705,0.02088342440777947,25.33830723487033,0,0.359150361752184,0.6462156119955876,-7.131062586212238,0.033636577842832416,2.206380065463862,0.09078012838907978
178.85573029778703,316.4499584297538,148.1935560567458,0.002420720044815332,8e-05,0.00624,0.00106,0.01446031484328189,0.04004420753402578,0.1925195603163178,0.005759363525308113,0.00606,0.012669217978364417,0.04160158480732182,0.016131103917337977,24.26738479427247,0,0.25657,0.7075692085555276,-7.02935072981738,0.1201732424546505,2.461364034001179,0.07751509457898118
116.73001897779523,293.6962756464199,75.50300417291888,0.00168,1e-05,0.00068,0.00092,0.00204,0.01022,0.09,0.00455,0.0057,0.00811,0.01364,0.00231,26.306970826471506,1,0.4944848676154337,0.6889051906550333,-6.395967333623881,0.21504639268065337,2.1210467054883297,0.11863793002603135
116.54722681863193,145.11587883640308,86.70551185088596,0.00178,7e-06,0.00624,0.005106734102672583,0.009577662461877705,0.013105500358374985,0.2363673955200674,0.015092489977853129,0.01762390476069456,0.02745,0.0327557468430268,0.03769253055578062,24.824652334409183,0,0.4249858627102308,0.7610647683532301,-6.133751206655603,0.291954,1.875396984435617,0.15637518697889133
122.336,142.369,94.794,0.00727,6e-05,0.00415,0.00339,0.01246,0.02293,0.223,0.01205,0.01289,0.01771,0.03615,0.03191,22.953,1,0.611679,0.623731,-5.4351,0.230532,2.699645,0.220546
154.09983331410652,114.59807715168316,178.97091400457145,0.00178,7e-06,0.0037897951114724093,0.00106,0.00276,0.025097961477447042,0.11282770600575703,0.02336,0.01565914730225211,0.008123805670327848,0.03621116087956693,0.004443188272190054,26.80937312285141,0,0.4157867406651197,0.7490120642254001,-6.689787978435646,0.16592694166597174,1.7796231506636493,0.10592092047434741
147.00981667545173,241.49376303839455,128.49875757533982,0.0021828175133117604,1e-05,0.005101027180396885,0.00092,0.009593860514365218,0.05343535972397843,0.5216967515909487,0.02177836527174125,0.014931878170237363,0.04750782030912482,0.067667884286364,0.02901833597928291,16.790762911139637,1,0.6136401911030933,0.7308620141214215,-3.2332990243719095,0.3805726427095305,3.190428852832213,0.39398136391000865
110.739,190.40726788714886,105.03747547926316,0.0136,8e-05,0.00624,0.00564,0.00276,0.020072421591358074,0.12887324223374386,0.009987202774306753,0.00606,0.020633941574828774,0.03195312904936918,0.026369827376480595,26.484163677648993,0,0.3848991181094929,0.7669748697022771,-6.835359972081659,0.21557193122386514,2.1412714224640954,0.11377603973736003
134.0899904695812,102.145,134.85280234925688,0.007918768990208337,0.00026,0.00068,0.0045707536966332115,0.01528800098359695,0.04829871865308298,0.38832967521392436,0.026826756967799854,0.024513036047518918,0.038371468984476735,0.05667329885545916,0.016882335655494674,19.847071108186366,1,0.5194594360291649,0.755722973864819,-5.142990461628005,0.3620785733531373,2.9860005676977908,0.25534099197152166
126.144,154.284,97.543,0.00975,8e-05,0.00593,0.00454,0.01778,0.02852,0.266,0.015,0.01581,0.02157,0.04499,0.03828,21.534,1,0.635015,0.627337,-5.070096,0.280091,2.8923,0.249703
179.43705429064983,395.6213297219217,118.47776484000624,0.004108423808773455,7e-06,0.005619785797062084,0.00564,0.00276,0.017359289313339864,0.12139248658459474,0.00468,0.01593858324904792,0.00719,0.026838622630869252,0.02266134993617225,26.32710556541253,0,0.47074931629434347,0.6384870573389114,-6.772869095086349,0.043766597951442346,2.4042169171278314,0.11705839668818256
174.688,240.005,74.287,0.0136,8e-05,0.00624,0.00564,0.01873,0.02308,0.256,0.01268,0.01365,0.01667,0.03804,0.10715,17.883,0,0.407567,0.655683,-6.787197,0.158453,2.679772,0.131728
128.75070592504153,261.37644910805915,127.23271949274184,0.004222428558127709,0.00026,0.01336293476904136,0.00092,0.0036803306516071006,0.015394218691311107,0.21278126393386035,0.01663292585802464,0.013435164752167845,0.01850976239226331,0.054771480200282746,0.07076194811949224,23.793677503076665,1,0.4680790867553437,0.6081334814193664,-6.853745241042509,0.2301981353884141,2.8687974919092163,0.1065058010943426
193.65834800454874,211.14052330362838,157.0308829174565,0.00178,7e-06,0.00092,0.0014506899753327705,0.00276,0.033299722554704266,0.23623925064039664,0.009609297178654452,0.00606,0.008362266052869617,0.035607139011645604,0.012863567466081277,23.047372256343987,0,0.43291471983869917,0.7330084177712883,-6.72476441062165,0.19758453994814623,2.1669322687815944,0.11654514954051856
154.85417784212567,177.78612816859865,135.47196589195332,0.00178,8e-05,0.00624,0.00106,0.00276,0.018046068342438888,0.1696251274586876,0.008877290503299879,0.006969629240197701,0.013611424993780376,0.021594065936494152,0.010868749756902966,24.722403204195036,0,0.5604194166000288,0.6883327809754004,-6.557576555320494,0.16748627506251118,2.2954999328502828,0.14136802952070218
110.739,170.18246129038536,133.27987296483317,0.009561373299151864,8e-05,0.00624,0.00564,0.010316438256170705,0.00954,0.15805723401927232,0.02336,0.013936628381603386,0.00719,0.02016199478764348,0.02670459791221784,25.223268218264085,0,0.528525792662049,0.735266000358804,-6.53218912002652,0.15675513519476006,1.7055648000993997,0.1740262135944502
88.333,159.9929471899623,78.40767737132678,0.00600431872308337,0.00026,0.00068,0.009812841164705228,0.007928823372264585,0.021593263453384144,0.09,0.009898439495441804,0.019067433002162494,0.00811,0.021153626134889275,0.00231,25.42210913106162,1,0.5782910188026239,0.8006638383213415,-5.646260916839307,0.14381663526685567,1.8480221973415518,0.1776458044947492
230.40248439880796,307.18760768970617,228.64576509830533,0.003279210711437263,8e-05,0.0041478414689986145,0.00106,0.00773262868751588,0.032158563834332736,0.16215168152642379,0.00468,0.010215397556052642,0.00719,0.020989201523277587,0.011553577310906308,22.88410657460467,0,0.6040084285405931,0.62671,-6.784033952163439,0.14504875242741458,2.126486382962057,0.1150782560922885
177.71656559184265,320.307509923406,136.19730544457565,0.014417037525107462,0.00026,0.012521363555398513,0.0020457425381512494,0.03419572630182967,0.03877791945457033,0.5198776119789668,0.02950714825300422,0.01643652454152614,0.04268331230392898,0.08091579094285023,0.13576839487030506,15.65167821542588,1,0.580735549969187,0.6711616497745748,-4.330260768864445,0.354340269477784,3.2408298666036064,0.2907465834459132
119.031,127.533,109.216,0.0044,4e-05,0.00214,0.00192,0.00641,0.01033,0.098,0.00538,0.0057,0.00811,0.01614,0.01724,26.842,1,0.457541,0.699787,-6.890021,0.152941,2.328513,0.112856
117.90770807780004,121.13544772307795,195.5447939882213,0.00178,7e-06,0.00092,0.0038509440266091934,0.010741585467448954,0.00954,0.085,0.00468,0.00606,0.00719,0.01403,0.004543147509655491,30.012312593377935,0,0.38684822431982036,0.77229247678277,-6.914701024488576,0.19316547197859948,1.5463094615890813,0.1135392931706529
129.77376008843683,225.43685343232917,97.88336855604494,0.03316,1e-05,0.0057320246040558475,0.00092,0.04319609884323212,0.06535917935047943,0.6552095779666984,0.03253818931350563,0.051923430799466916,0.05920541714376332,0.08388437892986805,0.11771258161319974,9.292661138127352,1,0.685151,0.6760300124937018,-3.601526277807903,0.2727862497243519,2.645064700867776,0.4162758032468124
165.91816332428712,102.145,157.0343395962835,0.00168,1e-05,0.002857105721721323,0.00092,0.015636781116074073,0.018869498177526457,0.24651964024870215,0.02057454512185331,0.02751497651874294,0.0175857593631776,0.01364,0.030042898574283758,20.102003230739157,1,0.5052700531951854,0.7457125582447172,-5.628965510062776,0.3266581754826777,2.8331734863035005,0.2002241198914133
204.15803893484423,125.24531891815182,125.28910720843872,0.0019219717379127383,7e-06,0.00624,0.00564,0.01129268858939065,0.02344011370205456,0.2191556186136801,0.02003748211854156,0.01558838963921393,0.00904070136929866,0.05418156490600792,0.020352225642249033,22.909891771682798,0,0.31029155550126086,0.7248234775657433,-6.820100314527869,0.1071383352590958,1.963527897205564,0.11778370458627901
150.5570039050642,222.68997837448143,105.66432947691708,0.027599653759251965,0.00026,0.00068,0.004894848435660617,0.029848935247215005,0.06421784688893872,0.6485749730847797,0.05647,0.03081249567974014,0.054913610758087525,0.10980320993822829,0.10881002992260705,12.5932200152679,1,0.685151,0.6334589628958306,-4.005822308334739,0.30273909594180537,2.6643674203943695,0.3295253114613175
116.83482114213383,102.145,65.476,0.00168,0.00026,0.013696689141900717,0.0050704560092516004,0.012370296028603112,0.015092412018520188,0.17313513633180513,0.007521672543600212,0.016945907370131404,0.01884982914548792,0.031219007708435147,0.05432809463211483,20.458387874615532,1,0.6453692819408131,0.710904771507116,-5.1921817761007665,0.2816402382933082,2.487316221124406,0.19882068909500653
127.99739114241225,113.597,85.14881254164344,0.002923172577591119,8e-05,0.0026783875370853453,0.00564,0.003164813349389831,0.014567788641417626,0.16955723632863692,0.00468,0.023899540221406966,0.007616559788788524,0.02085385931275009,0.00065,25.694603687604538,0,0.5408786071772611,0.7300679745210604,-6.042034027966427,0.2416686737979723,1.8523449959224467,0.1968211426630078
169.32624989212127,168.5619123185528,118.19406077889951,0.013303044621585783,0.00026,0.008870960254099435,0.014880475139745723,0.018641542486642577,0.04396245264691,0.48810469785752386,0.007701664519998357,0.011956408525496677,0.05050755531417857,0.07103926996933574,0.10554010275543504,18.649957110538562,1,0.5106750255980906,0.7041379996831931,-4.867831702586643,0.21437792421255308,2.874680711556776,0.24216515625609514
160.26472575437248,264.04505840429437,88.8391484456788,0.00168,1e-05,0.00068,0.00092,0.013178307167914205,0.01022,0.09,0.004788601691420183,0.014579189453190474,0.00811,0.01364,0.00231,29.427355506014756,1,0.30679721818956285,0.7237869297036079,-7.072274134921672,0.15941042713788806,2.2536604737423995,0.0944954947988759
190.92638658455584,310.03106492376077,108.29025059735952,0.010650443410960187,1e-05,0.008092653284629624,0.00092,0.02196127916271191,0.047002328660961865,0.39990048350501,0.02478195730461724,0.02882607376646057,0.02253327239746043,0.04694355580444629,0.061751924260003505,17.421719832794214,1,0.38828593927844024,0.7108949442030588,-5.1750567689922065,0.20156054120232747,2.717943251245404,0.24539119794066078
182.88641258529583,165.06887748988967,95.95980121349615,0.0038599129476559212,1e-05,0.00068,0.011822492150473828,0.01573406391149669,0.04263264371908334,0.34772183057999173,0.009713009878324309,0.03745317623715306,0.0342276905899533,0.0522740835265811,0.04732377838010904,17.16584283830214,1,0.6738114298425801,0.7039938796989655,-4.182437724895479,0.3997671681534248,2.6299430966710093,0.3496396389031181
260.105,221.89323165441132,194.93706119737456,0.0032214102695200283,8e-05,0.00092,0.00106,0.00276,0.032178709725510894,0.2939867391361026,0.01675191540205938,0.02498,0.021034155054106572,0.07008,0.0016134640457730453,17.883,0,0.35664939800406326,0.62671,-6.531333260738303,0.08578563321145845,2.6054657948300277,0.14791495581102806
154.1503793902985,299.70983196619085,136.89010648060378,0.007506664691601415,8e-05,0.00624,0.00106,0.00276,0.028037350593492938,0.20296690476132714,0.00468,0.007203836222911089,0.00719,0.0393973529066546,0.00065,30.039338831688987,0,0.41236309553409733,0.7065964628214507,-7.029548119794088,0.10466340270222474,1.867393103785155,0.08507043738744915
146.41474702825954,316.0256832753494,137.28933098616884,0.00168,1e-05,0.00068,0.00092,0.018923322561259167,0.01022,0.09423838704657014,0.00455,0.0057,0.027653096120979787,0.01364,0.00231,26.573334133761087,1,0.4235820885330149,0.7211304749865068,-5.9420685670864515,0.28824840850826466,2.6015761366624623,0.16097024874769467
126.41648950090763,165.21477006753707,81.80543848656531,0.02268715785319424,0.00026,0.0012076917128972012,0.006630831965438136,0.008454761323682239,0.03321860574839941,0.2153245868370393,0.026611118075377686,0.014195144391303843,0.00811,0.0367938922370534,0.016586381851069518,22.047322894197134,1,0.5812281143363374,0.7410611776492912,-4.900271895379257,0.2014869249255803,2.4490022292090576,0.2510159532167127
145.86424574161637,135.0089555846255,98.86185904296497,0.011054835048925585,1e-05,0.001738720711913548,0.004142883964937694,0.006801060824547702,0.03878594776816619,0.24687298604281316,0.018418858761890384,0.025078449114230936,0.015170846651380366,0.05197190603567812,0.027999107638357456,17.311567743157234,1,0.5503763983127987,0.6602908718129081,-5.974198248490278,0.17307019891979397,2.7065469705040486,0.15371352822850015
233.6942320515273,284.4103714557235,130.9727549840099,0.0136,7e-06,0.00624,0.002400674479050687,0.005547532078741855,0.02422517700273684,0.21682701236470006,0.009428756857266312,0.02498,0.02070068931162464,0.04604709724431725,0.009787256657935322,22.931730457694552,0,0.5383022167164357,0.683463040281053,-7.595451605964214,0.0910260587062549,2.2109683019366044,0.09815133120751718
88.333,102.145,65.476,0.01219482689791877,0.00026,0.007235907272398712,0.01797746786383648,0.005861270885269991,0.04693043345647466,0.3444064952445622,0.019315352168381976,0.03637177710122533,0.03452685978585153,0.06306750742600395,0.038892984535122306,17.932662497045396,1,0.6742019914146139,0.6733230185188818,-4.604358898606037,0.20679904679570546,2.203136558409371,0.23172019591692003
139.90432535675265,288.25866576217265,195.56043038599893,0.007057733126365581,7e-06,0.0033890490054531756,0.00106,0.00276,0.014972468280822462,0.11941532431702584,0.00468,0.00606,0.00963318665850093,0.01575706730326843,0.006512196874529732,24.624231262344757,0,0.5925070276013378,0.7069955661948386,-6.783608593195966,0.20891776281579932,1.6831108694211891,0.1358044676968855
110.739,225.03565874065916,91.99769135106101,0.00178,7e-06,0.00092,0.00106,0.0164248707792801,0.025669529813171478,0.15072036076578596,0.019808644020316915,0.016344743936636198,0.022946667816850137,0.021669228495478948,0.00282135671802272,26.92830127427352,0,0.6181447005472389,0.6965435481575752,-6.71059775627033,0.18676977259635058,1.8075126292128112,0.13823880945235892
115.9825538144913,154.23457618331997,89.6822419420421,0.005341209898604262,0.00026,0.005422057976375434,0.00092,0.00204,0.05241337350402541,0.4847198379363886,0.03478495039163622,0.04753110021879468,0.029547538851749332,0.06858188113208903,0.029391555425256285,21.999442466410297,1,0.4912395900617345,0.7605336508515359,-4.964004600775816,0.14080552088121928,2.529636189265552,0.2658966748710554
125.46912453912744,145.5991188082884,135.68300704486495,0.008072624750287999,1e-05,0.01616385346808206,0.002223757557224473,0.005796067556117722,0.01022,0.1930643437230222,0.00455,0.0057,0.013207440706207232,0.01364,0.019052876692634536,24.412847707484097,1,0.48688857562176735,0.821274228709584,-5.075671353079197,0.17113167649078354,2.009755420529278,0.2531079658368861
115.20306747466586,240.98234002879508,113.84909286969437,0.0136,8e-05,0.00624,0.00564,0.0094827358815991,0.025989189974952157,0.30183419411008205,0.018628311730325815,0.024324840441033214,0.02745,0.04571678361881378,0.03528881630804223,17.98488284288191,0,0.5877776465901671,0.6605734694442832,-5.198864,0.2147345412056409,2.269686621063512,0.23569102450042195
182.64770401344546,139.8361834854404,138.83022149095862,0.00168,1e-05,0.012442645161251889,0.00092,0.004180108749682819,0.03478142240619294,0.19437945550646474,0.006307625362330673,0.009025618933174762,0.011639667842463532,0.030507034388906982,0.00231,23.890497659875596,1,0.3297071737340192,0.7466774517226439,-6.301786952238559,0.2938739565163649,2.8236213758940822,0.1693493289729301
213.70598263670996,151.378472185575,221.42753790564808,0.00178,7e-06,0.00092,0.00106,0.006501189831965297,0.017077021521211395,0.13331760590073122,0.00468,0.00606,0.011295239249411473,0.03306072804862561,0.018096351237268198,28.467194022456958,0,0.3677581022533716,0.7222146247755604,-7.697320302795738,0.15582896749648534,1.423287,0.044539
128.3700020596541,141.71081643158772,103.45525127973318,0.00168,1e-05,0.00068,0.014989283668841339,0.00204,0.0128536067443073,0.23040903691622822,0.024104150000783926,0.0057,0.01824002683439608,0.042729001714884945,0.00231,25.910148401539377,1,0.4038350196906116,0.7703981859064724,-6.630127618017179,0.219990784845045,2.2982415991589766,0.14746644701749562
253.78802084941222,195.43107969102095,185.77194959240643,0.0136,8e-05,0.00092,0.00564,0.01873,0.02317895085616381,0.18146949254943598,0.0062376322746717,0.00606,0.0151158146450488,0.04031228305349499,0.01025816928534813,24.462696503864457,0,0.38259682169024595,0.7198180610206942,-6.511147128422612,0.20560192787415021,2.3670550183259333,0.1589714737623752
196.60647775486984,306.08074474352225,140.83279029082865,0.01331220780304337,0.00026,0.00068,0.006852091167881673,0.00204,0.030947030405520576,0.3286568292906743,0.010314766845607583,0.028719000086713384,0.02083716568982301,0.059155405430666025,0.00231,23.80443207186665,1,0.3937671436031277,0.7209627166896461,-5.940323427110013,0.28279518073297966,2.36871077133152,0.21127950115030442
180.1502036244385,193.03570151478763,91.1559508864622,0.002275158505324229,0.00026,0.00068,0.004545593162883343,0.011905524557005297,0.011795417485538615,0.09,0.00455,0.0057,0.014008718364520303,0.01364,0.00231,24.513533007388027,1,0.4817254870748528,0.6448278203124558,-6.752492734671041,0.2690051019170959,2.223580405896449,0.10306757569755987
173.69077779755767,155.28711793980526,118.2267156829515,0.00168,0.00026,0.016651485330464302,0.011323679485524712,0.019753867546636508,0.04486214022477031,0.41694576049211746,0.03733113732873005,0.03590157713853959,0.05077926312695995,0.06647713577567377,0.07408751002130817,18.07797538215499,1,0.6106059779339489,0.6861505913837653,-5.087025372830677,0.3586216120981691,2.7610784982322696,0.24442521452573537
110.739,191.42488604282613,74.287,0.00178,8e-05,0.00092,0.00564,0.00276,0.022770947922060098,0.2019427944331961,0.00468,0.00606,0.02745,0.024172018552500407,0.02616338338979556,25.553036082466644,0,0.5437916203037604,0.785714,-6.409264105077002,0.27313721415752745,2.1232876988902305,0.15899289649531873
171.40345834689293,300.99825074383347,135.38055360903897,0.00168,1e-05,0.00068,0.00092,0.012610281529395554,0.025821235689306107,0.23459231572112244,0.009597696881736239,0.009098411378377535,0.00811,0.04479724922566841,0.015262114144496327,21.672955102494946,1,0.47014838556169747,0.7105381037701459,-5.691683353803034,0.1702132281956506,2.489555827276796,0.20994467065281405
110.739,217.4329021991097,145.94862872484939,0.007615532516898635,8e-05,0.00624,0.00106,0.00276,0.020135161661097356,0.08501074907311637,0.00468,0.02284640189157261,0.008855077207559497,0.015211991158261471,0.00065,31.808596238818687,0,0.4190485855883802,0.7850568971767363,-6.876825730489116,0.17524735376545741,1.8841680554945528,0.09407420040480152
248.44031322397635,113.597,239.17,0.01079006580228026,8e-05,0.00624,0.00106,0.007041065970191839,0.00954,0.085,0.00468,0.00606,0.00719,0.01403,0.020790908108221727,29.53651391965525,0,0.35738943563726616,0.7092429934653032,-7.918364565209767,0.12179062975180296,1.912705475490129,0.05243773741138551
179.30060883943636,263.95860446103717,125.60971892969805,0.0041879310592873725,7e-06,0.00624,0.00564,0.004742242211600334,0.03755518872381386,0.2320520935051148,0.008789862713730459,0.010942799206957418,0.00719,0.024036121823735886,0.0019316736353660081,21.810899550513952,0,0.5064989586118559,0.640886255951536,-6.543577511272493,0.15533036536699651,2.476531558504409,0.1277723259596899
146.7458421094052,135.36079238827512,113.01380095480334,0.013673949414595574,1e-05,0.00925840832791724,0.01958,0.029897310993568557,0.030336313003318863,0.41340670387070577,0.011984233246876197,0.022031542204905247,0.054257390838065925,0.048379181424224225,0.08227519211367436,19.437392620219946,1,0.5878574511035579,0.6538848547025807,-5.425674334699101,0.2466638423854263,2.3923216535077354,0.23486559693180264
157.77806556666013,156.47910860176418,106.57398067290865,0.007361896543367635,1e-05,0.008392084908336506,0.00092,0.015780158779124663,0.03690259577473203,0.5539150950538259,0.024075236196817614,0.0170507416641697,0.03933813530330854,0.08660174297767381,0.089386679613241,15.769479416363351,1,0.5004084431421794,0.6770399924371922,-5.416234003969743,0.15231787551986395,2.60444332654706,0.24754648342163546
212.1333511734088,210.7040055521926,105.06400688982487,0.0025768719428590795,7e-06,0.00092,0.00564,0.005260205874509377,0.04087,0.3340589820815849,0.02336,0.01622519369363626,0.012147346283485985,0.062406986210102336,0.031242785368881747,23.515259681869072,0,0.3687603554920951,0.7550460181454637,-7.535681223298601,0.14107519660268955,2.5615169129881092,0.07960347081253938
159.116,168.913,144.811,0.00342,2e-05,0.00178,0.00184,0.00535,0.03381,0.307,0.01806,0.02024,0.02809,0.05417,0.00852,22.663,1,0.366329,0.693429,-6.41744,0.194627,2.473239,0.151709
184.00689908921117,193.88755057030053,127.10970301111533,0.004464387195483347,7e-06,0.00092,0.0022164906624668784,0.01873,0.026425832228521243,0.19719350811243358,0.00468,0.02498,0.00719,0.023319523310920815,0.027796638644937838,23.896257740158802,0,0.4270263907528526,0.7021894788734299,-6.801465929091858,0.17525696754906017,2.2272920249312635,0.12726572357399007
204.1147014491516,361.4961302182835,204.52127580295075,0.006916342242370205,7e-06,0.0021001365563405026,0.00564,0.00276,0.03227832465667853,0.14865112842445427,0.00468,0.00606,0.016285034093073823,0.01403,0.03778181387749689,27.676861078444333,0,0.32480462588875897,0.6706111622050754,-7.560725124928099,0.12892104941640659,2.1917785107778873,0.0640542195411004
199.228,209.512,192.091,0.00241,1e-05,0.00134,0.00138,0.00402,0.01015,0.089,0.00504,0.00641,0.00762,0.01513,0.00167,30.94,0,0.432439,0.742055,-7.682587,0.173319,2.103106,0.068501
225.10006594157466,167.04495108602586,219.7097544860679,0.009845361521355806,8e-05,0.002196549568009125,0.00564,0.006393211668404765,0.02221656249351099,0.18036117505554544,0.00468,0.024347384392668862,0.009669278227306096,0.049861977278291544,0.00065,25.33409746566675,0,0.38626362228868905,0.70560226401838,-7.016765970656477,0.12267003585560388,2.539393763571298,0.10028193211778016
174.98287098238634,315.34529750465197,134.93555825698735,0.005758556279222268,7e-06,0.001003214866827955,0.00106,0.013976519621626285,0.00954,0.08735841229614591,0.012481626474589964,0.00606,0.00719,0.015891327693587913,0.028985737992317337,24.19516139385755,0,0.5097893568484779,0.6777740581321574,-6.556969694710348,0.2574776651050138,2.2425805401369345,0.11193886051387691
168.39212493997192,252.27298345141102,76.34656688106153,0.007785315311767944,0.00026,0.00068,0.011439893167690049,0.01445396989382738,0.01022,0.22852649979156717,0.017256549850667918,0.011035966199703899,0.016747931962906342,0.050358390568486455,0.0381663968971834,27.682415353678437,1,0.3203459917069357,0.7219836435794555,-6.815073968849693,0.13607805619681176,2.004978969189136,0.13126240474982726
170.84275024965777,345.4540183977419,125.1772056820652,0.010437526722708838,1e-05,0.00068,0.0035180758806600126,0.00204,0.04498092679745719,0.32870780456588,0.02112503879370615,0.02317606034905571,0.014649280863962428,0.05099509974687859,0.040739394053116565,20.136585991395883,1,0.5416061315292925,0.6925704097759535,-5.4091731765587525,0.18872188532573445,2.498016953586296,0.25100751938918836
166.49578195207084,232.69736970993682,121.01471812870422,0.00168,1e-05,0.0008203741989466209,0.013881417985565287,0.009860041159672229,0.01022,0.11960965890364267,0.00455,0.01360685053484019,0.015344132847030215,0.01364,0.00231,24.89511689156055,1,0.3653786904749824,0.7443381751678109,-5.546334097750474,0.21383196912480099,2.372394857622709,0.21954222059061848
209.98152737811893,214.4281486527679,131.22564713795188,0.021368914237445545,1e-05,0.0029248583064531847,0.00092,0.009814380958094771,0.01022,0.09,0.00455,0.0057,0.00811,0.01364,0.01602789995966364,23.41672424580467,1,0.3511228631606984,0.6180164605128016,-6.067225265696294,0.28788857556059255,3.1682488924901766,0.15449837707849023
148.79,158.359,138.99,0.00309,2e-05,0.00152,0.00186,0.00456,0.01574,0.142,0.00839,0.00956,0.01309,0.02518,0.00488,24.412,1,0.402591,0.762508,-6.311987,0.182459,2.251553,0.160306
220.5695626519231,264.89724096836574,186.13410644470054,0.002122663349927164,8e-05,0.00092,0.00106,0.0047116524412810605,0.00954,0.20731238655088768,0.016942322323356636,0.013277943948540703,0.019116171130270886,0.039700323706082105,0.022147208132263826,21.91943859411542,0,0.5171716204324996,0.62671,-6.404165676573119,0.14418503251549084,1.9548442567209021,0.14795703078992672
173.898,211.35,74.677,0.00448,3e-05,0.00237,0.00254,0.0071,0.06727,0.65,0.03788,0.04254,0.04802,0.11363,0.04214,14.739,1,0.599371,0.743937,-5.783272,0.299793,3.007096,0.194052
241.00690595373229,189.80056338712564,186.342270962739,0.00178,8e-05,0.00624,0.00106,0.01873,0.016912205772746713,0.17623837325051706,0.013823442777389287,0.020405875966986342,0.01480711813992902,0.01403,0.03421729800884673,24.405277957144484,0,0.3583876639379445,0.724069924458063,-7.401961644046586,0.13329529654434039,2.138800503747247,0.09588113300517263
220.3777742594259,231.78188877873197,174.1245259033282,0.00178,7e-06,0.004523031794055434,0.00106,0.01873,0.013642703664501557,0.12622819897613438,0.0061968150892098,0.016583204754898346,0.011918329282992943,0.01403,0.015569612989611854,24.545005327363196,0,0.3262203800305371,0.6726623573800656,-6.540886638530156,0.054922309319749354,2.88245,0.13060134873537096
260.105,113.597,217.39639228272495,0.011960043099544758,8e-05,0.00092,0.0027978678817293097,0.016418293527410886,0.013293805249757661,0.18267044852993866,0.008406127094951159,0.00606,0.02745,0.040753948105672996,0.005590547753415271,21.025755668590833,0,0.4093302129673775,0.6645296319079967,-6.850719500343912,0.14686461811364498,2.613856540708465,0.12094705223320838
165.4459729447035,198.48861481802126,120.229963795826,0.0036574093234561828,1e-05,0.00068,0.00092,0.01745624228782344,0.04867175351555619,0.40143034551835466,0.027552855885639476,0.02981332929262523,0.02410216806074252,0.06785491074767001,0.051806817563882904,18.01956565369005,1,0.6176663625207682,0.7345919555718537,-4.882048679531053,0.29285302993200846,2.5529990820406256,0.28658985784646107
186.406611260526,204.40547537407173,179.39297369341122,0.010339813193096948,8e-05,0.0036859610300598996,0.00106,0.014567446030629417,0.00954,0.10842688923955696,0.00976028487929797,0.008094232098965187,0.00719,0.02018560348017615,0.018086376032463134,30.860736804196655,0,0.3239478384182598,0.7251331292084157,-7.644563609890451,0.14886978660326178,1.7389462517098377,0.07929341504363349
118.00058420859443,125.54239316491356,109.89056976946881,0.00168,1e-05,0.00068,0.00092,0.006726099979278351,0.01022,0.09,0.00455,0.0057,0.00811,0.01364,0.00231,26.977803663579287,1,0.5343128886681783,0.6659373156018626,-7.080293186768406,0.15384758359940479,1.765957,0.093193
176.5828530184729,204.05416038286518,132.71416983187842,0.00178,8e-05,0.00624,0.00564,0.011960065235155963,0.00954,0.09952030150495905,0.02336,0.015855918288182003,0.0075840411769883785,0.019327187092704458,0.0355914132849387,24.640140749880718,0,0.5086062466699358,0.643771777576409,-6.214937212032817,0.1524111993717891,2.1441915179960187,0.17064694434115157
209.6969824162158,265.4368304160343,152.4942389349062,0.011396571699503175,0.00026,0.006587596604290591,0.015794510300289513,0.026092829056963206,0.05243704192111771,0.5414706098618206,0.010521939561898808,0.01769719288243957,0.03017323063185379,0.07391740309991225,0.09400307983033322,15.875782114553576,1,0.468375880686031,0.698922305498944,-5.779051758947297,0.22687056242458992,2.9106484715165104,0.16610131129333863
114.76772261801867,113.597,74.287,0.0136,8e-05,0.001143426472145227,0.00106,0.00276,0.012077150403797199,0.22126635435852132,0.02336,0.022202219375154396,0.007976228616862709,0.03779737526270882,0.014050851908183237,21.325365008217545,0,0.453845309744565,0.7213993949700112,-6.139544496640319,0.21438631846060235,2.4469238321407496,0.17231814409615237
181.55473923788458,114.36807751772407,83.69519451360026,0.002335068916609253,0.00026,0.0009725014288073995,0.00092,0.010267484694126286,0.048940195366670936,0.32747934177201427,0.007892024636791676,0.027747943421155222,0.046431109448614206,0.06638176081576,0.054899039849162,16.632574938237113,1,0.5464499762326444,0.6050794832819513,-5.428209826422314,0.2837160263794964,2.55223871865977,0.23365574984926255
141.31953697826788,102.145,65.476,0.00806784025294962,1e-05,0.00068,0.00092,0.017630230429790485,0.03380663321919073,0.4227309074978628,0.03952806328656984,0.02991944220726267,0.021677062323222595,0.06658865860253196,0.00231,22.840636515771884,1,0.43359247157656355,0.7083900790756933,-5.914113193376949,0.11357698786456902,2.4272984812926452,0.21229202791905405
221.59726468068612,234.520246245718,185.78261974098172,0.013184991109606971,8e-05,0.00092,0.00564,0.009998153488418687,0.02627944456290822,0.18421302513645021,0.00468,0.008522299307245447,0.014998096104186922,0.02805426160832037,0.016179855071997155,23.127951494653743,0,0.3622269050923232,0.670234868137392,-6.8741883215496715,0.08963258314774972,2.3275378084111122,0.1394737718360351
250.09798193956163,423.3772326239464,177.98331759766666,0.0136,7e-06,0.00092,0.00564,0.0071893071266158105,0.02091918570943061,0.20687064767024138,0.006418794421898568,0.01932217398307355,0.012300896121872462,0.03719511778208688,0.02747608902057256,23.37385703225104,0,0.42595730617061284,0.6373796797826368,-7.964984,0.11361102971663405,2.5091321219000733,0.044539
88.333,112.24,84.072,0.00505,6e-05,0.00254,0.0033,0.00763,0.02143,0.197,0.01079,0.01342,0.01892,0.03237,0.01166,21.118,1,0.611137,0.776156,-5.24977,0.391002,2.407313,0.24974
184.60330438909958,345.7755434639158,159.98689171463002,0.0136,8e-05,0.00624,0.00564,0.00276,0.014966719965341935,0.1737116741673536,0.01445499366114155,0.00606,0.008591159581571476,0.030129176276095584,0.026349256249349903,19.492761852642374,0,0.4194376032876426,0.6404767633306352,-6.041513120012322,0.057273269292991424,2.547440645338549,0.14617163538685513
88.333,102.145,99.67169600202085,0.00168,0.00026,0.00068,0.00092,0.00204,0.01022,0.09,0.008405483905323904,0.010032758931786522,0.00811,0.01364,0.00231,23.858354332293125,1,0.685151,0.7798981868395867,-4.763664755133076,0.30754984000283403,2.1664851265851715,0.21070278864274933
174.73599631774033,189.4539792487538,131.0806637398069,0.015211399069815251,0.00026,0.00068,0.00092,0.009996003994859342,0.06665580955384495,0.46489827193940175,0.03276881635905519,0.025202589888416033,0.05890929077282653,0.0718441809484984,0.09904160131040476,17.76199694153397,1,0.6074793005871921,0.574282,-5.40885826470504,0.24981744832984418,3.0852920668178068,0.19759553102237437
114.847,271.314,104.68,0.00867,8e-05,0.00373,0.0052,0.0112,0.03225,0.35,0.01805,0.01974,0.02519,0.05414,0.01143,21.66,1,0.547975,0.817396,-4.609161,0.221711,1.831691,0.316395
237.57923059470278,260.452587201,185.76879247180844,0.002121686604724179,8e-05,0.006017751330593019,0.00106,0.006173623391992705,0.00954,0.17387046503360035,0.006806414525586026,0.00606,0.00719,0.03623711523829844,0.021276863477870486,24.473823275614237,0,0.5736523292762106,0.6507716857393606,-7.5625427805991094,0.18643377601441977,2.3320397908892203,0.06965529210510099
161.4799476943749,113.597,239.17,0.00178,7e-06,0.00624,0.00106,0.00276,0.00954,0.085,0.008778624646925026,0.00606,0.022878813291156673,0.020810513237033677,0.00065,29.880313364994016,0,0.4525495756236152,0.7784505155959087,-6.466998843934477,0.1949841916273064,1.423287,0.16489752381372738
137.1042753493845,102.145,125.63922156804495,0.01984773125250144,0.00026,0.01818197686994633,0.009900495168152989,0.024942776925428737,0.07144743461326397,0.8031358179379957,0.029313669206006254,0.06162405650789196,0.06067774028679902,0.12207589258091794,0.11609585321969841,14.364983600997563,1,0.5261560214823406,0.8028228568367615,-4.293708067809389,0.26706581199523893,2.4562897317828676,0.31593546427268643
176.13547302404987,168.33087855010365,135.19367376915775,0.00953401692964357,7e-06,0.00092,0.00106,0.006136981055338087,0.02492815187922899,0.18417715443575372,0.01181433105540685,0.015337282921461482,0.014214624731332736,0.027596832998561176,0.015975898685804485,22.892689296655224,0,0.4765710046403141,0.704647628178916,-6.832482714337459,0.19439810953964948,2.033030922298481,0.0910088355009516
217.16660605562743,134.69854383768057,172.19884252101974,0.00178,7e-06,0.00092,0.00106,0.002877204171043678,0.028206578056377857,0.23610763676661894,0.020668541936837807,0.008095087352462253,0.011749723684159602,0.03190701734353864,0.01830246928895958,18.84608921295536,0,0.5230369466317655,0.62671,-6.035082856618062,0.1860887421276021,2.145580867962746,0.17208762722260354
260.105,445.4458899938369,175.4589828387739,0.00178,8e-05,0.00624,0.0016115743325961162,0.010765270872797404,0.03257825079660998,0.18646862825324026,0.02336,0.02069949350097039,0.022853928197581447,0.029359620479259586,0.0241562482327404,21.700354159229402,0,0.2596095249947168,0.62671,-7.8573637997366,0.006274,2.5676976657152384,0.044539
168.28931059778165,216.74740016457378,194.94801263110756,0.005597654168452339,7e-06,0.00092,0.00564,0.005158559091832267,0.00954,0.085,0.005600427735486015,0.011385956712554431,0.013051488040030456,0.01403,0.00065,27.16021210818007,0,0.5052385984166261,0.7079958587737508,-6.4444729461896095,0.19558870586159188,1.5762386475684278,0.13920076804877468
110.739,296.9553454050973,74.287,0.00883166388889284,7e-06,0.00624,0.00106,0.011238301274542438,0.025700275183246444,0.2044067332280644,0.019235003179843467,0.008330000016424149,0.018004978649462135,0.04006852429810406,0.00065,20.420583240746872,0,0.44736723257080535,0.6870574846357693,-5.875459126334799,0.14114230846927817,2.3361970076001435,0.19528137965673115
161.44914121756835,177.94957644160144,85.92494142632626,0.029886124353067502,0.00026,0.015224270054018866,0.003492095728804942,0.009689543127682086,0.01022,0.19624344709705493,0.02974502909212516,0.022550783880891528,0.021913417878583797,0.05154909458073523,0.030030991471877357,21.715619130092342,1,0.5141683115265357,0.7485989885075833,-5.812391608187675,0.21493298580761122,2.3410420735298243,0.17131442371381891
170.34592007010235,113.597,154.5470902880831,0.00178,7e-06,0.00624,0.0016622681091021136,0.00276,0.03280836648068654,0.15767705110643584,0.008307258187937412,0.02498,0.010017922681923808,0.02889961930017763,0.00065,24.585707975454948,0,0.48801949158170194,0.6592684523133058,-6.489639179294422,0.10793685853514934,1.7617631527926683,0.1588255970540439
218.62590542272727,113.597,186.36546132286716,0.00178,8e-05,0.00516794806666859,0.00564,0.00276,0.022149562661334662,0.085,0.00468,0.013634242653747937,0.00719,0.021512966215592316,0.00065,29.888412945902594,0,0.4119084794206278,0.7129808074012167,-7.380393151524649,0.1885004932698735,1.8180135143044305,0.07261364893336825
145.2108956952482,226.47398040793396,100.79596027893473,0.0136,8e-05,0.00092,0.001485561483209883,0.009460625742799697,0.02101041778513963,0.18293375669808404,0.009054874148287234,0.00606,0.012641377207720076,0.0472503081401967,0.024136301371940554,23.462724158468653,0,0.4952556058526414,0.7417495156332019,-6.4198434959898885,0.22995080385764993,2.3562553407611406,0.11804296321530347
163.965263815809,206.3388841589899,131.58645124079456,0.009193271737558736,8e-05,0.00624,0.00564,0.01059419982940233,0.011209338360535923,0.1303664472414927,0.00468,0.00606,0.007200100987454939,0.0337106229424431,0.010818975679847726,24.622805158692252,0,0.553986633870073,0.699290864447387,-6.5210164232498995,0.1778655016899814,2.3819588835153986,0.13305855698430977
154.9643735088696,214.5081293539444,139.5816440300216,0.0136,7e-06,0.00092,0.00106,0.015038617176720451,0.021317428756763093,0.15747381417994089,0.009265071848260616,0.009338236834722574,0.00719,0.01403,0.025039847407913818,23.380406248193317,0,0.4928811024763006,0.7190567214766036,-7.089754424354654,0.2374284489311521,2.318378907214785,0.0993426182808464
189.36651257480085,326.6506497145974,122.59330304325528,0.004806442107832672,8e-05,0.00624,0.00106,0.012878869365175325,0.00954,0.14478674048929052,0.01641964143203997,0.00606,0.009313160376074586,0.014633651340095416,0.017518707545707772,24.50334736568421,0,0.4709466357350989,0.7210156384934613,-6.53811770385561,0.152660343365504,2.1337064495878932,0.1377504812015469
171.73502461543535,257.16920543048866,100.37545811993374,0.00168,0.00026,0.0034619516425776547,0.00092,0.01773937100419993,0.020266635317126545,0.09849046582516993,0.00455,0.0057,0.00811,0.04174952751022605,0.017493023274835297,19.749416595186688,1,0.5452863410668594,0.6601655737576277,-6.082413631096322,0.21811319834587548,2.661446818388245,0.093193
122.70832333214,153.2036773720901,112.25793288642794,0.00178,8e-05,0.00624,0.0033520493258296616,0.009579699734412844,0.012262167765943962,0.20700327163677643,0.02336,0.00606,0.017222458321757558,0.01403,0.012963200518298154,22.999679132042626,0,0.4108702565710234,0.7057333198968111,-5.940711767661269,0.09981506953849442,2.3788979398789474,0.17726587107745406
194.4642533298045,120.78159878999894,102.46366704481142,0.010011567056863227,7e-06,0.00624,0.00106,0.00276,0.010006541063352182,0.1644635333138364,0.006745445498090362,0.00606,0.00719,0.037475456226810325,0.00065,25.387552964769636,0,0.37032724643420467,0.7253304328371444,-6.933816519043185,0.10516156392664117,2.224436474284664,0.12676134608544312
214.2757832754858,178.36358913571758,135.17653264313563,0.00168,0.00026,0.00068,0.016571686230018198,0.008105984777958812,0.042165718112419384,0.31687904624492264,0.007204040355473085,0.014375339617852034,0.040456710319753834,0.03958075800677263,0.03768623907602745,18.052591428386528,1,0.5128797741728695,0.6621659199469233,-5.099528752451086,0.35821067018151764,3.0224352077343677,0.2517332257746023
152.359981588131,102.145,137.1186359754552,0.00168,1e-05,0.00068,0.00131337715232106,0.008363247014560747,0.029099668558319136,0.4644391703874651,0.012551537798644787,0.026308965639600876,0.019393236670106298,0.08982896249701858,0.09144249958328762,19.17254141743223,1,0.4915005152908582,0.6601660061196806,-4.6271347525923145,0.19303400142626248,2.6076003681207656,0.28021438902125817
128.39400020463412,206.93550867196572,122.89864464827824,0.018517249043758077,0.00026,0.02144,0.00092,0.044799710462174784,0.01022,0.42561615150040055,0.04598653737535215,0.029711224154177655,0.019532504641538294,0.06357912452503843,0.08814446362310314,14.886740764612941,1,0.5608497774930179,0.819446516033215,-5.31153248547432,0.10363777994871809,2.2905512887095956,0.2681669899727088
126.43684556222738,273.2078160556117,74.287,0.00178,8e-05,0.00092,0.00564,0.007303525176837387,0.011542779917696876,0.1622853625092558,0.00468,0.00606,0.00719,0.025353197114362704,0.015046375157459265,25.290595037409293,0,0.49212207792808355,0.7491899375942235,-5.760756169040602,0.25919710503486015,2.133211372202367,0.1942657800982123
139.9055140947408,169.50046907278914,91.86782351529062,0.00168,1e-05,0.016230006502392695,0.008422710598435246,0.0177229064460649,0.03854380510798452,0.3720715630530504,0.03798881309494157,0.023831766978877462,0.00811,0.07648323857541325,0.050422940091092674,23.400585788107243,1,0.436121494974198,0.6383708181441667,-6.535038507237412,0.2168599029807759,2.197843267219909,0.15056315425939848
245.331823699763,381.020424452759,182.67967910713824,0.008236189225959673,8e-05,0.00523372433385885,0.00106,0.007803658284219592,0.02249260201959836,0.30477146132360344,0.00468,0.00606,0.00719,0.06916769590331723,0.02729498940649249,18.555923721899248,0,0.5184134362067373,0.62671,-6.6948037775032,0.12736363477671742,2.6189417395264125,0.11156617986799358
212.45098503439021,300.7840680603621,160.51536346368266,0.00511638248034818,8e-05,0.00092,0.00106,0.01873,0.030834651390859794,0.18241090039289853,0.011421220919853257,0.01600657495212348,0.018073261482218057,0.043000477606036556,0.00065,25.89454563152389,0,0.3065163305983589,0.6731108048123421,-7.052359030088787,0.008844258549511902,2.4416361615633098,0.09883615505254242
180.9304517885338,236.30061539750065,85.79306852912758,0.0136,8e-05,0.00092,0.00564,0.01873,0.02382384704421292,0.22176425187501772,0.00468,0.018820575553326942,0.008190492695583288,0.04786314119131673,0.03916030429305493,22.41670927160279,0,0.48590555163865234,0.6854905950101452,-6.620861973418542,0.22703108516467363,2.29471049213292,0.12315993983362325
110.739,177.6810355995093,96.92723987417992,0.00178,8e-05,0.00624,0.002373631520642378,0.0065085212301237766,0.028517140371879073,0.12275729173899047,0.00468,0.008589144670965755,0.01602375884253782,0.03842284205534806,0.00065,28.362968705426145,0,0.42471578775305435,0.7793365602526279,-6.2119016774925,0.20403141966279956,1.7977225639398757,0.16700471895303098
110.3223929163608,102.145,107.5539128946195,0.014252995841456492,6.161862714634067e-05,0.015473067822557078,0.014501155076708546,0.0210996082490879,0.018698526880529247,0.12869969252761385,0.00455,0.014209031268055082,0.017457354027411796,0.01364,0.018372456711019274,20.111481370516966,1,0.685151,0.6492615319435618,-5.097014482238684,0.25781693050672355,2.6587149048498744,0.1958207261903413
169.4885818658491,166.0624071828872,145.79092404233506,0.0030321414704099874,0.00026,0.00068,0.007811982589382139,0.025022705417312406,0.027071157674520865,0.33979715205765965,0.007032173980157097,0.027603298674163147,0.029238188209332584,0.01364,0.037415456666439736,19.8481507712603,1,0.5373238748109586,0.7220277964311533,-5.832910874760723,0.2145315584812357,2.561862786052282,0.1549417126360455
128.5122234573608,113.597,74.287,0.0029783989339449484,8e-05,0.0053167847569068555,0.00106,0.00276,0.01647056116212871,0.17645556419904823,0.00468,0.00606,0.015458796318652539,0.03595517343566337,0.017408958499082118,23.097946320526155,0,0.415139211030367,0.7398461170063801,-5.947767669175139,0.1514082129129754,1.9104579205590804,0.17939798621790817
98.804,102.305,87.804,0.00432,4e-05,0.00247,0.00258,0.00742,0.02223,0.202,0.01277,0.01343,0.01552,0.03831,0.00882,22.244,1,0.576644,0.772416,-6.025367,0.078202,2.053601,0.177275
93.60817216921149,173.15373302478906,84.61512429183531,0.008663761653659017,0.00026,0.00068,0.0048645792043657465,0.00204,0.0261492601601009,0.11354110380014176,0.014324375608822512,0.009462182504863961,0.011532882856773126,0.01364,0.00231,26.287667834052744,1,0.4926066413920102,0.7765911702036362,-5.720759608062709,0.2620230687275567,2.2009564069814855,0.21330002056439637
132.5225728675219,160.79967338901352,134.58469594815028,0.006026069797710047,1e-05,0.02144,0.0103724511740682,0.040274478571673364,0.03964291751125163,0.4132641414292693,0.009142195983491728,0.03792616703984271,0.0364454285395881,0.06072931739344873,0.09032001726054148,22.238898067589236,1,0.5270593388887407,0.742348874845787,-3.982819465873505,0.3390732851977614,2.680047542838804,0.3351065597062931
136.91628777299593,220.8268157609694,125.6993175166202,0.00168,0.00026,0.004951830573735383,0.01958,0.00204,0.030187805538189397,0.3098469065853982,0.01432374151176407,0.02383872299251611,0.011635921891094764,0.05224760321294163,0.012883561326685253,20.183402569339616,1,0.5809355079273406,0.8016539106906524,-5.532668734331352,0.24349583028162042,2.455127231529606,0.25844220750808666
120.078,126.632,105.667,0.0027,2e-05,0.00116,0.00135,0.00349,0.01022,0.09,0.00476,0.00588,0.00903,0.01428,0.00487,26.369,1,0.491345,0.718839,-5.892061,0.195976,2.108873,0.183572
202.38974027872513,246.25976592059993,183.8063696127399,0.00178,8e-05,0.00624,0.0020563626567462944,0.00276,0.00954,0.1087460550454422,0.00468,0.00606,0.00719,0.01710522605176975,0.0025365330107224547,26.74821665919312,0,0.2941341825643006,0.7204402853761487,-6.636049818814039,0.15946791953827347,2.572669079313882,0.10384455648422983
200.80110549534575,278.89145770045525,157.23263751088422,0.01728798080067872,0.00026,0.00068,0.008770694382904865,0.013244606619264462,0.047299903036002684,0.47544642067430304,0.04381690409202457,0.032701302369189854,0.030087692845919327,0.0752074607347505,0.04441441583364916,19.269611548849532,1,0.398429427292164,0.734798143245619,-4.605501438568491,0.2781112933990678,3.028709982390937,0.32387339241916074
235.6933429680737,282.78761314465635,179.8462148545117,0.00178,7e-06,0.00092,0.00106,0.00276,0.01603676022506628,0.22625096821039453,0.005009082065431323,0.02498,0.009643024517733186,0.023779699062415786,0.006620512809365968,25.716351271052986,0,0.4123502271073058,0.6694567736230784,-7.370240399300343,0.08159558362518722,2.3048949785582176,0.08772131102405908
107.11600831312296,102.145,97.71142446166965,0.002899107965030446,1e-05,0.004621338957159831,0.012532146420513477,0.01869433716799903,0.04468815902365563,0.5501877319422008,0.0248499805417621,0.01547700149028829,0.03674228830672442,0.08313987050660529,0.04944363026089882,13.531448212062358,1,0.6835116542799083,0.7801071366501776,-3.7312755403522466,0.30669662809418957,2.3322900402982865,0.4040242551101676
210.35846098273663,155.6638398711057,182.6990926404184,0.010535658819758332,7e-06,0.00092,0.00564,0.008454116214248845,0.01291416491337482,0.17936754011208575,0.00468,0.00606,0.00719,0.02828135534270325,0.02831127422568156,24.28017181036049,0,0.3839222349326255,0.6713067722714814,-7.074576621424607,0.16514918220472685,2.1597365269906703,0.10941664170490795
88.333,102.145,108.10633047758262,0.0074718273795448134,1e-05,0.00068,0.004374310200407256,0.008322847145131883,0.01430955065762295,0.11594707268827581,0.005423674892604993,0.006696790475669297,0.00811,0.01364,0.012785228063365732,20.25314342509116,1,0.6535994117114662,0.7496767939630381,-5.907161608164325,0.11719520842544173,1.765957,0.2061419416841708
110.739,189.12125760661175,86.64126910046642,0.009625916028830707,8e-05,0.00092,0.00106,0.0034896757958450537,0.018193796395898836,0.16775007299665365,0.008406984743483913,0.00606,0.00719,0.03093795559147629,0.008717498903165135,22.25966957177047,0,0.5011587723947312,0.7622663462944336,-5.928749517763941,0.2526556721303421,2.2196731854728964,0.18220360658660445
190.10190332045713,296.9891146771163,155.7342453346224,0.0136,8e-05,0.00624,0.004579030757816434,0.01718341271347003,0.01563489269243937,0.15951022711977578,0.006806130694136006,0.008680688566902406,0.017438113235331773,0.014194839330392327,0.014320273114066293,24.891064947467452,0,0.43291618623339195,0.652455996059577,-7.198831679176323,0.07206153297237004,2.4140276464554504,0.1062478025377711
122.28840976578495,185.85356581519378,113.97263084399427,0.01506832034935373,1e-05,0.0064678479748931685,0.008005184227452137,0.01940887492464973,0.05559794483069903,0.3566914632658787,0.00455,0.03469470091339452,0.03222456380132527,0.07044431119297809,0.0625808065016283,21.66167055108063,1,0.5326019626748736,0.7460282540545814,-5.378278017306672,0.10757917950593923,1.9913613782907678,0.18068067200216534
118.52248437712325,106.19790553339148,113.23625791448187,0.020488301375936796,0.00026,0.00068,0.01958,0.00204,0.025227908946093343,0.17291888881735698,0.024068258432422295,0.01315026656910726,0.00811,0.03793665097217604,0.00231,23.9707067692181,1,0.4377206246395332,0.7978827214119057,-6.000910439183629,0.329420244973365,2.2340122674720515,0.21404304131384647
112.876,148.826,106.981,0.005,4e-05,0.0027,0.00289,0.0081,0.03999,0.35,0.02413,0.02231,0.02704,0.07238,0.00905,23.37,1,0.489538,0.789977,-5.775966,0.341169,2.007923,0.193918
137.52348014732672,229.8431148318424,123.73070597455165,0.002812973068984527,7e-06,0.00624,0.00106,0.0031958813184895982,0.016827185128713187,0.11567035691370245,0.015605995990582301,0.01343654005106053,0.00719,0.023203141538310604,0.00065,24.022466419238885,0,0.5330456189917872,0.734442537226079,-6.631600879737421,0.2650269379977146,1.937597675083131,0.11508297113716362
112.239,126.609,104.095,0.00472,4e-05,0.00238,0.0029,0.00715,0.05643,0.517,0.0307,0.0353,0.04451,0.09211,0.02629,17.366,1,0.640945,0.701404,-5.634576,0.306014,2.419253,0.209191
88.333,102.145,65.476,0.014076665685147004,0.00026,0.00068,0.0012257505120708613,0.015277960711747047,0.04213587410269093,0.29674075854505066,0.00455,0.03898937904088408,0.020638024258798918,0.06547019687968232,0.00231,17.970838117976665,1,0.685151,0.7039691659569387,-5.52190545898687,0.27535980380504255,2.2026636942946807,0.2107831113931636
225.11313972698468,313.97547945886186,239.17,0.00654853543709728,8e-05,0.00092,0.00564,0.00276,0.011559516770234318,0.085,0.00468,0.00606,0.016786196026143497,0.01403,0.00065,33.047,0,0.5087512886026406,0.6880830659504621,-7.964984,0.1902057803219003,1.659751576394165,0.044539
156.9583627094882,201.4673267145966,158.6431822751877,0.00178,7e-06,0.00092,0.00564,0.00276,0.019723798718836474,0.085,0.00468,0.011228534487469579,0.00719,0.018990200452049452,0.00065,29.55142687826832,0,0.4903644210579116,0.6955314129940522,-6.783617844436784,0.17244648534878335,1.7426614180253823,0.0975091121325602
228.832,234.619,223.634,0.00296,1e-05,0.00175,0.00155,0.00526,0.01644,0.145,0.00882,0.01075,0.01179,0.02647,0.00351,25.964,0,0.25657,0.683296,-7.24562,0.018689,2.498224,0.093534
208.083,253.792,91.802,0.00757,4e-05,0.00428,0.00428,0.01285,0.06725,0.571,0.04016,0.04003,0.04464,0.12047,0.04238,15.648,1,0.606344,0.665945,-5.410336,0.288917,2.665133,0.231723
209.3196447354592,293.95375524692884,74.287,0.00178,7e-06,0.00092,0.00564,0.01873,0.02475985910250898,0.23981204287254998,0.021405667809645434,0.015822560202242306,0.02745,0.05733246126104086,0.04461797164221631,17.883,0,0.4736334782541588,0.6371704762872297,-6.346725597752749,0.14714799461309522,2.706636652502713,0.13601675032322064
88.333,102.145,67.44015516864886,0.010438494737701639,0.00026,0.006087338313597149,0.00092,0.00829656607975363,0.08465242440387981,0.7822249470642036,0.03784163190004026,0.04588009449655764,0.05626570338687663,0.10246058747638825,0.07817209483528288,13.094127394040807,1,0.6444335941214535,0.7739545984763415,-4.309074598917498,0.12597073239151887,2.2268571211437855,0.27410747988160983
178.1481806384515,234.64491665285664,104.1217594740694,0.005343052862966897,0.00026,0.00068,0.01958,0.00204,0.032803628951503974,0.22842557828904222,0.05109552154544944,0.022556602542717036,0.00811,0.030161296494201875,0.047102114152129636,19.341211335442786,1,0.4907683189000672,0.6867811629810937,-6.083170126899735,0.24265042835561115,2.955281240628951,0.1402318950595677
116.15,131.731,109.815,0.00381,3e-05,0.00181,0.00232,0.00542,0.03026,0.267,0.01514,0.01812,0.0277,0.04543,0.01827,18.801,1,0.624811,0.696049,-5.866357,0.23307,2.445646,0.184985
203.57120682353963,320.22736592774123,195.3247757799162,0.0136,8e-05,0.00624,0.00106,0.0035838184849360157,0.0264265391148105,0.22814744596576902,0.02336,0.017631338189644775,0.00719,0.05003010027634193,0.01882866836427792,24.03471557307855,0,0.4140217756499316,0.6849207401946629,-7.964984,0.1974841804452606,1.5336492197025868,0.04685427916656845
229.4137986421486,186.36569852876187,229.63370498716245,0.00178,8e-05,0.00092,0.00106,0.00276,0.00954,0.085,0.00468,0.0063674369660633645,0.00719,0.01403,0.00065,26.466687714740043,0,0.5242308861708946,0.6522543351297636,-6.942327692493164,0.194702036328598,2.0302243826346915,0.07357363528868853
131.01747983743513,308.69601502607986,75.34173158226321,0.005498746182257676,0.00026,0.0013317861678277393,0.00092,0.011657065800081932,0.03430865721798673,0.09,0.008607707109349544,0.0057,0.00811,0.024789972996906336,0.026476739760502854,28.256595771109136,1,0.46152401113479136,0.6477749643410856,-5.882164250289687,0.06607646499063627,1.769404380753225,0.13889303763419497
163.0203535972072,102.145,78.43516001116876,0.016979071411737705,0.00026,0.018265623251803247,0.00092,0.02060258768145691,0.08187459190056331,0.700463316814934,0.0098878721720368,0.05251782609599956,0.066227066612051,0.09943479200206982,0.04239719759421076,13.738015992310775,1,0.6466942907199157,0.744425657351174,-4.170494819753925,0.301567167047124,2.8558173487714464,0.3138178390271383
215.58730395234392,396.2656767213337,124.91155246557905,0.00168,1e-05,0.003549507467079673,0.006029255645205242,0.00204,0.020153639377453035,0.263763721572115,0.010100475760572407,0.009973138185016689,0.025752475269022662,0.04878656167703908,0.006635589374848948,18.5648315850066,1,0.5180737876318547,0.7060437354476972,-5.312315144272895,0.29993099527902184,3.048428708993553,0.27083172469930894
183.67412509495585,183.53944808908932,110.02495204542511,0.007209567338938154,7e-06,0.00092,0.00106,0.004396704239666519,0.031829083566028725,0.21786949857874305,0.007784492880109801,0.02498,0.01024485061663148,0.037586942464956856,0.028384551796608794,22.99999623870855,0,0.5564589763350399,0.6764238340816786,-6.935118518776793,0.15198981714420562,2.6280798195686152,0.14350112186236452
171.39511514553186,216.98982058748854,114.62940693087508,0.00168,0.00026,0.00068,0.00092,0.00204,0.011887459546992832,0.09,0.0151410482459543,0.0057,0.009911796818483788,0.015498661781686435,0.00231,26.331306190756056,1,0.4223968118730753,0.7056145723213596,-6.286809637284106,0.24864711005311152,2.425941493388666,0.11251646829450992
223.361,434.8112434226815,154.50521532434394,0.011027960000945802,0.00026,0.0017957851412129895,0.008332935471323914,0.018156524123941677,0.06507101420209724,0.7143301888435538,0.01834080558467491,0.043980744651564915,0.06139620405704549,0.1021053494120544,0.0785120543863185,17.593613698787255,1,0.4463476138110797,0.6298436575526389,-5.373703833413922,0.351681349106176,2.8187480574325887,0.2653630084851703
110.739,297.9037251265656,74.287,0.002366982047034442,7e-06,0.00092,0.00106,0.00276,0.017389544210851156,0.1373445612981386,0.00468,0.012430501723474182,0.01751062639653595,0.01403,0.002368662885770102,21.658399886769974,0,0.6485640459171602,0.6845871160279676,-5.198864,0.2256412341516896,2.0412788000990814,0.21818547667080404
94.62083260657573,180.3923575992963,65.476,0.00168,0.00026,0.004571268574103742,0.001821917582741263,0.017521747514509706,0.021750360194602594,0.13748514514651033,0.01711313587493059,0.016352240531315135,0.0194270049499735,0.01364,0.05452903734187061,23.25018919965507,1,0.6399275674368701,0.624089775796725,-5.27667537898519,0.2037568557789821,2.3887403566369687,0.254065970481653
155.8918108133335,261.9091037874357,164.84160535141348,0.009796007990790018,8e-05,0.00624,0.00106,0.006404393904309754,0.012179403233642052,0.085,0.014529506412487864,0.00606,0.013850707285406294,0.01985941981257875,0.00065,25.04441352127425,0,0.663842,0.62671,-5.960988689329309,0.20924643029903373,2.002513086917323,0.18839590201423945
131.29815247018522,113.597,196.1912416591567,0.00178,8e-05,0.003795109957295916,0.0012950895477153348,0.003924818484187514,0.00954,0.085,0.00468,0.00606,0.00719,0.02545232690810155,0.00065,33.047,0,0.36286755277745936,0.785714,-6.64752706893461,0.2170063125811101,1.675610405455001,0.1387773324602254
151.14348620331066,241.0570835068514,125.18621064063537,0.029512507759344837,0.00026,0.00068,0.0012746139627864885,0.011638148111081876,0.03219410420041014,0.43308308296225767,0.03215376478220547,0.02309246317722868,0.04646398647133687,0.07127697452327253,0.041782326476978805,22.769785970996466,1,0.42209862712761703,0.7333009794287951,-4.660306612026831,0.2916595501186042,2.49213443137676,0.339639959603739
116.73695446822153,133.5558494884552,132.1830159058204,0.00168,1e-05,0.00068,0.01635768099998577,0.00204,0.042251534128134205,0.42963457632361357,0.028580157881762734,0.04064859197095693,0.06134738720807509,0.07608193196184082,0.00798549300809797,19.557845583540693,1,0.5064077568834918,0.796869233588011,-5.60133347473212,0.3136194443684841,2.3867280056631097,0.24384113251862202
189.8913415555598,132.6349222170405,177.64686948818607,0.011970437832369315,7e-06,0.00092,0.00564,0.014970628388587346,0.032565964870456446,0.1727262205724945,0.017044054293052238,0.00606,0.008963816705167837,0.03606678381735547,0.014753736075590485,28.3786637053278,0,0.25657,0.7761605183814831,-6.779522221293892,0.14452535406204,2.2953324924850973,0.14739271876204257
182.58756488058995,301.65197964553806,130.75228076132214,0.014843038064132605,1e-05,0.02144,0.00092,0.02252377982566075,0.05260765318618364,0.5979603944283647,0.03970130419673992,0.024563377262182152,0.0517739399084485,0.08482074942579958,0.08893538215211637,13.679248952938227,1,0.685151,0.6571001975377315,-4.740916955647253,0.2629613009314589,3.1402610156386688,0.2714328467810863
151.16858232693363,140.96801372902144,104.77734961730357,0.006899812713776949,0.00026,0.010632180538965747,0.016583762708803882,0.04009731044465362,0.05059281244349034,0.5500669762307708,0.01835711865083899,0.022094598489078292,0.05203777853837774,0.06957356314158511,0.047797189801631376,20.39962349936347,1,0.39974649576455823,0.7975176086226443,-5.386887102905347,0.1939772501574902,2.7467368958096423,0.28515843481236586
157.33292156775588,140.67492277437094,129.23140657514548,0.00178,8e-05,0.00092,0.00106,0.01442739090618764,0.01406611077041476,0.2225954766629723,0.018002109620982188,0.021717793459743246,0.023889326389751872,0.03702980183395521,0.010301960650460545,23.579847526320535,0,0.5107641570018954,0.7311261176187185,-6.814405505777858,0.16769219726423817,2.2694270368380836,0.13617136516038217
126.87315592854648,102.145,110.12560853583238,0.00168,1e-05,0.00068,0.00092,0.00204,0.02864276741718626,0.20976671320848023,0.014285549498718273,0.03066371845899407,0.00829078763808053,0.03349835240484676,0.00231,22.589620855932765,1,0.6042965234838036,0.7126804347377925,-5.371609359582844,0.266868670438036,2.357015780906154,0.19637911306894257
124.025800673035,113.597,101.77571278238659,0.00178,8e-05,0.00092,0.00106,0.01721187022036739,0.00954,0.17832950143839835,0.006992751031185849,0.006216882680642195,0.00719,0.025843993887051987,0.028402168731502947,21.58688547285479,0,0.3789650141685208,0.7215170307087344,-5.8808470031984275,0.16359717353374462,2.6838275815886847,0.1883211229098904
160.71850987701137,102.145,118.73142928367336,0.006103368479153866,0.00026,0.006885723719381788,0.0063983256382517395,0.00204,0.01022,0.09,0.00658849465151609,0.02344937239704817,0.00811,0.01364,0.00231,26.14583107682719,1,0.39909674026311376,0.7042730456308828,-6.537790329382731,0.2252269768974024,2.2793844355920547,0.1342931675496189
187.733,202.324,173.015,0.00316,2e-05,0.00168,0.00182,0.00504,0.01663,0.151,0.00829,0.01003,0.01366,0.02488,0.00265,26.31,1,0.396793,0.758324,-6.006647,0.266892,2.382544,0.160691
197.076,206.896,192.055,0.00289,1e-05,0.00166,0.00168,0.00498,0.01098,0.097,0.00563,0.0068,0.00802,0.01689,0.00339,26.775,0,0.422229,0.741367,-7.3483,0.177551,1.743867,0.085569
165.02454194433665,228.0762536143305,170.33678737084819,0.012213580142110304,1e-05,0.011281294605659267,0.010544579623133377,0.03578765689256331,0.07543798063829354,0.7687399128214648,0.035613610349626734,0.041517193227730995,0.0860031872402536,0.13359545611640736,0.09249687323984715,14.491505380978744,1,0.44873492125750636,0.8185977616355836,-4.674354646258742,0.353049013494751,3.0910952028720664,0.3063946387053405
151.83241970874573,212.19141508246372,104.68129465505889,0.0020496350419633757,1e-05,0.0030171509842068876,0.009362506917299491,0.010746589837807949,0.04491794160758519,0.3543301728678452,0.014036835176941107,0.011031042564308554,0.03555271221635185,0.04935413974687528,0.07348369951075323,21.229436350399894,1,0.5289127388538415,0.6633058940708113,-5.725793918636439,0.20554071347761435,2.6671697667460426,0.18025355713382935
113.4,133.344,107.816,0.00451,4e-05,0.00219,0.00283,0.00658,0.04879,0.431,0.02385,0.02973,0.0437,0.07154,0.02278,19.013,1,0.6479,0.708144,-4.378916,0.300067,2.445502,0.259451
151.63769486709242,305.6051168552838,74.287,0.00178,7e-06,0.00092,0.00106,0.006811652180353797,0.02305591577772264,0.2724642553457637,0.02336,0.02323627917955444,0.02745,0.053821199608172374,0.04946037120235179,17.883,0,0.4092180159016678,0.6463516394025206,-5.576633954768875,0.16773867502377432,2.6246133245452024,0.17011106214595884
229.87478498427015,235.32072747181007,160.7529561992969,0.00178,8e-05,0.00092,0.00106,0.00276,0.00954,0.1195931876718988,0.009885193061463654,0.021392349462427834,0.0157909269764609,0.03507030354574002,0.011306903731045944,26.607377733106762,0,0.4086838732404783,0.6526720194572994,-7.146572446495221,0.02247846482188992,2.593659459048564,0.10338377256774636
116.676,137.871,111.366,0.00997,9e-05,0.00502,0.00698,0.01505,0.05492,0.517,0.02924,0.04005,0.03772,0.08771,0.01353,20.644,1,0.434969,0.819235,-4.117501,0.334147,2.405554,0.368975
208.7118275513588,254.1559935251318,128.91386515826207,0.0029076218900788565,8e-05,0.00092,0.00106,0.00276,0.030329576017647374,0.21753118355751186,0.00468,0.02498,0.015357927914674874,0.03760629020827111,0.01115648671902733,24.33733274278981,0,0.4372163240857893,0.7205839589451086,-7.066682732801382,0.1695105598830003,2.2760337950066334,0.06304183638395401
151.6357033302825,212.38554702294462,154.01995458891048,0.005911931430079085,1e-05,0.00068,0.00092,0.02495226732269548,0.03545584896639225,0.44877032994991317,0.02317967552299933,0.01727291912806721,0.044024303087487615,0.06963387130223564,0.027903444210096422,19.34578304037223,1,0.46463960628295425,0.7646286615243026,-5.779616902776473,0.2222585942311046,2.3929535052152744,0.2509792667425779
161.01321541443895,214.42515588164093,109.03755257275392,0.00178,7e-06,0.002851882086307757,0.00564,0.008416620770922615,0.029062192058902956,0.19893422105787542,0.00468,0.012731930917917762,0.00719,0.025373661931777397,0.02103382594451564,27.052946229525425,0,0.47517129682989556,0.7569508609099663,-7.711155599048811,0.16955610714622776,1.8589040420122462,0.0677104571091664
199.8501843631489,267.1934954930569,92.53762381349202,0.006695661423456942,8e-05,0.00092,0.00106,0.01873,0.028747695409480405,0.2229289735910107,0.02056985851844066,0.009434590547771403,0.009207021433640761,0.05557528501053169,0.05309263462397599,22.3348961956408,0,0.4618597864405945,0.7003364487449159,-7.458930742653328,0.19433238793379126,2.4702638679452704,0.05981372226863556
236.06668934924255,118.93897031934274,182.59126956588676,0.00178,7e-06,0.00092,0.00106,0.01873,0.00954,0.16187169637104565,0.00468,0.013631656544908936,0.015735707129671157,0.026355140698260168,0.027166267255190966,25.13619155343006,0,0.3466259278483599,0.6818262652414425,-7.4411962093235235,0.09841229905953644,2.194572359433639,0.08201455264665791
142.35047557541853,125.9761130290459,209.40712989925555,0.0136,8e-05,0.00624,0.00106,0.008923369447952492,0.00954,0.085,0.00468,0.00606,0.018706121840475366,0.01403,0.00065,32.74883571729216,0,0.5124426892310578,0.7476815772992208,-7.145417366314382,0.16429602146770186,1.5292776596667221,0.12108292539682389
244.14610656278518,254.38325315928694,210.4918369538177,0.010500694500512778,8e-05,0.00624,0.00106,0.013307251626041489,0.00954,0.085,0.00698089319933032,0.00606,0.008877435993828026,0.01403,0.010560893990442953,26.209617258216973,0,0.25657,0.6707222918827501,-6.976850013270678,0.08665536834608989,2.1832395508637363,0.11662457086305655
120.07921575355385,130.54571241771376,89.11489687841615,0.00168,0.00026,0.007232746611022366,0.01650640307586664,0.014384030822122095,0.01022,0.09,0.011911938230080646,0.006277715062102427,0.00811,0.01364,0.00231,26.41694559765365,1,0.4783217867357765,0.7234133310682372,-6.268592279599183,0.12178013111058827,2.055087770341916,0.15849744283673242
214.87286991093765,169.73458176482393,153.12645797274797,0.0136,8e-05,0.00092,0.00106,0.0032366211603134664,0.024809537429619867,0.13958773795663887,0.008714806032265834,0.018740957908929864,0.008907637746421929,0.02587358240353864,0.00065,25.118773234919466,0,0.5891929722726928,0.639977671696186,-6.912313032221932,0.14526675101007766,1.7962835666646257,0.12005738639311553
188.11632211901593,239.0991165954248,112.36083840311538,0.00168,1e-05,0.006875814689883891,0.003508981132861035,0.02247705406554692,0.01221313619965552,0.10173637083733802,0.00455,0.0057,0.02716245425606525,0.01364,0.04759457295807506,22.68116426300969,1,0.5424668148634295,0.6125605288687204,-7.031271923795734,0.2271157722230652,2.5159546314547114,0.09569233842735533
162.94312688455256,215.9982688909896,74.287,0.0136,7e-06,0.00092,0.003087890570259745,0.008960787035081751,0.022969560014916457,0.27103657399541914,0.00468,0.00606,0.02271381708912859,0.01590391245055612,0.047313561619428054,20.69992565238497,0,0.3525369593139462,0.7049335683843773,-5.785289788373356,0.151973263315494,2.408719439794744,0.17163928603550005
125.641,141.068,116.346,0.03316,0.00026,0.02144,0.01522,0.06433,0.09178,0.891,0.05358,0.04791,0.06196,0.16074,0.31482,8.867,1,0.671299,0.656846,-3.700544,0.260481,2.991063,0.370961
260.105,264.65242957698126,187.74504605306183,0.00178,7e-06,0.00092,0.004952337302042638,0.00276,0.04020324892302335,0.24357640486002277,0.013860283404684062,0.02498,0.02745,0.025789164386300446,0.043901345656429454,22.74094796599687,0,0.38086260561679997,0.6283621182244867,-7.87431741216788,0.08491877705462399,2.46597314318418,0.04686627562797839
96.80458650180589,174.52108133759847,65.476,0.007755032989599091,0.00026,0.02144,0.00092,0.015912569012158304,0.03027905139373747,0.4264232679607137,0.024708036635710997,0.04204251130939533,0.050296436331613945,0.07450692760972706,0.00231,22.699314525392897,1,0.5075255720327587,0.8141605982618396,-4.948257475308212,0.2631382454642437,1.8021041926091357,0.26691546529487215
191.52562291701327,270.0014557998816,183.41842010671326,0.0136,8e-05,0.00624,0.00564,0.01818279379121148,0.01810367921069712,0.09315350741041865,0.006200348022350164,0.00606,0.00719,0.029011043551523317,0.0014889012448579108,23.9902361520855,0,0.5162348357421047,0.6615207849676739,-6.442952885671163,0.1761645986468486,2.1574446253051165,0.1541555267997501
260.105,201.3059109963822,103.80960996801343,0.0073243061065720785,7e-06,0.00092,0.0014091138332344812,0.00276,0.01705079968571937,0.18125498909284354,0.006321531194592227,0.013559728769544595,0.00719,0.04464818322363545,0.0173678632664837,24.213681920465515,0,0.3199690316497211,0.6892617494294926,-6.997863418533265,0.12389145780908528,2.6804117513599035,0.09116233088060682
260.105,492.5616481596009,158.58901723326684,0.00178,8e-05,0.00624,0.00106,0.007382694963519889,0.017206711101596585,0.17153950269228532,0.008421873504786985,0.011152747660763629,0.02745,0.02996221664542391,0.010981167969639874,21.772686497621784,0,0.35643870528982824,0.62671,-6.721105349178836,0.006274,2.304573838946351,0.11268955082796872
181.33778157784985,218.2905932474272,75.18113452836165,0.013396204144793476,7e-06,0.00092,0.00106,0.00959858868119237,0.03837111566502678,0.29953142694991963,0.02336,0.020235208023598572,0.02745,0.04572252798655056,0.03174789593425407,17.883,0,0.5472303055090588,0.6595915538639611,-6.230101751233222,0.20064523895701136,2.7269356714555193,0.1672757570525569
132.00565009657726,113.597,119.38886600673018,0.00178,8e-05,0.0022333471207727517,0.003011934164137017,0.00276,0.02886027015629719,0.1934242297768778,0.010368796914713839,0.007693529610620781,0.027110159458095993,0.03389584120724949,0.00065,27.621552306353372,0,0.6276158836927133,0.7047466873616773,-6.611507511934822,0.2843369995560366,1.949834229870968,0.12933093398650888
159.8138156585254,327.00933463487223,144.10068275968734,0.025157011076653933,1e-05,0.00068,0.005022463507936548,0.00204,0.013340770956950809,0.1192252033818772,0.00455,0.0057,0.00811,0.01364,0.031805867008301125,28.569785429306663,1,0.3545537346361892,0.7012644457203403,-5.023946687664939,0.32077403595593384,2.89737541624003,0.21920663401924526
184.07751138381659,147.94375332140203,208.8800964122039,0.005871013373330459,7e-06,0.00092,0.0036680651503793555,0.006631519718323942,0.021762193440985716,0.11431097220567213,0.00468,0.00606,0.010495570055969069,0.01818472083877644,0.00065,28.027957291396202,0,0.3861821773556347,0.689867358764813,-6.961262571882189,0.10465084102130745,2.0144951545074643,0.1257390199221587
162.74819430396468,286.2655001604575,93.08662999384049,0.00178,8e-05,0.00092,0.00564,0.017785101939728085,0.012054494083417902,0.1944846587439376,0.015264369483220954,0.017760945004975947,0.012399607359518278,0.03325701316825102,0.03158850604305225,19.526187783023758,0,0.3747216266351244,0.6703676649556427,-6.517869304460814,0.11889602244201034,2.0968429780815394,0.11929945899475751
112.88430785280072,123.51235554169483,122.05018094436969,0.0036756437135832013,7e-06,0.00092,0.00564,0.00276,0.032496265721639495,0.22384095082428948,0.02336,0.02498,0.02432240114112607,0.04147542305193399,0.030691923670177056,26.79080709222422,0,0.345774113277439,0.7500308554495613,-6.891807879297933,0.17152514468007304,2.0274137939944517,0.11342737239945473
199.13179925527191,291.49608674583834,145.2891548148877,0.0073163304931134,7e-06,0.00092,0.00106,0.014767374479525582,0.00954,0.18223463340278162,0.010384500014796162,0.006204661014525367,0.00719,0.02630161406806945,0.0083054438113043,26.85372742651573,0,0.40775678619393657,0.6592489144198301,-7.434126279991569,0.11971985338222788,2.127347511611236,0.10047109766540957
140.341,159.774,67.021,0.00817,6e-05,0.0043,0.0044,0.01289,0.03198,0.313,0.0183,0.0181,0.02428,0.0549,0.02183,19.56,1,0.460139,0.720908,-5.409423,0.22685,2.359973,0.226156
136.969,166.607,66.004,0.00923,7e-05,0.00507,0.00463,0.0152,0.03111,0.308,0.01638,0.01759,0.02603,0.04914,0.02659,19.979,1,0.498133,0.729067,-5.324574,0.20566,2.291558,0.226247
110.739,113.597,74.287,0.0136,8e-05,0.005493798925800258,0.00564,0.0038974733184889776,0.00954,0.11381922639784944,0.01760374045106491,0.015659594436679906,0.00881863091063436,0.01861037348989135,0.042942629758223404,21.471844565550985,0,0.5988375251367206,0.7096677739033853,-5.198864,0.1960442881385642,1.9637209385988386,0.252404
127.8942015011784,113.53807156974847,101.59110179836657,0.016527301931346335,1e-05,0.002655504901337149,0.012027442410798384,0.01958831479268066,0.0548851835241206,0.479317185848145,0.04583605006336265,0.03124740496771325,0.04049146392767302,0.08291078563758894,0.07314059822110355,16.956250225512857,1,0.5128874325821613,0.7481560687466292,-4.662054654435169,0.282032286337769,2.4533608612420426,0.293585703440504
136.926,159.866,131.276,0.00293,2e-05,0.00118,0.00153,0.00355,0.01259,0.112,0.00656,0.00717,0.0114,0.01968,0.00581,25.703,1,0.4606,0.646846,-6.547148,0.152813,2.041277,0.138512
183.63810407691295,191.21274164999878,129.7185100370054,0.006372224516850808,1e-05,0.00068,0.0038969236965235715,0.006567041998021933,0.02975169207046088,0.09223802555490065,0.00455,0.009093212886227123,0.00811,0.01364,0.01744166295402816,26.505830616532908,1,0.4599351635573586,0.6459404197296501,-6.356089089460121,0.307215073695994,2.750890333299234,0.1611532045486799
171.9974291242142,240.05451927795778,117.95863269479037,0.0049352875819964875,7e-06,0.00624,0.00564,0.01288089939842496,0.00954,0.19476268433177782,0.02336,0.00606,0.02745,0.0214192157079278,0.00065,24.31516930830411,0,0.49118140115626346,0.6650569582531092,-6.846614695647037,0.20802978011593526,2.1464188896543943,0.0971098471711523
216.9949982894729,229.88233624477897,124.52407319546793,0.00168,0.00026,0.005089158598446286,0.00092,0.008174314362757359,0.03293962205153749,0.09479086345907323,0.017311000737897462,0.0090098137326471,0.015477873934470674,0.020363281704811838,0.00231,24.056037364620202,1,0.4249087546705185,0.633016144379038,-6.393704055057103,0.2567091440291302,2.390555077254023,0.17542574533026034
143.83882578777673,296.6546235936775,121.37610471685754,0.02762656403927247,1e-05,0.00068,0.008637945110337397,0.02601746780290395,0.02190947788909288,0.18340137318357963,0.01595905329749128,0.008086953274886845,0.014114858002047297,0.02935438052075019,0.06057029944795918,22.987348320106072,1,0.4960483105543786,0.6564224234909952,-5.69977682616979,0.22698739061711826,2.633316434444548,0.18311272531993156
209.57039765992997,282.5831831727208,213.01728233173642,0.00178,7e-06,0.00092,0.00106,0.015234371198232014,0.01907792484232961,0.12985616877322306,0.009475291527958778,0.00606,0.00719,0.02659723942965052,0.00065,28.78315523415051,0,0.4383941961082438,0.6997833398687159,-7.325230114742155,0.20833401573135174,1.9562094997660238,0.05258816596206395
188.05724362456266,281.0733968408769,158.3600386381908,0.0136,8e-05,0.00092,0.00106,0.004300216366673336,0.011827658118823279,0.1550472789917687,0.009236845120417017,0.00606,0.00719,0.023116725124123234,0.030942024813558483,20.98063349922753,0,0.4245180097922711,0.6359944462617739,-6.548588130894024,0.14235251468062637,2.005720856894113,0.12842906457266198
253.25899026674597,324.49539993777046,162.9113501311018,0.00178,7e-06,0.00092,0.00564,0.00525350932726129,0.00974503408191405,0.16025627631082637,0.00593708733994688,0.01602135300839027,0.022927222438040514,0.02584177320498762,0.015745581644849925,24.942003661770297,0,0.42804434328542124,0.6534984051554364,-6.936659600715738,0.13756387389065067,2.375034514914157,0.1068229992576113
147.8682897603161,208.3885024238859,150.35660665077162,0.00178,7e-06,0.00092,0.00564,0.00774542343612949,0.00954,0.085,0.008755106751627443,0.00606,0.00719,0.01605415940027973,0.00065,27.54640692338988,0,0.501612245922745,0.7154337647615187,-6.349985596841572,0.1898668403749129,1.7812988510573609,0.16639146547859215
232.42336156851917,240.45585830071357,194.54149608681533,0.0136,7e-06,0.0057813649914708835,0.00106,0.01873,0.011463430016482593,0.085,0.00468,0.014494724254612665,0.010751602318363113,0.01403,0.006389467276307501,27.58002776029151,0,0.39715851726466994,0.6625438806378116,-7.515398818362071,0.21680205964371047,1.7575159264228852,0.05967687399048442
110.739,199.2082848496666,74.287,0.00178,7e-06,0.002391132103234426,0.00106,0.01873,0.010247022005863488,0.1511667905389265,0.005169234732864768,0.019200817758875565,0.01966353342004801,0.02504546487484456,0.0067959978408438804,28.735550103739083,0,0.5086273276819664,0.785714,-6.07338116848622,0.27865377469088215,2.2439539530726367,0.16616000729756186
89.88784362319207,158.01960351393276,65.476,0.008653187168197954,1e-05,0.0031024233208337745,0.00092,0.0043759266557516175,0.01022,0.09,0.004726763588465752,0.009225955848011195,0.00811,0.01364,0.00231,27.87839986238707,1,0.5643604249530664,0.7794729962412129,-5.14958486237802,0.1621590222584377,1.7754672206230042,0.19364241823883063
135.08115382712836,196.4892088280634,103.53774109253702,0.00168,0.00026,0.00068,0.010818641872212357,0.00204,0.015358290005108216,0.17201799079812374,0.01737028132243242,0.008696986859742942,0.012946504064284846,0.027377230382286764,0.00231,23.50399947502943,1,0.6282308995532382,0.6942085953321319,-4.9259875007091125,0.3316560234810952,2.1018867905065797,0.2240866942570573
110.739,113.597,86.25722949507673,0.010872462613324935,8e-05,0.006187874533930293,0.00564,0.00276,0.027838036395484864,0.1880799278007757,0.015803576557217314,0.017587253289462368,0.025664500648159776,0.04292296485148614,0.03404360251847697,22.506785433314366,0,0.5079620431065877,0.785714,-5.994853093393926,0.2529715118042104,1.7871438032463516,0.1995181880239351
100.73552229518597,124.1367516943613,130.1054688541196,0.024785292261661714,1e-05,0.00068,0.00092,0.00204,0.01022,0.09,0.00455,0.0057,0.00811,0.01364,0.00231,29.928,1,0.307890667987204,0.6966143300049545,-7.120925,0.09911902893785646,1.765957,0.093193
260.105,392.17198350642,198.15226375814453,0.00178,8e-05,0.0031276745946855395,0.00106,0.00276,0.030609157054255015,0.1535168768151972,0.02336,0.00606,0.00719,0.024343469460744248,0.011395923434046393,24.730976092521885,0,0.4992738908294155,0.62671,-7.050594122570275,0.12243675657097561,2.4896883058791266,0.10061458140089909
156.90768705693057,156.2220766052489,102.14237269846876,0.0073596662798035345,0.00026,0.00673225294913584,0.013471294066606514,0.02107244338310202,0.045892495321907686,0.4725200856017595,0.01216687989491309,0.025251860811827762,0.01742676908782767,0.08716597442786456,0.07157424368800767,18.860378094603387,1,0.534159554917413,0.6656200068785454,-5.508062400144883,0.23094076578865586,2.4615728493821294,0.19157905466014852
194.75295477250492,395.9127018724365,148.18796952598265,0.00178,8e-05,0.00092,0.002173418946689716,0.007208581918487617,0.03110431324241048,0.20608870257289544,0.02336,0.01310991355604504,0.02745,0.03937992116099218,0.018533212744380398,21.515693840255327,0,0.5673239934095172,0.62671,-6.792978509570909,0.14491612065277926,2.0709798606174608,0.13125535023507928
88.333,102.145,69.147856641325,0.00168,0.00026,0.00068,0.002482579493613777,0.015984284945950684,0.01022,0.17394985655770515,0.014339193142322747,0.015618416878570966,0.014729989462519282,0.027072136295679405,0.00231,23.364540675240747,1,0.685151,0.7064689705916405,-6.397665095338463,0.11998354682548285,1.9029135611319887,0.14025184869272495
174.13165323173396,223.81531593312667,169.96306424209402,0.020217652727078546,0.00026,0.00068,0.00092,0.00204,0.02058906226994559,0.1258012962150873,0.009494733421307713,0.03596501029878191,0.00811,0.01366870570650159,0.00231,23.95929597298486,1,0.34956271827926555,0.7473904146928275,-6.299457435656081,0.2861515316384763,2.7529496708538392,0.1456880933897459
116.682,131.111,111.555,0.0105,9e-05,0.00544,0.00781,0.01633,0.05233,0.482,0.02757,0.03858,0.0359,0.0827,0.01309,20.651,1,0.429895,0.825288,-4.443179,0.311173,2.342259,0.332634
120.267,137.244,114.82,0.00333,3e-05,0.00155,0.00202,0.00466,0.01608,0.14,0.00779,0.00937,0.01351,0.02337,0.00607,24.886,1,0.59604,0.764112,-5.634322,0.257682,1.854785,0.211756
108.95462402387162,102.145,128.32816685766016,0.003966665294915526,0.00026,0.0018643769806767157,0.0019758888825985197,0.00204,0.035175960822941214,0.2974357401741045,0.007923028768810271,0.010941134982347816,0.032418891202797465,0.0344717879156829,0.017634760574362997,24.29937304790775,1,0.5506866843118488,0.7236512003176283,-3.953584665937325,0.2829978799538227,2.36297840232994,0.29829280899395294
186.49172022999147,176.34807919613948,139.2793343093815,0.009090669999543315,8e-05,0.00624,0.00106,0.00276,0.030210656014616616,0.19483984127185636,0.02336,0.00606,0.01430880590968406,0.029787485463313508,0.026713953764843618,24.708945810838415,0,0.4680768091629707,0.7191848475338365,-7.013542668015316,0.21603248097658628,2.1559710859183037,0.09632269546252223
135.30835752697345,176.18794357430568,126.34753143310758,0.00168,1e-05,0.003967295251287204,0.00092,0.00204,0.03452863949404149,0.14200496568541837,0.021424975358108007,0.0057,0.02052952148474619,0.04131843914941298,0.00231,24.002532474427078,1,0.45812710344940305,0.7842561534527237,-7.120925,0.16239184786719774,1.8091675783527519,0.093193
179.13905715897596,265.13630311433513,162.55082546455478,0.005536850625591256,7e-06,0.00624,0.00106,0.008848146153243629,0.00954,0.15188761101140186,0.00468,0.00606,0.01089756472289705,0.04080070354787665,0.0070826835008779955,26.255384302933958,0,0.3515366354744981,0.7342753518127025,-7.103138130594093,0.149811766111742,1.9118248600648406,0.08863438615669328
101.27517437953433,160.9334073336445,134.46769929491464,0.02051275022320008,0.00026,0.00068,0.010986258637031591,0.016556809012301932,0.033219156736308326,0.38672567681013903,0.027269746890760328,0.02732438772151995,0.026613042070602846,0.04049452921881867,0.04813744683776013,21.531766881448572,1,0.4972619735015764,0.8147935837755037,-4.206341127736646,0.2423918417053916,2.562723483112552,0.30855061140561785
178.23407324388836,325.69248064302735,106.95114304902023,0.012141757406708595,7e-06,0.00092,0.00106,0.01873,0.00954,0.085,0.00468,0.00606,0.00719,0.01403,0.00065,25.714744814791597,0,0.569719752319856,0.660587483996164,-5.734378419710694,0.22451232811641159,2.0489789789533313,0.1860243094161404
146.845,208.701,81.737,0.00496,3e-05,0.0025,0.00275,0.00749,0.01919,0.198,0.00883,0.01144,0.01826,0.0265,0.01328,25.119,1,0.358773,0.726652,-6.27169,0.196102,2.314209,0.162999
161.28967721710748,297.69800959801773,76.76456712691068,0.0136,7e-06,0.00624,0.00106,0.004285435082199577,0.009968761844726903,0.127405692158118,0.00468,0.007596158215480795,0.00719,0.019704983215961536,0.000995280851526727,25.868977460889493,0,0.41795546970077085,0.6880088812255742,-6.230392792975039,0.06301498780396035,2.4874458638140213,0.15012949330914593
122.88062212841736,152.2643629224943,80.32048272561264,0.00168,1e-05,0.01823855674812353,0.007388549393194441,0.009932109785660394,0.04144919540139639,0.30907084797020185,0.02286853162017906,0.01856709509355911,0.040177697800779566,0.07316740389348178,0.01824623201373283,22.83548399994163,1,0.6577798619951937,0.7132467736989534,-5.40665505699014,0.2143447416961235,1.765957,0.21974786313363523
210.41549683947312,293.2294968561409,187.41032640588142,0.012945804841056615,8e-05,0.00092,0.00106,0.00276,0.010002591265669342,0.085,0.00468,0.023706370115926786,0.015672073837331185,0.01403,0.016623815126535716,27.440198645632627,0,0.3248286969569784,0.7206328765137016,-6.757419522950516,0.176519661892985,2.68774684478418,0.12080524393119366
187.3006692975106,202.1265728742814,144.6173582277443,0.004811800079065337,7e-06,0.00092,0.00106,0.00276,0.020192124552985573,0.15087364521012983,0.00468,0.008925025109783404,0.016823622913548053,0.03892990237416979,0.00065,24.73682146898034,0,0.5640172988104546,0.6888238039017748,-7.313290451537561,0.19322445593148743,2.4453092436903945,0.11540830855114857
176.54097676698066,290.89195223027025,118.56884980736389,0.00168,0.00026,0.0031098784291271613,0.015318531817969983,0.008440740344412195,0.026779866441901966,0.18643168798764723,0.01443918843837286,0.01161782897379396,0.019499185332117815,0.01364,0.011002159317457537,19.706596586948084,1,0.5111665147486124,0.7283498520021309,-5.856411826397128,0.28899210458620983,2.9186617096357135,0.1660454544316725
178.275829655206,165.82260738224304,140.7592247087364,0.004876191630903628,1e-05,0.0034376078419847914,0.01958,0.017076189018928743,0.0400342765711779,0.34574666961536704,0.00455,0.033450917060578324,0.036017747290711354,0.03554936239341372,0.03903134679975685,18.506314426646288,1,0.5918933013284375,0.7336700456230829,-4.607761487898889,0.23455001959434207,2.689159988929236,0.3145488778853961
110.739,196.67697070682297,74.5052392482154,0.00178,7e-06,0.00624,0.00564,0.008202903886895981,0.022417617351669215,0.2541455345800532,0.02336,0.011502009701646441,0.026325524107171438,0.05622475154776732,0.04306888309964416,21.509095120230885,0,0.4752841337948223,0.7802081850827652,-5.30983370002545,0.291954,2.8214221550373955,0.22487849896828188
145.0957391041651,208.75723503409938,123.55277140959777,0.014564414896779286,0.00026,0.00068,0.00092,0.01657292019558896,0.040713244340727664,0.5389710040179713,0.03695792372658713,0.044074825278148586,0.04417912342253012,0.07072692714522684,0.04959567610075946,19.70512893790557,1,0.48377046244896693,0.7303824745373112,-4.859704843603486,0.2930972467867226,2.384724761426555,0.2890206657033545
138.7097496963597,116.08641862585247,74.287,0.00178,7e-06,0.0023375156045598324,0.00106,0.014647378875309546,0.012227329799964723,0.15573657696980833,0.020083322852319677,0.014880535998207378,0.00719,0.041583971087261085,0.005201595547567367,27.609872968692706,0,0.39399682829559457,0.7504824050272156,-5.921715841750187,0.17201537745057502,1.8760209667282888,0.1458047655606097
143.02134252683425,111.38657242232372,116.59704688416659,0.00168,0.00026,0.00068,0.00092,0.005998327529244869,0.019330761937954313,0.36732694510495556,0.012311244838687108,0.018451732348213647,0.023679358264683974,0.04415376655288794,0.020316949645662462,22.723119403871376,1,0.4452586192891093,0.7463706226888704,-5.98554775797129,0.3068501725048681,2.6495108242063474,0.16974385476668327
181.43475282823132,142.0034754161615,127.74578842106858,0.008043728811968688,1e-05,0.00068,0.0060487096311582205,0.016983806085309177,0.03978335243028186,0.4781490219910203,0.01843474880379522,0.03656389377833627,0.07660855400515891,0.0735996248409114,0.08507453560470332,14.3653482205756,1,0.685151,0.7137857157845149,-2.95401395800496,0.3143827360140875,3.365891717442988,0.40415499903435265
135.8992667087995,186.84173802592005,67.36170312448189,0.00168,0.00026,0.00068,0.00092,0.00204,0.016740866371144858,0.10939915145796572,0.016310279253045283,0.0057,0.00811,0.02068609329108504,0.00231,18.80902110416318,1,0.6378988928829035,0.7419675019488693,-4.710472654098997,0.3555939227906101,2.250040215412303,0.30126433646083506
104.4,206.002,77.968,0.00633,6e-05,0.00316,0.00375,0.00948,0.03767,0.381,0.01732,0.02245,0.0378,0.05197,0.02887,22.066,1,0.522746,0.737948,-5.571843,0.236853,2.846369,0.219514
129.7949148627609,102.145,146.419393008719,0.00168,0.00026,0.00068,0.00092,0.017506232927832696,0.037716168991554895,0.2745024772489529,0.014367914889744987,0.0269968643234496,0.01779961249890469,0.04172781899401415,0.00495825322229905,23.11487907612517,1,0.38600038817216764,0.7655541029463364,-4.888805723539422,0.15760550473215157,2.5357133335713926,0.2756354926136384
164.9303637765671,193.01224871491593,146.40008175293778,0.00168,0.00026,0.017712550954606616,0.00092,0.00204,0.01022,0.09,0.00455,0.0057,0.00811,0.01364,0.00231,23.714684746522796,1,0.47900762214256587,0.7104253205749451,-6.583881787451546,0.2623178970183945,2.370513337309141,0.16756973027293276
252.455,261.487,182.786,0.00185,7e-06,0.00092,0.00113,0.00276,0.01152,0.103,0.00614,0.0073,0.0086,0.01841,0.00432,26.805,0,0.610367,0.635204,-7.31951,0.200873,2.028612,0.086398
137.22596316303324,176.62584558367243,112.32997284931865,0.00168,0.00026,0.011667379175933511,0.011215222650560935,0.028751311830855025,0.01022,0.09,0.018280721409128543,0.011018716185485349,0.015091418924369894,0.01364,0.00231,27.958130213373426,1,0.3701517069956718,0.8229507105027145,-5.838829643488076,0.2027720812826164,2.6179526034911236,0.1923768608036835
155.078,163.736,144.148,0.00168,1e-05,0.00068,0.00092,0.00204,0.01064,0.097,0.00522,0.00632,0.00928,0.01567,0.00233,29.746,1,0.334171,0.67793,-6.981201,0.18455,2.129924,0.106802
214.6993754702561,233.78840244688664,193.54500564073797,0.00178,7e-06,0.005515413709445966,0.0018733572072018223,0.00276,0.00954,0.15218483213651518,0.00622713296710021,0.011075258437220315,0.01094486496999221,0.03559543404561571,0.01561576811233203,25.60944565365986,0,0.2983189820921291,0.6689462262601005,-7.314742306894582,0.10845818640231716,2.1266119589308614,0.0864004386097475
109.86,126.358,104.437,0.00874,8e-05,0.00398,0.00539,0.01193,0.03209,0.307,0.01789,0.01992,0.02454,0.05368,0.0118,20.767,1,0.558586,0.811843,-4.333543,0.221727,2.014606,0.344834
148.12918654214315,119.91273053898729,108.43582117411181,0.007711692187261651,0.00026,0.00068,0.00092,0.00204,0.04972196623614264,0.32198367078587653,0.023200525997491863,0.0057,0.00811,0.057346887429129224,0.00231,20.315775035931917,1,0.5115889553085444,0.7822185631590135,-6.552329990232996,0.16125500790174174,1.903633151264227,0.12368182436359591
199.57329408727514,334.1345067721435,149.68994319070455,0.00168,0.00026,0.00068,0.0026403946826154137,0.02482065982995153,0.01022,0.21042303285930747,0.02090056312536497,0.026209616388464287,0.015424811449370092,0.027637568695082878,0.0049483500706437415,25.652937335799017,1,0.3666795499873717,0.6756500923859272,-5.165061635690058,0.2714597578919649,2.523426534059985,0.21687193382400366
128.94,479.697,88.251,0.00581,5e-05,0.00241,0.00314,0.00723,0.02008,0.221,0.00849,0.01117,0.01734,0.02548,0.0235,24.743,1,0.487756,0.68413,-6.186128,0.279933,2.68624,0.152428
258.0584922183379,255.95318386539668,139.88137627568432,0.012457122917888256,8e-05,0.00092,0.00106,0.01873,0.010669942497694913,0.17353768098782024,0.012821646763558622,0.00606,0.00719,0.01403,0.01666057639498259,21.672385353498875,0,0.3660725280705241,0.62671,-6.588284575844116,0.10862109655070115,2.120778905877819,0.12786940057603888
228.16246981258118,272.6313513936526,209.66951745445562,0.004261211604610186,7e-06,0.003284938287234361,0.00564,0.018548663377484592,0.02073681046733423,0.085,0.006969810605083941,0.013969134762873215,0.00719,0.027218103990300092,0.00065,29.927168682271503,0,0.3937467545955046,0.6659181377366643,-7.776214342738877,0.04800758044911628,1.4512606552910863,0.044539
138.33312472389593,113.597,100.9036354527779,0.0136,8e-05,0.00624,0.00564,0.01711229584612124,0.031279161138590895,0.21648640095890392,0.01664008034943175,0.02359350120682725,0.012153698361031874,0.04897208257480999,0.01229074965891712,19.434902258904522,0,0.5140004090348735,0.7204770248486169,-6.2182690572536705,0.2321540465005651,2.5816180983874832,0.1740540112443314
120.08,139.71,111.208,0.00405,3e-05,0.0018,0.0022,0.0054,0.01706,0.152,0.00974,0.00925,0.01345,0.02921,0.00442,25.742,1,0.495954,0.762959,-5.79182,0.329066,2.205024,0.18818
260.105,310.43026947887176,239.17,0.0136,8e-05,0.00092,0.00564,0.0058865371396753146,0.00954,0.187723366248196,0.00923331458841284,0.010416351864262131,0.02171196896452869,0.01403,0.004017907311213626,23.72302226582374,0,0.3468562568718219,0.6450779182580929,-6.864640168457486,0.09574461639212908,2.0097815714721414,0.11243573150531619
183.28386574270763,198.89004356655545,108.43480828004336,0.0022606988908738636,8e-05,0.00624,0.00564,0.00276,0.025177382568640307,0.1475052222724638,0.00856367448297172,0.0064787259545966746,0.008830765401131698,0.030982085308782777,0.022649506601989198,21.460281617770043,0,0.3723021354279233,0.7070753166955559,-6.476969209801915,0.1677332902170994,2.1614735988353906,0.12618030500044938
140.54492961652647,239.6992731303762,116.6784267744481,0.0136,7e-06,0.00092,0.00106,0.00276,0.02444666424638848,0.12123016537615311,0.00468,0.02498,0.02745,0.015908504720576915,0.014167913735750465,26.010862774655557,0,0.494385778077402,0.674137182012203,-7.0718233499144265,0.19647368271962412,1.8626740432054865,0.10338574115457291
162.33761227044326,236.59628398848676,79.70844216326773,0.01739497010086494,1e-05,0.00068,0.013857470405604201,0.023255952899047243,0.0463531487106821,0.5759663159469868,0.022343835960148335,0.04757965519691152,0.04281546236179826,0.07701032031649682,0.0690053185565319,19.017743753402844,1,0.5497740852395051,0.6849862136130741,-4.858364442320416,0.2936288381385914,2.9731571198607964,0.2641160576119735
164.60697404389168,219.06916629312727,171.4510529483126,0.00178,8e-05,0.00092,0.00564,0.00276,0.01610616012463637,0.13169372270021504,0.00468,0.019836879927769835,0.0218019540792616,0.0301592065441176,0.00065,24.005627400146846,0,0.40820798227057425,0.6708545607920927,-6.490010519992905,0.0780204459798125,2.2260479343106416,0.12091441637623618
247.42085678737885,356.22640711529584,239.17,0.00448167546069358,8e-05,0.004780531255513767,0.00106,0.015672306760944457,0.013081890181322438,0.14307431745913454,0.006200511910843297,0.00606,0.016747123696873558,0.04867527152978275,0.013160552407478326,28.732962954113802,0,0.25657,0.7343683598734528,-7.964984,0.10844394541452604,1.590676020678773,0.044539
120.32361617058406,283.92679816225933,100.02749493869523,0.00168,0.00026,0.00068,0.010460317418585193,0.039751008053142106,0.0877025517797092,0.7743203019304852,0.05465122323988235,0.03582159370134935,0.052144438778385684,0.11191026667055051,0.09305748621452588,17.807490253115645,1,0.5680288321364889,0.7195483713865153,-2.5156530494512803,0.3361263966006566,2.9666333705084225,0.46294261703780965
131.4302772594038,229.49687208537893,100.66455741371486,0.005395585798512368,1e-05,0.005200082005311472,0.012934994552454357,0.018307174256373876,0.02400135543793045,0.2497824441476251,0.00455,0.0057,0.02316949769189586,0.039400414314186505,0.005647817564587064,23.15176416511548,1,0.4296747231308926,0.7579199567134822,-5.5229020110631515,0.21072603545112073,2.24296096341546,0.17978054698742935
137.11259130938433,102.145,109.29610154335391,0.019556594773047192,1e-05,0.008212929627195506,0.01958,0.030790760924768415,0.06553928765473266,0.7023578291417887,0.0383040849640505,0.04593973763142157,0.05919337531385742,0.12754090848953273,0.11914431151928054,13.918666098379141,1,0.685151,0.6794537733144979,-4.267290334400712,0.20131617404533825,2.4767620620726203,0.3307208708340152
206.30854048945503,288.27093922680115,218.84374767221033,0.009009099262920591,8e-05,0.00092,0.00106,0.005283301616116951,0.010464510560169992,0.085,0.00468,0.02498,0.010382617140767186,0.031112946504912677,0.00065,29.63922463645005,0,0.3238925310851687,0.7062207259675259,-7.354946217605468,0.13809213625192734,2.0637314702097176,0.06878271231560491
144.26961164180597,236.56131180946952,136.95488583678957,0.007018607196541112,1e-05,0.0029769269792869124,0.012538635727680292,0.004536069292998187,0.01022,0.11717700731665454,0.00455,0.014407937051924249,0.01759387292622306,0.01364,0.009612366622574288,23.930869520541332,1,0.3934849952112383,0.7415972027949674,-5.984204054623986,0.23374193359759154,2.2183377258583987,0.16373223359581832
191.72284091418243,344.81543218903903,102.01869921216212,0.0136,7e-06,0.00624,0.00564,0.01873,0.02986784495551483,0.17791795712194758,0.013582134637205479,0.00606,0.016393965370021444,0.026408245485903755,0.02371325047800659,25.0556406086806,0,0.43841143037617775,0.6576457872546643,-6.797385530569281,0.14939376360271556,1.6516111485899438,0.12080926561245361
123.34412742992703,138.38894667427883,72.21736159268458,0.009470020095960709,0.00026,0.014178511416846538,0.015254258679078005,0.01930249532236881,0.06748700221433976,0.5915736267698937,0.03146594060158378,0.052654461871226084,0.06718425520320323,0.08559970879787956,0.08202246571701391,15.264326503608626,1,0.6531573911729662,0.6918981482014132,-4.887448128082059,0.21624634386985594,2.185394557629177,0.2825612161481304
203.97660179154047,268.42814550981564,98.58946711258947,0.005298670587999141,7e-06,0.00092,0.00106,0.013632782889450547,0.011410628924286997,0.21747837643801401,0.00468,0.02008037673530671,0.02054621194135741,0.030482668843189138,0.027768643870285666,23.561657628749213,0,0.45200422270159424,0.6584471923241638,-6.434754670991133,0.07908752245746528,2.0705082893324405,0.1254520862086141
206.41610559271606,240.9394491639653,138.42399200342774,0.00178,7e-06,0.00624,0.003073457056651774,0.005582981401985359,0.02491828915289427,0.2175741152316275,0.01537747931618633,0.013891218002060328,0.014512325726259075,0.034709171533142055,0.03138546470478581,24.769873432385243,0,0.3989715468466867,0.6586766723855247,-6.995079988923411,0.10108195989443503,2.1952239210695774,0.1225717588144948
110.93833479458944,102.145,136.73344086083372,0.011694855328796716,0.00026,0.00068,0.004067039109044606,0.00204,0.06608562256177623,0.6101586891811108,0.017751163441615838,0.030176213159863657,0.037306684348059435,0.10263926788360192,0.02522808324515974,19.308762315689062,1,0.4912566378336088,0.7519129138776547,-7.052036810210462,0.21489037780551135,2.2623907826244407,0.14483188382810877
124.00656304601037,137.90021776843597,122.9313227165089,0.00178,7e-06,0.00092,0.00564,0.00276,0.009556648104783114,0.08998445824281687,0.00468,0.02267296658419072,0.017750293967643268,0.039001349678247005,0.00065,32.64188956526936,0,0.332865096202561,0.785714,-6.2226570366419915,0.24431293139345517,1.6542490842511133,0.15426394254792714
227.9898066332043,237.15385382912862,191.26283521137884,0.00178,7e-06,0.00092,0.00564,0.007561977056232335,0.013769994945264473,0.25473139248591253,0.02336,0.00606,0.00719,0.053768681151734124,0.010146651428488303,26.757919859249515,0,0.4761540851816571,0.6734299309946752,-7.410927611466897,0.15977970602081432,2.1779155575372084,0.07309026178426883
219.84462821763333,113.597,230.46679358402577,0.00178,7e-06,0.005586079670166837,0.004244936846790591,0.00276,0.00954,0.11689411376324119,0.01015380764655365,0.01655133219052232,0.00964845551196566,0.02677247826925006,0.00065,23.357358336093075,0,0.5026977042656079,0.6519460256614311,-6.800696651294473,0.1750191720966008,1.7525523186157186,0.1371161501046964
209.144,237.494,109.379,0.00282,1e-05,0.00147,0.00152,0.00442,0.01861,0.17,0.00975,0.01258,0.01382,0.02925,0.00871,25.554,0,0.341788,0.678874,-7.040508,0.066994,2.460791,0.101516
179.78075805551777,212.78069095189664,222.14042328236127,0.006632716140848035,8e-05,0.00092,0.00106,0.00276,0.02913404783810542,0.085,0.00468,0.00606,0.00719,0.01403,0.00065,33.047,0,0.5169401917509698,0.7323905484404487,-7.936165240522386,0.19367515641116276,1.593007803231363,0.047908060050066203
148.272,164.989,142.299,0.00459,3e-05,0.0025,0.00256,0.0075,0.0419,0.383,0.02383,0.02521,0.03051,0.0715,0.01914,18.78,1,0.454444,0.734504,-5.952058,0.08784,2.344336,0.186489
182.263591155639,339.5477339531598,159.5043117485463,0.0024612238765046642,8e-05,0.003022165964849402,0.00106,0.0090421422737451,0.00954,0.1661970754686703,0.018640250892417387,0.00606,0.02745,0.03804147682786212,0.020298496258461737,26.10958246200272,0,0.3912135437174945,0.7028233848982589,-7.2376182564866305,0.19451619899253614,2.4871915995069425,0.07536138532142814
144.41539592472154,112.997607586816,113.72895109353867,0.01539878921724552,1e-05,0.006508348457586239,0.00092,0.00204,0.02779429852386118,0.21979483549402462,0.01423707223250319,0.02164305700223578,0.027923115764151893,0.03507453577664034,0.00231,25.282040401439197,1,0.41629975139540176,0.7772712191070048,-7.120925,0.07226698824019334,1.8077558990177787,0.093193
175.83606456451594,135.96245513189302,71.65803253176693,0.004990916964022013,0.00026,0.00068,0.00092,0.00204,0.01022,0.09,0.00455,0.013409114803626911,0.008158698274529495,0.02247341453505531,0.00231,24.170581681645373,1,0.5496108173183506,0.7031960701505748,-6.503409438327599,0.16453364257900463,2.0185721312312763,0.10666180760055147
228.54074073978254,313.79286285307523,239.17,0.00178,8e-05,0.00092,0.00106,0.01873,0.00954,0.14413918097284714,0.005329261992529095,0.008197237284155575,0.00719,0.01802426761217,0.018226466241350246,24.197619809442486,0,0.440726154570786,0.6682728413330026,-7.533323968784979,0.13690815924253935,1.964179221541602,0.06580945425834625
152.22106074384513,287.79075420701747,106.15316237037217,0.006927089282440806,0.00026,0.00068,0.00092,0.013303698833701553,0.01022,0.12744172379989951,0.008149655274919388,0.0057,0.020159122007594746,0.01364,0.056373334024078375,24.026306365703537,1,0.49176052049581914,0.6814959831096099,-6.666259967425356,0.14527369579510463,2.6421454800566444,0.09578027832185843
183.14706080179178,159.5808946450214,131.97851256280737,0.00168,1e-05,0.00068,0.00092,0.003308538780478971,0.01022,0.16792333631646394,0.02020405759448011,0.017569650974404834,0.013964710671220792,0.025957163108093338,0.00231,24.589255490567126,1,0.4611602111196063,0.6764187731017944,-6.446091906960776,0.20313795957509057,2.033400845851631,0.1464053835553849
260.105,204.14991707916045,182.90452058094803,0.0080723010042903,7e-06,0.00092,0.0026351369601539743,0.00276,0.013591273176660208,0.20489631735159597,0.020227588552054865,0.00606,0.016618213037828622,0.023592994547247684,0.017680119623956967,22.87401541212445,0,0.40481725267406593,0.63401187654928,-6.9181807064523895,0.10240393416087284,2.3157625519883593,0.0985054662444146
157.7603044495443,309.11058884166727,95.81845499099532,0.016911552566109635,1e-05,0.007336879958158708,0.00092,0.00204,0.050416000468373995,0.42713336405077273,0.00455,0.014579735097247793,0.02747376336307264,0.046583276904699086,0.09112404145128913,21.181921440967994,1,0.5415548814556537,0.6837370465473454,-5.171621409710692,0.25844671069080405,2.67115090078026,0.24294096613093266
167.36316609429994,244.49018687525881,96.18791298151501,0.00168,0.00026,0.00068,0.00092,0.00204,0.01022,0.09,0.00455,0.0057,0.00811,0.01364,0.00231,29.928,1,0.3175017343993901,0.6454135378013689,-7.120925,0.063412,1.765957,0.093193
143.52650234234883,113.597,74.287,0.013245676341921775,7e-06,0.00624,0.0036675986495031607,0.00276,0.011111722645108475,0.12748719140980092,0.00468,0.009458896730988604,0.016024798571796128,0.02923916412130577,0.00065,28.704164759007988,0,0.42748809567523716,0.7578672791810168,-6.198531831248296,0.2681926256926913,2.0294200810925522,0.1575956747364985
136.05392840981705,102.145,86.13447500934313,0.0026533654501064343,0.00026,0.008779637355257252,0.00092,0.008970973943863793,0.051024105868176864,0.5278759923829146,0.030091678554201577,0.04802211850894257,0.04576150196394714,0.0936489271978606,0.05742694445517871,16.49792488393305,1,0.6136198725938339,0.6404550693370799,-5.625262629214656,0.10058511174001317,2.729327080412166,0.19053155729382043
190.76746127835767,285.42740850889936,159.7250831550925,0.003000552981121859,1e-05,0.00068,0.00092,0.0028351798853591473,0.05947062787620967,0.48095132813993,0.026289376275292077,0.019667214312890445,0.05509068101018322,0.07100712656489795,0.00231,20.907094323481836,1,0.42906166873580787,0.7375047031689749,-5.516217812836082,0.20552493838120067,2.518483532126018,0.23585135159927578
205.96454191169656,258.8901879069649,146.29088585223755,0.004370536787708021,7e-06,0.004485569339793864,0.00564,0.003618534128888097,0.019203290191057317,0.11767604545445104,0.00468,0.011800784444791768,0.016790039726496463,0.01403,0.00065,24.22968548340871,0,0.46115633875933565,0.62671,-6.870549036902937,0.0768587089083529,2.4171780204899846,0.08951591233600897
149.818,163.417,144.786,0.00336,2e-05,0.00174,0.00198,0.00521,0.02145,0.198,0.01155,0.01341,0.01666,0.03464,0.00595,23.008,1,0.329577,0.75718,-6.27717,0.109397,2.209021,0.156368
148.50901125729035,311.4530339727136,74.287,0.004398912922886589,8e-05,0.00092,0.00564,0.004113530164814173,0.02387061178195701,0.20978218939546425,0.005268245239252181,0.019886932719950588,0.020607275281722487,0.02172429320037547,0.050568065631483396,21.146002521088928,0,0.34678188596210485,0.7080001849302018,-6.269568265829414,0.0873421764208029,2.481337835733198,0.14454271438342023
155.80709427629108,153.64708722691566,117.08935638869704,0.022664161913736203,0.00026,0.02144,0.00092,0.02848331646199164,0.0715914562631989,0.6180594701814937,0.04428876802240769,0.024842763433365892,0.054839445128354994,0.0796779759675384,0.0810218709574785,18.72560130375785,1,0.5118926984093825,0.7796873792299979,-4.74618607819289,0.21039517614166175,2.3237725723689713,0.36565622725659863
200.714,223.982,89.686,0.00621,3e-05,0.00371,0.00337,0.01112,0.02286,0.207,0.01192,0.01439,0.01852,0.03576,0.00704,23.239,1,0.436084,0.727863,-5.25832,0.256454,2.550961,0.23252
187.42233968500074,228.71379691694926,103.68179620245172,0.00168,1e-05,0.016526519013067908,0.00092,0.013506798467588238,0.04548286888889777,0.4037035721729618,0.013830751493372742,0.0344138067993075,0.03673573970387821,0.06625975939569739,0.04583764947288124,15.534383246782868,1,0.6619316187205807,0.6375581251044461,-4.532114775014636,0.28328057782757454,2.8632682233564863,0.28896087963026396
116.73818605887516,197.65077389866994,65.476,0.00168,1e-05,0.0015323602076361214,0.018933682514644577,0.00204,0.040407921557116,0.3366944550850097,0.02318859649355179,0.020219188839907976,0.01409044505202841,0.07195770414238468,0.00231,18.266855067647118,1,0.574214853502057,0.8052560079489818,-5.1990166095125545,0.10688585157381753,2.221113613837198,0.21645659274919468
120.21882329406955,299.79423064508757,91.85714577311342,0.00178,8e-05,0.00092,0.00564,0.00276,0.00954,0.13018935688469868,0.00468,0.012184939819925267,0.024189486444655777,0.026741703297055403,0.00065,29.944057746857474,0,0.42825202064838214,0.6813028712524456,-6.423585058184382,0.07673857533669463,1.6644725368180218,0.14084636062417877
116.50272349130961,251.38705766935863,65.476,0.012625550573173987,1e-05,0.00068,0.00092,0.015142796371106347,0.034667028897463995,0.28122627038019526,0.02931203819152301,0.0057,0.03567972969081742,0.04830556378576367,0.04143732463561545,21.466415730405004,1,0.685151,0.5875664995033888,-5.419172094326176,0.24419398351926166,2.2248248056906124,0.1897232444577241
162.4074710049519,230.56815593347395,113.67587817340541,0.00168,0.00026,0.010397952369368543,0.004087542758673809,0.00204,0.01022,0.09,0.006539140592046716,0.0057,0.00811,0.01364,0.00231,26.875761400913255,1,0.4831287457473161,0.7106277997388337,-6.951211221229674,0.15042007715573735,1.8449989138878546,0.10921928042171775
88.333,102.145,70.06640543166193,0.00168,0.00026,0.00068,0.013076484612277341,0.00204,0.023057289142345724,0.21780760738083438,0.00455,0.0057,0.02465529061461079,0.02761587426310614,0.00231,21.53816802565552,1,0.49416948790831783,0.7788417054276259,-5.403341255126953,0.2449887553508271,2.3669438394928406,0.20013672161836746
242.4971576148132,287.7103598568133,207.8447193667986,0.00178,8e-05,0.00092,0.00564,0.01840770876059284,0.00954,0.1226531206782086,0.02336,0.017551155229187015,0.020098866451167048,0.018343691610594758,0.011982518178955863,23.885676552804146,0,0.39337592277742955,0.6723191384302568,-7.265544350197605,0.11439127009175742,2.1116502019841876,0.09154505779213518
208.44246826907323,154.4917449971206,174.34270962359795,0.00742771281805747,0.00026,0.013508713395658562,0.01729905788547535,0.03776127119199525,0.06723893739402656,0.8007214729873102,0.03951212020329482,0.046883548691030855,0.0760864465078017,0.12237198065920035,0.05872161794593327,12.512645753692267,1,0.5485671981300373,0.7432573755977917,-5.204990364167446,0.27287304939671564,3.0923634291413604,0.2747464439276321
183.3568765741819,335.3087097407618,145.9683447076074,0.00168,1e-05,0.00068,0.001478528806370083,0.0034803430958091327,0.029352501359487405,0.3137227525609439,0.034330469981319375,0.02135241841856225,0.012745560722312678,0.06858340679356961,0.00231,18.559195675705617,1,0.3664667286856146,0.8227489189209656,-6.927409967776424,0.17098287148738706,2.5998579690176546,0.1344793791781837
206.50365472135678,325.5977419989134,89.12513364973282,0.0072383623117677235,8e-05,0.00624,0.00106,0.00276,0.02009914041862685,0.27129871476749523,0.019683284038210215,0.021559550919162895,0.01572645752546857,0.0464889194908238,0.03904960957074259,21.842658660180778,0,0.3524795253879575,0.6344967647597315,-6.444141869659674,0.01029201761722473,2.779210997228855,0.1466177327856441
120.60975107521475,201.5709244298565,108.14230147354458,0.005885513320483854,1e-05,0.009616108968030576,0.00092,0.008296879855147175,0.01022,0.12079787415054202,0.029190136786081636,0.014447244103478486,0.00811,0.0246189503444614,0.04850318144364259,24.12897471692569,1,0.5239191309820878,0.7131420390713907,-4.686695113286927,0.205868691087579,2.568201279645085,0.27042589400758593
174.9098320940173,221.38561042840573,81.56026081648366,0.01059702414793879,7e-06,0.00092,0.00564,0.016248143498348636,0.020523001117761945,0.20302528437288986,0.010588684993102594,0.020307789181678637,0.02317039332411506,0.028028838902329777,0.039751732961613086,22.908729421036504,0,0.530111940480174,0.6959593087492814,-6.475287725193491,0.21765889890803883,2.286040505105988,0.1496923996797232
133.11024052168884,132.316580149515,95.30345641809821,0.00168,0.00026,0.004751693399454854,0.01958,0.010970391632748414,0.03941189433317602,0.39425321676806196,0.03472881053386197,0.023741139440069208,0.014453105698617753,0.0846006127485388,0.04454602246492046,17.53250582528466,1,0.588583016580801,0.7431240572189818,-5.275226312144905,0.21367444917077072,2.4469895115413918,0.2652934709868108
157.953782405518,194.91449683264395,187.90952234841,0.00168,1e-05,0.02144,0.006830523045670495,0.03489444336613978,0.040370975821582535,0.4302076753896994,0.004601413823199826,0.03304871278711282,0.04696678002723138,0.07213759450739839,0.08888173251729241,21.570902112646998,1,0.4635237231301861,0.8009698829886394,-4.332480698842623,0.22467911501539473,1.9815248281281312,0.3803581489624945
117.226,123.925,106.656,0.00417,4e-05,0.00186,0.0027,0.00558,0.01909,0.171,0.00864,0.01223,0.01949,0.02592,0.00955,23.079,0,0.603515,0.669565,-5.61907,0.191576,2.027228,0.215724
113.166,130.27,100.673,0.00502,4e-05,0.00257,0.00312,0.00772,0.05279,0.476,0.02896,0.03347,0.04134,0.08689,0.0369,16.747,1,0.625362,0.708617,-4.654894,0.304107,2.672362,0.274387
110.739,157.33128067048898,87.2533737515097,0.002084082866051238,7e-06,0.00092,0.00564,0.003092778742140256,0.010471631120514323,0.1215782809408095,0.00468,0.00606,0.008722155420524647,0.019537017655547932,0.00065,25.246735136109955,0,0.41827502218812407,0.7378902859186294,-6.089312480771542,0.16702143777621614,2.1620012284705754,0.17240130336002463
229.55766294410697,249.03734113011052,138.03265669403694,0.00178,8e-05,0.00092,0.00564,0.011056045156344237,0.00954,0.15975425969897178,0.004816587250056067,0.00606,0.00719,0.04541202161732244,0.025978614665450497,22.522537954003784,0,0.3181647888454385,0.6748349983127326,-6.831948634478464,0.10543965290881482,2.3915613368584894,0.10121575813995624
117.0639506166005,203.7469467045457,104.69474646608376,0.0021442763170072326,1e-05,0.00503467005144403,0.001215611584481884,0.00948989909720851,0.01022,0.09,0.00455,0.009902508970154511,0.013718553490053294,0.01364,0.00231,24.54351649004393,1,0.5861099170546744,0.7760115834544884,-6.037734350929402,0.3712776674530035,2.450607403094351,0.22292773079637712
96.106,108.664,84.51,0.00694,7e-05,0.00389,0.00415,0.01168,0.04024,0.364,0.02266,0.02451,0.02876,0.06799,0.01823,19.055,1,0.544805,0.770466,-4.441519,0.155097,2.645959,0.327978
160.47035802026738,188.87482949652207,222.63672118590483,0.002088277920967046,7e-06,0.00092,0.00564,0.0030098251778738886,0.00954,0.085,0.00468,0.00606,0.00719,0.01403,0.00065,29.52247461773138,0,0.6158010855884593,0.6880415314177475,-6.98583031754726,0.17779232484261812,1.423287,0.12219475025145472
135.8759128801883,131.4543184711584,74.287,0.005557767937561142,7e-06,0.00624,0.00106,0.011616919121528131,0.018010654530578887,0.19204083104784847,0.00606817925958268,0.020359416221639618,0.02745,0.03531263286642012,0.03504144706605183,21.717608828763744,0,0.5959808233352326,0.6965640936469535,-5.857516384603026,0.2523656277473122,2.211136344893677,0.17768471124404445
137.33969892286152,182.02720155890023,117.4143452253814,0.010592761190461845,8e-05,0.006238395925930403,0.00106,0.00276,0.029479373299576,0.20799810093228938,0.00468,0.019348772789666353,0.010603210776144942,0.036418650381120556,0.00065,23.731228459044875,0,0.6284329447274123,0.7318720881800803,-5.989366503920381,0.21800046658726935,2.2524007036937883,0.16791805735335102
162.568,198.346,77.63,0.00502,3e-05,0.0028,0.00253,0.00841,0.01791,0.168,0.00793,0.01057,0.01799,0.0238,0.0117,25.678,1,0.427785,0.723797,-6.635729,0.209866,1.957961,0.135242
176.21219441769642,256.7871313239577,75.33882765044864,0.00168,0.00026,0.00479051086432415,0.01040288698354474,0.0218002997016764,0.035708409692378235,0.37003006920764747,0.04460941178478818,0.024691498447042628,0.025999275481162903,0.09843455092565268,0.035912392348194815,15.685579914865087,1,0.6748908898965498,0.6172268453120343,-4.833372540464566,0.2981134231794564,3.210778050401581,0.2572426625931715
236.2,244.663,102.137,0.00277,1e-05,0.00154,0.00153,0.00462,0.02448,0.217,0.0141,0.01426,0.01621,0.04231,0.0062,24.078,0,0.469928,0.628232,-6.816086,0.17227,2.235197,0.119652
146.68835379089043,102.145,113.43767619653586,0.01352612897690018,1e-05,0.0011771832328832553,0.00092,0.00204,0.025228123983769953,0.1438559282855728,0.00455,0.0057,0.02773972435689778,0.023776035590099238,0.00231,24.632923854724044,1,0.45145644621085307,0.7058119875908748,-6.643293311617707,0.14338828397523862,2.258773666776772,0.093193
137.31559883633759,110.3377263959593,142.41657944717826,0.00168,0.00026,0.014147982668015018,0.00397063255132368,0.011869258849582037,0.03563830758528854,0.47303027587919305,0.026604950800919264,0.019995484193731,0.028256327221981407,0.07384491657071506,0.038610854810728124,21.337555516539723,1,0.6035385153620618,0.7409051244539206,-5.933604201793903,0.22016193616372992,2.2604545551173594,0.1759649676341381
150.95212564280723,221.594566459516,65.476,0.006834773636011833,1e-05,0.004743531383684966,0.00092,0.00204,0.01022,0.11224441830284704,0.014442388292384445,0.0057,0.00811,0.025438197314413394,0.00231,22.726096169052937,1,0.5941093992779467,0.5973812854169659,-5.273083726030147,0.30456203352622224,2.8080101310960597,0.23589563072482417
194.88331095150878,320.6250733356752,100.61780100247778,0.00168,0.00026,0.015503373944517316,0.00092,0.00204,0.03020513696355405,0.176596779285524,0.015685429795031194,0.019857466706044227,0.023188024036774436,0.042049596663808864,0.02034421540999897,22.13292207805665,1,0.5712934057985678,0.7296427367616183,-5.705717763782283,0.27864888519206754,2.493849487287651,0.227097490281218
160.95988509882298,295.1721549247189,92.26390766872001,0.00168,1e-05,0.004957457077902607,0.00092,0.025161612506669,0.01022,0.24830417965634638,0.010413524157253183,0.0057,0.014938723392807073,0.030577090920415963,0.022279829970069064,19.189921405458012,1,0.5960943539034745,0.7408359533277453,-4.9374337909376695,0.353309072661567,2.4932839411570735,0.2717197616383995
118.90472912750279,281.85797888214364,76.6209232722408,0.014421651032727528,0.00026,0.00738359313154501,0.0073303932137950495,0.010609943988175259,0.027250395416975347,0.24381920902276716,0.013741803981888116,0.0057,0.010943056626419319,0.060858118817189555,0.052195108811522076,24.87334072864629,1,0.4875641108306165,0.6917463007646525,-6.235246265337558,0.21459934412131826,2.266858155468595,0.1557089432937554
189.44452475930927,113.597,239.17,0.0136,7e-06,0.00092,0.0024107537592248634,0.00276,0.00954,0.085,0.00468,0.009623865342647695,0.00719,0.01403,0.00065,33.047,0,0.3451380930533723,0.7479882223718097,-7.230767369350467,0.20380426928433595,2.040120771266766,0.0974383383678073
125.036,143.946,116.187,0.0128,0.0001,0.00743,0.00623,0.02228,0.03886,0.342,0.02135,0.02174,0.03088,0.06406,0.08151,15.338,1,0.629574,0.714485,-4.020042,0.265315,2.671825,0.340623
93.57141117081136,102.145,99.78075749319527,0.019899969871441516,0.00026,0.011184809080073198,0.006171666479619125,0.010847043586571514,0.035014158896801144,0.32438307318486326,0.028468059852093636,0.03845456573467383,0.03574456667617562,0.07225368848673466,0.05605532797082169,21.9805434637993,1,0.5490481323887546,0.7304502244458767,-5.545656901671276,0.172161959308444,2.011412071591106,0.22011334017163126
260.105,336.01625709388134,239.17,0.00867675761935469,8e-05,0.00092,0.00564,0.014614969106091353,0.026783565555236376,0.1975863014397006,0.02336,0.01484679262387781,0.015063275530360049,0.04065321760568676,0.0234205514609283,19.73077231751249,0,0.4065785856573614,0.62671,-7.4525274381987,0.08941146858683964,2.5700997796892295,0.08067938719353551
140.1270059919333,115.10330796092941,74.287,0.0136,7e-06,0.00092,0.00564,0.00276,0.00954,0.253568406168337,0.02336,0.00935171876026705,0.01552046662654357,0.057304044078437616,0.04572860513305103,21.384691363370006,0,0.5068237007840899,0.7108873309010945,-6.350118649251225,0.23082645626295042,2.177868390942871,0.16564699388271062
155.37913514106222,156.62066206163422,218.76533723723873,0.005169395766202829,7e-06,0.00092,0.00106,0.00937687699667836,0.01326465147491794,0.1248774032821908,0.013067167178939982,0.00606,0.00719,0.02749385246946677,0.00065,27.580424889629633,0,0.5189952035271326,0.7516519939807953,-6.509401006456169,0.291954,1.8308814342838118,0.12174909146629419
161.12639934961567,113.597,210.83425355596654,0.009928976615252254,7e-06,0.00624,0.00106,0.017034337158830445,0.00954,0.11748366258278395,0.012868730814194155,0.00606,0.00719,0.018902936114279713,0.016311714164226825,29.329223822958827,0,0.47381889219615675,0.7651297659473713,-6.963281466501748,0.2509740376451676,1.7360744226160043,0.10211111519688348
107.36602689597171,102.145,181.14053528938234,0.0023757394080363486,1e-05,0.00068,0.00092,0.0029445655145355805,0.04365457621838485,0.33113596634819914,0.027751354970553945,0.02912863478873188,0.013615253191444647,0.04822887438327913,0.011434119623468617,19.699200059768366,1,0.542078470058453,0.8054567932072426,-6.197427904767893,0.08033983814856016,2.0317986195607123,0.21716098565925665
260.105,132.39443595152488,239.17,0.00178,7e-06,0.00624,0.00564,0.0030304102601039972,0.017541085690978092,0.19225244000812183,0.01585926314343511,0.00606,0.018660608381007512,0.04113882824283671,0.00065,29.327421531288856,0,0.3499517341120502,0.6793377553113501,-7.964984,0.1372744715720291,2.1839815234517066,0.044539
110.739,182.48976310596595,74.287,0.0018584948910358588,8e-05,0.00092,0.00564,0.00276,0.03143774435258716,0.13573884455136098,0.00468,0.014592745850498644,0.008399195387700202,0.01403,0.009782094753155562,25.66938459515368,0,0.48776079956657425,0.7343497956474558,-5.747455576246415,0.22899304146400123,1.916482605736007,0.1767821805366044
198.61755760484212,113.597,204.90721632457178,0.008635779024560699,7e-06,0.00092,0.0025417845057331715,0.011506907052953878,0.012598839014370432,0.19298201530633016,0.01340017548322343,0.00606,0.016831094979762894,0.025673217567635888,0.00065,25.18381835551509,0,0.4246283585726988,0.7006432782565571,-7.245882894632258,0.21180186622950664,1.8895784146365715,0.11322336335103049
228.969,239.541,113.201,0.00238,1e-05,0.00136,0.0014,0.00408,0.01745,0.154,0.00942,0.0116,0.01234,0.02827,0.0042,24.547,0,0.305429,0.681811,-7.314237,0.006274,2.118596,0.091546
253.83163300018242,316.26633509325535,239.17,0.00178,7e-06,0.00624,0.00106,0.00799537853075099,0.0242722661192911,0.085,0.02336,0.011447082930653918,0.00719,0.03577860434733918,0.00065,31.279321961141278,0,0.35042737883699815,0.6479529730304591,-7.964984,0.07602813460028116,1.881583268956281,0.05818605209460517
260.105,326.30830945218327,239.17,0.007186444279246326,7e-06,0.00624,0.00564,0.013370190185433464,0.00954,0.12170985401477727,0.016927884471492773,0.02181997588677981,0.016315842573442825,0.03424781416330987,0.005642362992663956,26.148626221937356,0,0.38637003045822743,0.6426715889479309,-7.964984,0.09284678644290964,2.445660112496668,0.044962273492081095
125.36855430879869,187.62592746085318,65.476,0.013075432552431016,0.00026,0.011314531807878048,0.0019697942458380517,0.03541333162793429,0.01022,0.22095091192908828,0.013999660771903844,0.01712929950839185,0.00811,0.06255679424581743,0.02079101851915615,23.81498724996602,1,0.4776139707763583,0.7181538544072394,-6.09420548792394,0.2157801187152239,2.4426691445863393,0.15748376305680886
167.27039362430193,312.16274802513817,121.40739334174302,0.005128850296806528,8e-05,0.0022220038922386486,0.00564,0.00276,0.00954,0.085,0.009738519040965335,0.007923728316620261,0.019178969122604327,0.020773170391832647,0.031220355353275893,28.87321628812289,0,0.4118671028697028,0.7192564685755377,-7.230999080100405,0.1339728233072484,1.5614845250390097,0.09546179975091434
123.38714706991257,266.8409117264291,74.287,0.0136,8e-05,0.00092,0.002525899714287634,0.00276,0.033235658735216965,0.23660980272565832,0.00468,0.02452733207015914,0.010234832330099789,0.03385555409787709,0.0262570606304902,19.632662748172333,0,0.416234889400673,0.7378927394091973,-5.651409841443516,0.13014723982105833,2.41690526898677,0.18308644921781542
125.37123253291897,102.145,118.33452642867434,0.005235903810706493,1e-05,0.0028103227088436497,0.005241990571342971,0.00204,0.01770066882371943,0.1654412865836086,0.026435513409493842,0.0057,0.030827775561816213,0.02089718011556585,0.06248185419077788,22.191688850594627,1,0.4882049686787448,0.7020709223855353,-4.283224868849558,0.21623681077447246,2.5660893685642483,0.25495390972642984
136.0992950970103,165.51457862111,125.2907161640537,0.0288464817977416,0.00026,0.009014542544828717,0.008621015101267985,0.017493630357461175,0.019030573096134325,0.1987029638820268,0.005879416549045471,0.0057,0.01359756709794327,0.035911260850154864,0.020488844324533358,25.473855013975648,1,0.3835277224670345,0.7856106075002962,-5.8388015177489105,0.17222608968017802,2.040082581616367,0.21006093541938453
239.7618322070102,272.9719930021789,228.09148848172157,0.00178,7e-06,0.00624,0.00106,0.00276,0.01017311759801173,0.10947746517573803,0.00468,0.015171690998768358,0.02745,0.01403,0.00065,23.656147616776195,0,0.41770865695669196,0.62671,-7.096951498400206,0.04745189192991414,2.2351569698321447,0.09365437353127665
181.41070143923343,330.63884830215017,133.62244160217875,0.00178,7e-06,0.00624,0.00564,0.01486580544482094,0.023687131036952053,0.12660870596222526,0.02336,0.010623232748440983,0.00719,0.01403,0.02126956823593825,25.045445784209086,0,0.4206812076001913,0.6533417860289769,-6.556490333603846,0.12486257020552896,1.964900667707872,0.11227224754081215
106.3632887796692,102.145,65.476,0.00168,1e-05,0.00068,0.00092,0.00204,0.019045325417929308,0.09,0.00455,0.0057,0.01067919011604214,0.01364,0.0024913148452914563,25.837664731734,1,0.5132545426662779,0.6683182271926559,-6.34991021637681,0.2388302191531697,2.4362481361124404,0.16099592394713488
173.84063110013716,264.5977245865465,161.9368024585943,0.00168,0.00026,0.016447813455348213,0.013215392257195287,0.031559380621592796,0.05624633528948014,0.5080178386388754,0.008741316862318474,0.02806564352109427,0.037150296650899514,0.06677349806110566,0.04911258904886329,21.242856545981248,1,0.44023383768161706,0.7531488505031504,-5.216515392227736,0.3477280771955969,2.9522367978628763,0.1987838103339114
150.06092699289218,158.03327334316873,88.5884378804233,0.017360312077461342,0.00026,0.005484484201456355,0.012363661668738176,0.02049852510381482,0.06566775576553383,0.5387175011258201,0.03489663264278234,0.03665744065004439,0.03928292480139689,0.08760927455283357,0.11476773580891475,11.309014264739044,1,0.685151,0.7104652393627959,-4.125943101269447,0.37040341993434506,3.050720455873128,0.30912223389109067
199.56283706297106,163.1751190077417,163.63675532972314,0.012196607971980548,1e-05,0.00068,0.005729651038338487,0.02308791247838926,0.044615526091484406,0.3320457983830081,0.006692361479785311,0.02304233513917185,0.03472036606786786,0.05800668502329032,0.040989686499197986,19.913990996429682,1,0.34914314889726394,0.7388143884501531,-6.45393207070852,0.21296075978610463,2.659288141754394,0.11846469517080631
88.333,102.145,95.55406330296192,0.00168,0.00026,0.0010660008886670012,0.010203339315159595,0.021005863853981465,0.01321531565295675,0.09,0.011049361490014446,0.0057,0.00811,0.035668695725008456,0.00231,26.45044053409191,1,0.4279359802186886,0.7619263994741055,-6.5460086365192005,0.2341183639653633,2.31964450929966,0.14282220717460808
260.105,302.1986333698497,239.17,0.004809644503817583,7e-06,0.00624,0.00564,0.00276,0.022588519325851316,0.16927458195728862,0.00468,0.0075822422285688005,0.02166799468238821,0.021602385236648525,0.04495433972269086,24.454822741917717,0,0.3515567198352532,0.6754491082143306,-7.964984,0.17599021360762163,2.0597300236898564,0.0580445007164931
185.47491127519973,102.145,93.97617730557356,0.023436814063014986,0.00026,0.0069738875994864915,0.010572153653608581,0.01670008261740299,0.06267339187862116,0.494730383513018,0.024767830272308233,0.023876765513279184,0.04012583253878544,0.07551291050151251,0.029522277611666363,17.972370964961325,1,0.4710230181864104,0.6497835940063662,-6.050703708030933,0.21100508793363854,2.581204009559612,0.1914311150658886
138.91259642772528,358.4263996193673,74.287,0.00178,8e-05,0.004906755123097481,0.005086717900588893,0.01873,0.0296528118492998,0.20160856175261985,0.00468,0.006984448363706437,0.02230284841814687,0.03665641403572312,0.020564901901975657,25.333347360571132,0,0.4550673918889729,0.6737983404361021,-6.24594074652801,0.14733796387963866,2.147910360107265,0.14896837958079553
150.32967920009764,102.145,142.95414356211123,0.0067338455169616025,0.00026,0.0017164764727497913,0.00092,0.016262825742149628,0.03908300424483263,0.3980910728922679,0.03889526417892224,0.03415061940461323,0.04164467390415756,0.05031581172617657,0.009732319716942342,21.0327184066458,1,0.47545635058455693,0.7887788697784228,-4.505953386546435,0.3357880085841585,2.721382301111353,0.3387715690603198
221.64447278282134,113.597,236.91338938148147,0.00178,8e-05,0.00092,0.00106,0.00276,0.013436804567594923,0.13482147982247428,0.00468,0.020382194765639523,0.022439593989536773,0.037563735678798796,0.00065,26.089569349669603,0,0.38548110985712253,0.6629697101877534,-7.0985386859852015,0.0826034433377545,2.0929053547679453,0.1157116678707732
130.53460022970663,314.56236500183434,136.09936369708387,0.00178,7e-06,0.00624,0.00564,0.013004859900069967,0.022129404598237333,0.2103509702600599,0.005483211815228492,0.017710021387975228,0.009790007883688242,0.027347538522318006,0.019375315259510084,22.95612446425589,0,0.663842,0.6494777954171667,-6.278009028590119,0.22947792286409344,2.323481608821499,0.13080269442809514
145.65126841556068,261.40273644743326,169.00431159839397,0.011182888817772742,8e-05,0.00092,0.00106,0.00276,0.00954,0.085,0.014289598914121413,0.00606,0.00719,0.03288950332882002,0.00065,27.739797069338145,0,0.4036268115620502,0.7160184134374935,-6.551088507545162,0.1434764367461003,1.797108638614463,0.1604980036669124
110.739,302.1428981816592,74.287,0.0031840708957368885,8e-05,0.00624,0.00564,0.004158937632699901,0.026760662857708076,0.24312721633113862,0.014071743080763699,0.011317477040886474,0.015049921999959182,0.0234947883132711,0.015900834399066695,21.033925813240508,0,0.5480807890868749,0.6934123930272518,-5.7487095241925825,0.16120726262467813,2.272468991736049,0.18360058450500108
164.22516442560772,351.70885555035096,111.32319126541816,0.010573413784892774,8e-05,0.005268922519596239,0.00106,0.012487314965446843,0.023999580802243035,0.22634172215897674,0.01150885134527362,0.022205346872709406,0.009022543222526696,0.034398509404024016,0.00065,26.609802538707548,0,0.4847593260529579,0.714079202288687,-6.4345726591870855,0.15386317157694865,2.5020997593072267,0.13655911716492072
117.21174377084165,143.70970642697438,76.69679132931144,0.016403641358723676,0.00026,0.02144,0.00092,0.01278489148574119,0.040223733958340994,0.3643683428064982,0.024696256605651654,0.018493484933041874,0.03673114649376494,0.06645371783873487,0.0855657233558686,15.674594323524722,1,0.685151,0.6990034570965121,-3.9270066744258503,0.33685380069318893,2.689121149515591,0.320312604975276
161.55960491696862,330.37174862337883,74.287,0.00178,8e-05,0.00092,0.00564,0.00276,0.01692526784898872,0.27550439079992767,0.014660665174517019,0.02099587638932377,0.010693618124339228,0.041504256463314945,0.05620180500927874,18.022730887737183,0,0.4146361025513528,0.6753157484293507,-5.85386102481325,0.1158061671983906,2.440240177276596,0.19944206237385562
110.21433618541592,102.145,110.92232919684831,0.0143441621910766,1e-05,0.00068,0.012190432019143528,0.00204,0.01022,0.09,0.011982866134198009,0.0057,0.012631569428722718,0.01364,0.00231,25.575149755299712,1,0.5196617707678591,0.7680398452445699,-6.6792401565668875,0.15618107051308552,1.765957,0.1466633938571134
136.358,176.595,65.75,0.00971,7e-05,0.00534,0.00478,0.01601,0.04978,0.483,0.02749,0.02466,0.03736,0.08247,0.03361,18.57,1,0.543299,0.733232,-5.207985,0.224852,2.642276,0.242981
157.821,172.975,68.401,0.00358,2e-05,0.00196,0.00196,0.00587,0.03716,0.307,0.02062,0.02321,0.02764,0.06185,0.0085,22.219,1,0.50238,0.71217,-6.251425,0.188056,2.143851,0.160812
95.14280059847326,116.48371334202126,82.75522021934981,0.005904628668029261,0.00026,0.017684539017664508,0.00092,0.01878255345200832,0.02241875284857852,0.3024915615906931,0.024420351397493094,0.01519793867145186,0.03113564179749869,0.046918805255409854,0.00231,26.117442429910778,1,0.4711846269585315,0.7586376548703411,-5.257458772624608,0.1700609644615117,2.013914347861752,0.25999880607338743
202.266,211.604,197.079,0.0018,9e-06,0.00093,0.00107,0.00278,0.00954,0.085,0.00469,0.00606,0.00719,0.01407,0.00072,32.684,0,0.368535,0.742133,-7.695734,0.17854,1.544609,0.056141
110.739,486.91348091046535,158.64118530605586,0.00178,8e-05,0.0012808473546422018,0.00106,0.014759791794373808,0.00954,0.085,0.00468,0.0210779989849078,0.00719,0.01403,0.00065,32.915397523347124,0,0.44699856808443167,0.7532044002358884,-6.98715068175927,0.1285617515058632,1.8073892487518162,0.10205865062440092
88.333,124.39105018247506,104.5834021529685,0.012687925076354477,0.00026,0.01143903857833958,0.01304618771282426,0.00204,0.032257173045580075,0.35138715893673717,0.03911778452558217,0.006409503237639905,0.027353187596443725,0.054374295313136374,0.0532639618650693,19.823337705791907,1,0.6569335627507669,0.7440146347101003,-4.161654967960378,0.2923983068232229,2.273751843732,0.31960016443694605
148.20702330110146,102.145,121.99779514350485,0.004869755898358053,0.00026,0.00068,0.009483140041317327,0.037321430726006855,0.058837412516154236,0.4516848828364609,0.00455,0.012110264509664116,0.04831349346741616,0.06813030191593246,0.0206581031956495,16.719166237191995,1,0.6128119474913315,0.7641749613788364,-4.842986432658529,0.16211559029288414,2.47938052315555,0.25702192428787257
148.7745547523306,123.67381282253262,119.32564577775562,0.02333092227477369,0.00026,0.01167247728087172,0.00092,0.03383477053564711,0.048462907028009,0.3894627424900663,0.01266375177539364,0.039909045585318506,0.026946223908565145,0.07248586879282987,0.06987826768899397,15.083982638440109,1,0.5191210727295312,0.7717477269710483,-4.25209891166902,0.2311390332340046,2.9742459771367824,0.32000418889382143
168.65132587288633,213.96239047105212,81.3558143390469,0.00168,0.00026,0.00068,0.01958,0.0029538516730960532,0.011512350353729366,0.14018401837596894,0.006379972131211723,0.01190579467530889,0.00811,0.03254578032102851,0.041928779998318094,22.870413393665924,1,0.5553100847122376,0.6430007091332595,-6.174563299038858,0.3120378263016998,3.0005957765683515,0.16964485809152074
125.71548100306526,187.07129342016754,68.59952051774472,0.011975670180979297,0.00026,0.01176939909855673,0.00092,0.02264321853393352,0.01022,0.09,0.00455,0.0057,0.00811,0.02212953852407379,0.05038300128804571,23.47313775874117,1,0.508664058099407,0.7446423887109604,-6.324488051743849,0.23027321138421636,2.4396016577132915,0.10083719149700096
189.45727519339135,102.145,108.15307811443806,0.00168,0.00026,0.008235656075822651,0.00092,0.028359089366116867,0.0166728936135937,0.3831647981104915,0.02489098337251265,0.022787945772318016,0.018816327667626455,0.04000244459201619,0.054598489237029674,21.97638141931726,1,0.4075163192203393,0.6984795058420535,-5.913887054609004,0.20994381843544838,2.853342019269354,0.18467442628445166
157.71494995509406,227.91564969295052,93.0750129033409,0.006316112954845599,7e-06,0.00092,0.00564,0.00276,0.014634068551122804,0.08981932590994934,0.00468,0.010881587429638554,0.00995137770661337,0.01403,0.017531829459544273,23.837360160285428,0,0.5205284563070343,0.7053490534664643,-6.314620130104149,0.16494030669671428,1.844378726913987,0.16794844498548658
99.84112164243581,180.59478423332234,111.39759819987906,0.010714254384242231,1e-05,0.0034468048727475057,0.00092,0.017926855316360554,0.03689196421664268,0.3649698797081478,0.01834418554104095,0.0317665132890073,0.02341202589586349,0.08006372970325684,0.03805752842415752,24.464538875589803,1,0.3333099048773148,0.7980829004288943,-5.332366967344085,0.14525258993846873,2.3156758971872486,0.29576408790328196
173.54589951117788,248.2915262896624,118.3152210020051,0.00168,0.00025104930628436884,0.00068,0.00092,0.004206399375970114,0.020411329307276058,0.10382026201435335,0.011226094230991808,0.033826171044441154,0.00811,0.02688287508797671,0.00231,21.346077804203997,1,0.5881826628870717,0.759719311535074,-4.836806110750029,0.3272555286637722,2.6156438865734644,0.2618151300056056
190.83862502282574,265.2549878193544,221.05181838657694,0.00178,8e-05,0.00092,0.00106,0.00276,0.00954,0.14747908311121558,0.00468,0.00606,0.02745,0.035910599288328314,0.00065,26.036693763696988,0,0.36425548321892176,0.6956624279476142,-7.745972285994726,0.11779118698660748,2.086501937160385,0.044570793044995324
110.568,125.394,106.821,0.00462,4e-05,0.00226,0.0028,0.00677,0.02199,0.197,0.01284,0.01199,0.01636,0.03852,0.0042,25.82,1,0.429484,0.81634,-5.391029,0.250572,1.777901,0.232744
176.858,205.56,75.344,0.00747,4e-05,0.00418,0.0042,0.01254,0.04795,0.435,0.02679,0.03022,0.0351,0.08037,0.0547,13.893,1,0.556494,0.729586,-5.288912,0.343073,3.099301,0.242119
136.9415536634112,189.32456365923213,67.99943170690618,0.00168,0.00026,0.00068,0.00092,0.00204,0.01022,0.09,0.00455,0.0057,0.00811,0.01364,0.00231,28.197608259480347,1,0.42700686683251293,0.7095388560155116,-6.658376625361788,0.23911773697532987,2.582766640522413,0.13875850797378358
100.96,110.019,95.628,0.00606,6e-05,0.00351,0.00348,0.01053,0.02427,0.216,0.01371,0.01421,0.01751,0.04114,0.01237,20.536,1,0.55461,0.787896,-5.022288,0.146948,2.428306,0.264666
147.79509952141706,178.45042884054396,88.74281115456695,0.007600052703717562,1e-05,0.008020038764182011,0.013947517173368696,0.0060661975602085095,0.045363150241216905,0.5296408619184687,0.03594778725816737,0.032210549153706164,0.05140024266460438,0.09309849455368362,0.009572121338543703,20.51758864174238,1,0.4703571866619823,0.7877835472664488,-5.387573971631497,0.20178180853156036,2.038651176692769,0.279984287744572
260.105,272.59430073990046,186.71119052979165,0.00178,7e-06,0.00092,0.00106,0.016022015130775752,0.02046877110873787,0.11812428669430985,0.00468,0.00606,0.013742507438663303,0.01403,0.00065,26.47027093021452,0,0.49507870053653064,0.6677477375025905,-6.772191537977021,0.10616016563800051,2.0009794170366133,0.1323820253143012
155.30661201547656,268.71127969621506,91.85176555295992,0.007116593862433186,0.00026,0.00068,0.012393673831010046,0.00204,0.03616323528744354,0.21903424599836724,0.00455,0.008270834623444315,0.00811,0.04485964478537891,0.00231,19.796663048879235,1,0.6002024194205573,0.6904435037567815,-5.700683109795569,0.17282809589497822,2.0780030882858083,0.16584338824924322
110.739,149.2010194318808,93.34718087397681,0.0025764581293229636,8e-05,0.00092,0.00106,0.0035085150670093783,0.00954,0.1381496558971244,0.007625741901509331,0.00606,0.010302194801161802,0.01507962962246996,0.025941679649650017,24.8356033341931,0,0.5158904549909757,0.7748131981361827,-5.815222176397221,0.24274067430370766,2.3418997029278663,0.18215241048504932
170.64821624194474,143.7780633503495,107.19481475246464,0.00178,7e-06,0.00092,0.00564,0.015298822884205556,0.019844381802287592,0.16888254541109562,0.016580463844727146,0.011594268115507973,0.02745,0.01403,0.03951081124921872,20.86634674954475,0,0.35551293279691887,0.6795921748454046,-6.341655115273197,0.15387458124175557,2.355598173823898,0.15317937970306522
189.99947971196838,457.2282380043685,124.80673193397922,0.00178,7e-06,0.00092,0.00106,0.00276,0.013342183967755578,0.09154237134814659,0.0057570880751928195,0.01850852147664202,0.01635844187554101,0.02281651436933177,0.006932170319419682,30.291899948063644,0,0.4342497198533406,0.6659198987456684,-7.188261931502089,0.12751121152315303,2.4017812400923124,0.0863381431762375
139.36250714688637,111.22225571747666,125.63486500017387,0.00168,0.00026,0.00068,0.00092,0.00204,0.01022,0.09,0.008274106849662484,0.005946206837760218,0.00811,0.01364,0.00231,25.829530618229665,1,0.3908977728986106,0.7222277360788184,-6.0271292295697165,0.16521771028139218,1.9780376384165472,0.14973183369247278
128.60466090266507,313.1537481770043,115.07989911622946,0.0183323365777319,0.00026,0.01708287796537341,0.007641527988966071,0.025718859424933873,0.06041150520832032,0.6735007468196076,0.03519049881538518,0.03424267447080594,0.04804905777225197,0.11100083857765859,0.10650979133211681,16.300290251129024,1,0.5492386163636543,0.7904813888971299,-4.517051993059368,0.25693692015785174,2.2976645502416524,0.324691143672036
159.93199336120458,113.94819692025776,112.3466803377554,0.00178,7e-06,0.00624,0.00106,0.008716020009436932,0.04087,0.19617116930195375,0.01144886473688082,0.012799579125814428,0.01412133837994405,0.030546554041213085,0.028518283084123408,25.685874848607238,0,0.447667550969317,0.7542249146861215,-6.37779943352586,0.1811617142250426,2.4981708183804145,0.15057376808441703
214.02383756275913,220.59556470693934,166.70076629981637,0.0056682974423494965,7e-06,0.00092,0.00564,0.0076751112250020015,0.01437542800846624,0.11212251633727993,0.00468,0.014829195376161626,0.00719,0.017113887613793944,0.0020092052960481045,30.446123928811375,0,0.25657,0.7362186830264652,-7.64181274136097,0.10264954474638582,1.8184930444742518,0.07094800698027101
182.66614478740888,243.66740307847564,68.04673468447888,0.00168,1e-05,0.009580632662012842,0.00092,0.0088913350720487,0.056860791972314716,0.5794449650712064,0.04547984155791895,0.02587017016183414,0.04127773034161406,0.09332377028273735,0.06962477338972627,16.715160982776446,1,0.5910486478532102,0.6509088642570254,-4.510581900885649,0.23968282378714256,2.82977295914984,0.2823274044525465
103.15177926651955,190.1541092756068,73.03605583294313,0.0022586986176128254,1e-05,0.003778945336832807,0.012387467849849253,0.015184094518315198,0.022762465735891555,0.22128136906425877,0.01301100970811381,0.03924447829266148,0.02625947074480214,0.04804309398420931,0.04599920229038261,22.151826373222068,1,0.5436125987406882,0.6558890111471728,-4.344529118626644,0.29123138081124966,2.445939634600183,0.3087935385507625
133.5830784050759,132.364832664578,65.476,0.00168,0.00026,0.009529028677253651,0.007385399033578594,0.00957002070458674,0.025215602847248386,0.09,0.02035894828254326,0.02006491272864374,0.00811,0.01364,0.013856762930209265,21.664836330092463,1,0.5696061198815217,0.7211386496625952,-5.85705587811104,0.217105901186819,2.3099952817184564,0.20197932684715117
179.08623281241356,382.8931343206888,99.43955184065099,0.017983742454130366,1e-05,0.01966540704455884,0.00092,0.05081647006477255,0.07139227711780026,0.6396389667620355,0.02075711392830938,0.04990772927590844,0.053125756875942315,0.09756640523177365,0.08059121432333292,15.58270116408365,1,0.5691614914561225,0.7628287269357693,-3.752026169595238,0.3814796406281423,3.156688019816187,0.34734114770544955
120.552,131.162,113.787,0.00968,8e-05,0.00463,0.0075,0.01388,0.04701,0.456,0.02328,0.03526,0.03243,0.06985,0.01222,21.378,1,0.415564,0.825069,-4.242867,0.299111,2.18756,0.357775
127.44883861498568,148.91769479970125,71.69270234864914,0.015226777970274996,1e-05,0.010508057242789132,0.01958,0.034648900509506586,0.05254971055830526,0.5886113655634744,0.011730685513001238,0.03358913705427603,0.06484470681299873,0.10829399661025421,0.04785797859552354,17.27064018912376,1,0.6407153417378677,0.6613180744428327,-4.362790930335734,0.2495592073365232,2.494849464795385,0.3069581839651563
138.87851765505252,186.60882391632992,96.06892446746194,0.009807591570816124,7e-06,0.00624,0.00564,0.009613029473212962,0.024056221353242417,0.20742878814019697,0.00468,0.010300561326756075,0.011749023510701225,0.038055404487188055,0.0169817100451287,20.329031830604187,0,0.5363159644322685,0.7052273836868453,-5.7658871911831,0.1949095082936519,2.409143960154606,0.19999706979596177
163.4521730497515,146.35683680445385,147.5198539442298,0.00168,0.00026,0.0008310008958997126,0.011429704235074419,0.007092689882740255,0.014638272041838634,0.09,0.00455,0.010167721667856436,0.025194353062828016,0.01364,0.00231,24.68185774699558,1,0.41717342149937464,0.6853026237584899,-7.120925,0.17639349306136975,2.539385400824994,0.093193
235.41409511097763,351.1420079700532,134.0419331536417,0.005167804055979484,8e-05,0.006160878103570141,0.00564,0.00276,0.00954,0.16892532296232954,0.02336,0.01480743902112248,0.01590685214101633,0.04313782453900832,0.03858078896178708,22.26859392674183,0,0.4936743866329546,0.62671,-6.634163033315531,0.09742030996507194,2.5807802312132435,0.10089621352041103
239.41145782271644,316.7361962172264,176.2867448424003,0.0136,8e-05,0.00092,0.00564,0.009873346669158501,0.013672323649823988,0.23064953543349098,0.013141085465246758,0.02498,0.019125542918670586,0.028972194645410503,0.026908608263189478,22.854273355923585,0,0.433092239399163,0.62671,-6.859182780600257,0.12210756989748432,2.778154681120399,0.10073771663284156
213.91702722262002,136.75406504122324,162.98170624692057,0.010411745362973467,8e-05,0.00092,0.00564,0.014289887369049303,0.016358776865650144,0.17462117402865687,0.00468,0.020620867076623407,0.00719,0.0447047540223366,0.022200684789921158,24.721888144012304,0,0.2749667146132184,0.6852031673685678,-7.319359628577766,0.05051483912557318,2.3392317701568732,0.11883902653235505
154.003,160.267,128.621,0.00183,1e-05,0.00076,0.001,0.00229,0.0103,0.094,0.00469,0.00582,0.00871,0.01406,0.00243,28.409,1,0.263654,0.691483,-7.111576,0.14478,2.065477,0.093193
123.46050774431302,123.57930355656964,118.3445378135287,0.012384161183651906,0.00026,0.016582078492521298,0.01958,0.045417204297214506,0.03518493444509072,0.5873896481908771,0.03297432965688801,0.04174751698368167,0.05639240332376007,0.08808286017166367,0.08784537435990303,11.696900320907353,1,0.6089153178865542,0.7584232355846547,-3.9494631737476347,0.3784831395547848,2.5039449537712333,0.38373612229122167
158.8685720703762,168.12263044553572,167.90469439151283,0.00168,0.0002280629779136009,0.0017484849382750074,0.00092,0.0037439252051593543,0.02240851693208375,0.16260289995532445,0.014102688125720188,0.01355143037359183,0.029365493470233185,0.030822849883971718,0.00231,24.73355873993897,1,0.47657219426475683,0.7413615067232241,-6.141254025370872,0.269802188742211,2.5179727156329985,0.16747198899862442
222.236,231.345,205.495,0.00266,1e-05,0.00152,0.00144,0.00457,0.01643,0.145,0.00867,0.01108,0.012,0.02602,0.0034,25.856,0,0.364867,0.694399,-6.966321,0.095882,2.278687,0.103224
147.97266238538012,227.65295313387372,105.424792319756,0.00168,1e-05,0.003055797760346768,0.017591263974534994,0.010756300449422832,0.03254308772734636,0.43801970877126695,0.030115168255486206,0.038096472802515324,0.029499726440273325,0.06033565543444149,0.06697230815362717,19.348491187838576,1,0.5096517642076438,0.756921649938073,-4.928359114147081,0.3306623831450367,3.003991357837827,0.29326737636202366
152.9333823941657,226.13786637551547,176.19792295353847,0.007554814700547256,7e-06,0.00092,0.00106,0.00276,0.030405654156863866,0.19918465821285974,0.01392773332570561,0.012129708022927496,0.010381298405469702,0.03629234914655864,0.008263243789313252,22.41892574171718,0,0.5713000499871314,0.6688735725317507,-6.427286483337756,0.23928563519070328,2.4745719351059696,0.13638585897120525
153.02326376306203,326.03801994688627,89.08219421271352,0.006090746183107084,1e-05,0.02144,0.00092,0.013906413068932423,0.02217545807472409,0.19923943576062664,0.023015808609862798,0.0057,0.016755467052402703,0.039955095261885634,0.052926480332894446,21.79708392921596,1,0.6061781614855417,0.6278130294168665,-5.147420325540375,0.34594910450657457,2.610223070588752,0.22927885198965176
168.03779414101723,174.2744727803652,121.12920753478959,0.008098766932415485,0.00026,0.00068,0.00092,0.00204,0.04297293982199654,0.5210623699382335,0.031499212123202,0.01943550646387734,0.0358851738518376,0.07826588046937175,0.00231,21.719590060297065,1,0.4757499780234532,0.7666426691945141,-5.146362253385585,0.37653965078226725,2.709008024798898,0.25339394632335016
223.361,263.872,87.638,0.00352,2e-05,0.00169,0.00188,0.00506,0.02536,0.225,0.01379,0.01478,0.01909,0.04137,0.01493,20.366,1,0.566849,0.574282,-5.456811,0.345238,2.840556,0.232861
110.739,338.4425601937119,74.287,0.00178,7e-06,0.00624,0.005608915354412332,0.0032653503423837483,0.01009073848142586,0.16337572906762038,0.02336,0.013573668309504856,0.00720503568957544,0.04423267668202543,0.04479688625705494,25.952550026236747,0,0.4408088906490934,0.7286892724001486,-6.897783182342962,0.18800518174857098,2.2762712918410126,0.09230077454586248
175.62117212612395,190.9743598243205,109.63044659309904,0.004150640376733781,1e-05,0.00068,0.00092,0.026121238463553437,0.02643305330016265,0.23769008694800497,0.009963428768126658,0.0057,0.0242273083704474,0.03197593178995422,0.036615753421516,20.032376339147326,1,0.4320456904932689,0.7379513341821915,-6.748498647261615,0.12539811953910818,2.5032993889671475,0.13784851793156472
178.285,442.824,82.063,0.00462,3e-05,0.00157,0.00194,0.00472,0.01279,0.129,0.00617,0.00744,0.01151,0.01851,0.00856,25.02,1,0.470422,0.655239,-4.913137,0.393056,2.816781,0.251972
146.45562070329498,155.68910762023842,138.17584370584703,0.00178,7e-06,0.0020441348941367867,0.00106,0.00276,0.012487480320660134,0.22980276009788003,0.010559440097916825,0.008915251033433505,0.01856724865691979,0.023614844341283824,0.03632550802506509,23.565962170801537,0,0.475038868151521,0.7331791418451498,-6.933455122978473,0.2653130612942868,1.8491744671649517,0.10140646511814935
136.54367195889193,303.23147573418623,98.15674494483655,0.00168,1e-05,0.00068,0.0086598757992756,0.009274665979277709,0.015990891644374856,0.11743452460797757,0.00455,0.0057,0.00811,0.031348247715909126,0.03609824880605552,24.916490346977888,1,0.46373985593212885,0.612550383237978,-5.514114933853422,0.2989653154789034,2.650122330952762,0.16619912381132212
225.2140140865608,275.04498846365857,149.71456563385135,0.009745065176547517,7e-06,0.0035516845080787213,0.00564,0.012652784873431673,0.020363299796033567,0.25558107339842573,0.00468,0.01099618906394576,0.01303886583086012,0.058986600315947504,0.0033909359597954127,20.52460318495436,0,0.2737439559778412,0.7148361177802353,-6.745867211546048,0.10541600533815768,2.833296145001542,0.1355708651218249
95.056,120.103,91.226,0.00532,6e-05,0.00268,0.00332,0.00803,0.02838,0.255,0.01441,0.01725,0.02444,0.04324,0.01022,21.862,1,0.547037,0.798463,-5.011879,0.325996,2.432792,0.271362
150.43730930917337,102.145,158.11149847476727,0.01694474977208314,0.00026,0.00068,0.00092,0.016310895316028636,0.04527642104819536,0.4565291067108641,0.0286170215810346,0.02182828570116262,0.04170607780346604,0.06612193337540553,0.040228640769528826,20.087707241668557,1,0.3712814496301693,0.825288,-4.921540331203825,0.23175083227262494,2.6570559647928595,0.2822770212020508
233.29503131466075,113.597,234.8625357852543,0.00982489704280845,8e-05,0.0009922700426801402,0.00106,0.00276,0.04087,0.17375447871872768,0.0054938074261233075,0.00606,0.02745,0.03143757641900924,0.015980909054576616,24.150651366865375,0,0.3504032761743416,0.6783312364780165,-7.232742022176117,0.09627684991250773,2.6652195723604644,0.10133609214988235
180.61535381377004,283.78114292658154,136.97962193628203,0.012889269845527443,1e-05,0.00068,0.0011870958334219066,0.02168814482868866,0.03349056723628133,0.2740099727199956,0.03916563897191347,0.01832894184621695,0.04232662776037765,0.07031710076695066,0.04130150654526145,18.32226391908008,1,0.608156583331583,0.7126067322165759,-4.095438264263375,0.25937936006169793,2.591919446695472,0.31623354480249993
162.35269290630958,247.06666844384884,153.97450662246393,0.0136,8e-05,0.00092,0.00564,0.004089552018222658,0.019904499140233255,0.13750750089768488,0.02336,0.02498,0.014987330250658817,0.029248111606050693,0.011800695868703196,26.037771566471452,0,0.5562090227498997,0.6954668575731073,-6.342750173323445,0.2090856472382871,2.0112808371561095,0.1621106238512842
126.45344221242513,213.12399753834407,119.10741816876033,0.014571574986961863,0.00026,0.00068,0.00092,0.00204,0.0349600351823277,0.09,0.00455,0.0057,0.026418434089570567,0.01364,0.00231,24.80222528989344,1,0.6220343658708446,0.6592917194112973,-5.8341150794759065,0.19294405760581734,2.0927311092838465,0.18429565502373457
218.3472463272346,309.318323531621,144.89434677931843,0.00178,7e-06,0.00092,0.0035270612070313952,0.01112018723294685,0.03870124421940048,0.20406078793994067,0.012259566109944097,0.018388954254801537,0.00719,0.03791953646564754,0.0007667737448695654,22.650827343793292,0,0.3564719655429782,0.6663540554563241,-7.1838650924924705,0.05006831218371692,2.5445779284830805,0.051438239109924594
202.544,241.35,164.168,0.00254,1e-05,0.001,0.00133,0.00301,0.02662,0.228,0.01475,0.01558,0.02006,0.04426,0.01049,20.68,1,0.49748,0.630409,-6.132663,0.220617,2.576563,0.159777
139.07754951109828,176.4828077670588,78.34273769263575,0.00168,0.00026,0.0033702896499562575,0.008390859718654907,0.00204,0.04474284210979042,0.5051409444892154,0.024495001727900572,0.027761368001933386,0.049891676430910095,0.07254757549502269,0.007112805923085341,23.11555670047297,1,0.3609682521283861,0.7027178908813035,-6.1991765693293805,0.09452522035876959,2.363888906349121,0.15673750959013127
165.46602043567648,416.54142044205713,74.287,0.0136,7e-06,0.00092,0.00564,0.008674440208179417,0.00954,0.19833253220676775,0.00468,0.016341892859033615,0.013028463046579696,0.02765297309125061,0.03871601808136952,22.52168383537722,0,0.4197539815383981,0.6416171789510661,-6.40943030426433,0.08627227099947837,2.5428733447623566,0.12636499804309756
94.5168700179427,102.145,103.84858540157677,0.016691030706599278,1e-05,0.00068,0.00092,0.003309097009773313,0.02907111879612502,0.18850884794914863,0.02063606147346961,0.0057,0.009533183568982476,0.047712305340658734,0.017520096223329507,22.03086524996499,1,0.5227555017375587,0.6875221792281776,-4.811229874133986,0.15645047219974956,2.6368624160187464,0.26090537378265866
151.737,190.204,129.859,0.00314,2e-05,0.00135,0.00162,0.00406,0.01469,0.132,0.00728,0.00886,0.0123,0.02184,0.0057,24.151,1,0.39661,0.745957,-6.486822,0.197919,2.449763,0.132703
203.0954734081267,113.597,214.41432401039458,0.00178,7e-06,0.00092,0.00564,0.01542762214888609,0.011177874612278586,0.1234650267324149,0.00468,0.00606,0.02745,0.017929441523316762,0.00065,25.83346899460605,0,0.2978974955426509,0.6712414691537527,-7.082307465483205,0.09706131852355324,2.0186185547767006,0.08830906724652798
161.2509047698643,181.06562497436312,164.9550407926255,0.0136,8e-05,0.00092,0.00564,0.01873,0.00954,0.11171846209899434,0.010804730968779094,0.010138899726292021,0.01664527364250331,0.022092451024082648,0.00065,25.145589299195187,0,0.4232696620573016,0.6634934095946874,-5.853898515203465,0.13877180376008813,1.4951526040740328,0.18005817374802485
178.41006551281168,123.94846013245613,150.8752293936532,0.00168,1e-05,0.017857986754472515,0.007650631754445964,0.00204,0.020920236816315343,0.15284216938151243,0.018455759813742097,0.01453959899231216,0.010146307108907033,0.01387909776025368,0.04105724527205816,23.412142859713533,1,0.41567419034716596,0.7033847170196983,-5.831625205812416,0.23150267064505517,2.118838517260731,0.16955318815461273
168.59453017684586,264.56913947912574,108.34271911616864,0.0136,8e-05,0.00624,0.00564,0.00276,0.023869829358387742,0.1498757679056071,0.00468,0.00606,0.01725054907819724,0.026117031900705908,0.04240503157298162,23.53652395483125,0,0.36790076432990193,0.7037932931879483,-6.7113770888920214,0.06866675256192237,1.906785081294291,0.14312260472635255
107.332,113.84,104.315,0.0029,3e-05,0.00144,0.00182,0.00431,0.01567,0.134,0.00829,0.00946,0.01256,0.02487,0.00344,26.892,1,0.63742,0.763262,-6.167603,0.183721,2.064693,0.163755
151.64435768486345,203.9197627860357,143.08545484149542,0.0029711906149545867,1e-05,0.007240691219782422,0.009179773813041942,0.02889863481573806,0.06717165046892681,0.6942171134799563,0.019395920388216574,0.0316703503255487,0.06315511226426251,0.10932799676337121,0.08988331046180005,19.063446585006577,1,0.5161246538450162,0.7097975956323006,-3.6413981210245554,0.3820481256599366,2.410367925769969,0.3746005003531015
206.79213988882316,157.42423925086462,171.29493097487287,0.0136,7e-06,0.0038005177330424087,0.00564,0.006982640068629175,0.016395487476209072,0.21525596115581033,0.00468,0.02498,0.013181134689979055,0.029495101229159437,0.01083292696492054,24.40183218436149,0,0.4658475952625482,0.6816322075946744,-6.530157425769548,0.16147220890937436,2.2082075754702633,0.14384558434911815
135.5528874763924,103.02063097846057,104.13149151350645,0.00168,0.00026,0.00068,0.00092,0.00204,0.03183189708369536,0.09072020486739735,0.00455,0.012570092530542133,0.008786504186303574,0.01364,0.00231,25.775669792452174,1,0.5191674567617073,0.6928335836085046,-6.3085066625925785,0.27539095769684985,2.3879558368470386,0.11310922946001917
134.14398753667717,208.1955590910286,65.476,0.00168,0.00026,0.011209978771236093,0.0017515694249690883,0.00204,0.0223276783534786,0.09,0.00455,0.012260787535600786,0.012954867326656537,0.01364,0.00231,24.26311514793201,1,0.6415087157626919,0.6509775264552058,-6.0738761464956825,0.3363748798607529,2.623951331759221,0.19654026616843476
189.55154627048347,175.35789116752275,120.23595391710246,0.013242283548162804,7e-06,0.00624,0.00106,0.01873,0.03394957800538702,0.23490026216631532,0.00468,0.020449928998839646,0.014556327308252568,0.030445019017995928,0.05679940092928878,19.3551489476744,0,0.347959479507841,0.6853997611167483,-6.572732056133739,0.13012565355281366,2.435402576310435,0.12789277527535345
126.21321083077837,113.597,153.33797338341327,0.00178,8e-05,0.00092,0.00106,0.0073614558540276,0.018559955436346427,0.12209441199666421,0.013980455468387451,0.010569496748647959,0.018537257716150838,0.023664778771793255,0.00065,28.82745774759007,0,0.5386806891269922,0.7719260199453111,-5.8773639906498945,0.23058268215584057,1.480428722029368,0.20635732638116971
159.58943346447424,102.145,150.41584209670214,0.00168,0.00026,0.02144,0.0014930962756603814,0.00204,0.08180964559372983,0.6577869650155643,0.03932434539789763,0.04008723995780887,0.05477515793119227,0.11653021001791405,0.03283579917925621,17.640561491727073,1,0.45143125147269897,0.7510653377802341,-5.454863994329483,0.20587311860110263,2.3917184336467816,0.23152503756991014
225.1281761330693,279.11883325225,211.02353024618486,0.0136,8e-05,0.00092,0.00564,0.00276,0.02662709276152402,0.26531942058372704,0.011172635251995508,0.011160261785573266,0.02208117197956174,0.04445709714958626,0.00065,23.432641460740832,0,0.46937143522248015,0.6612815706281876,-7.888725918597559,0.1452397492949313,2.1078920374158057,0.044539
156.79739004571627,113.597,93.28978645393451,0.00178,7e-06,0.00092,0.0021368707502797063,0.00276,0.012994540466391091,0.19786169301542406,0.005016005177881713,0.00606,0.024557389493459352,0.03544650420617094,0.022897928382312083,25.33325737867959,0,0.2978092184652177,0.760317334006031,-6.849548100861839,0.18189458392109142,2.242528521735106,0.11755896387304973
200.03857243981383,113.597,212.99062217137833,0.00178,8e-05,0.00624,0.00564,0.00276,0.00954,0.2202964594568593,0.019041170532284067,0.02498,0.025011389389834302,0.049595595670142684,0.00065,24.595508120290262,0,0.25657,0.7041155015271757,-7.294597383387237,0.08916151300796443,1.9746340027704603,0.10241530129598746
110.739,148.69240508838624,74.287,0.00178,7e-06,0.00417405622995153,0.00564,0.00276,0.03046634473916203,0.16151817094086324,0.00468,0.014935900423191012,0.026984588317455628,0.03252005461723901,0.0007035236020451092,21.402962354695482,0,0.6244994292712952,0.7126903096073633,-5.198864,0.24858168001405495,2.016139536198518,0.252404
121.54741075537424,102.145,99.6510455494592,0.004443253173285868,1e-05,0.01629363922405771,0.00418544404465185,0.00204,0.014871729177680468,0.1339871762767083,0.01896646712298734,0.022433276688162196,0.01499866492564446,0.04120156783771957,0.00231,27.299750408894827,1,0.43635780850640915,0.7782778964152639,-6.245865894240793,0.15849746447304977,1.864945314738971,0.1244647162106341
239.7028344865925,190.5025096629093,157.65638372853766,0.00178,7e-06,0.00092,0.00106,0.012715064296001513,0.013217096735012148,0.15368625291738996,0.00468,0.00606,0.017420322216158267,0.02011094310936297,0.032736679301554494,24.2935189677503,0,0.26786134515770355,0.6944368872459988,-7.466624111324993,0.022833887796642277,2.227411741462367,0.08038046712902377
175.9565302046985,113.597,102.03864585721412,0.0136,8e-05,0.00624,0.00564,0.00276,0.0257603051429061,0.2643589983824389,0.01592465534804597,0.016734070923587092,0.00719,0.04403671028146201,0.023048154546065118,22.020288328634578,0,0.25657,0.7788359998344085,-7.0887716053004715,0.1929835758141332,2.417445534400668,0.10799236481188977
199.27818521421972,380.1609690951348,175.20124890192378,0.00178,7e-06,0.00092,0.00106,0.0030958212934655035,0.017720846319226536,0.15252180579364422,0.00468,0.008202311149405603,0.026719780122625825,0.01403,0.00065,27.317663415287928,0,0.5182261449035197,0.62671,-6.91385649177205,0.12061065254468747,1.9471456186526397,0.09134760359137294
152.04498885415575,271.57207231309104,74.287,0.00178,8e-05,0.00092,0.00106,0.01873,0.00954,0.20135654060765076,0.02336,0.018096729723282017,0.011249488880722214,0.023556100240172274,0.003626765184149729,23.81852058069715,0,0.6110445381274365,0.65157181655433,-6.153972840708589,0.2020321348589939,2.4634697666875365,0.14733960425403259
161.49745300622283,249.12519595348087,110.91240788415553,0.00168,1e-05,0.003967658240212667,0.00092,0.010348794533800484,0.02487993458613339,0.3843798286018103,0.016471379237537314,0.028561483545809993,0.032242907927031814,0.07052275460122914,0.04766624584032299,21.497661444849104,1,0.5379723870595361,0.6192017106638346,-4.499519381803743,0.27412384685725155,2.875368628133713,0.2558765898387973
158.68803987097962,305.0922899622049,97.6942345967964,0.00168,1e-05,0.014726759898479654,0.009146484322800375,0.030212640502737267,0.0455377722078992,0.7165568672442895,0.03845292877115136,0.03416516807913735,0.049362497175862365,0.11101656184397617,0.10976999559958961,12.609935963659664,1,0.6715603714221215,0.6488199144984277,-4.961193391687706,0.3065813587909759,2.8151640831375646,0.26905130426071405
110.739,153.54660142654598,74.287,0.010447965252196923,7e-06,0.00092,0.0030592463976248678,0.00276,0.01125026165793844,0.17147478015662748,0.011135060260715214,0.006700423450331245,0.00719,0.03441954960569701,0.00065,27.221639386941607,0,0.49887404451488654,0.785714,-6.0754806107379355,0.21528097394929202,2.2696501292603792,0.1418287135367732
142.74056201700336,186.96745962005798,124.53973511919084,0.002903161031640209,0.00026,0.00068,0.010288271504012823,0.012885358250501142,0.0445289852486819,0.46987477181127935,0.026294194900881737,0.04363927929482714,0.014085531485377436,0.09344964408772122,0.06908933643329389,17.682134436359583,1,0.4371102511592366,0.8239487639526123,-4.9185720703843225,0.2392575014585618,2.311942300419415,0.2885669689500253
110.739,113.597,74.287,0.0136,8e-05,0.00092,0.00106,0.004781359219834833,0.00954,0.17848928047223583,0.010578790914118369,0.011405337392093895,0.00719,0.03902651462350267,0.015796922899237814,25.842597729251032,0,0.5535584812847412,0.7813831798145185,-5.645077596973149,0.291954,1.9151056383650114,0.2020761656734617
110.49239479806491,102.145,70.03705175712362,0.013605548242481098,1e-05,0.00068,0.00092,0.0177569798949477,0.01022,0.09781632391627551,0.01890275462162701,0.010681620565440612,0.00811,0.03776641912573206,0.00231,22.068483495831575,1,0.5752864138659184,0.6863386780599037,-6.977354568945034,0.063412,1.776072462880831,0.093193
100.77,115.697,85.545,0.01038,0.0001,0.00622,0.00576,0.01865,0.03121,0.361,0.01773,0.01783,0.02139,0.0532,0.0222,19.2,1,0.594387,0.790117,-4.913885,0.265699,2.398422,0.277948
188.62,216.302,165.982,0.01719,9e-05,0.00996,0.01027,0.02987,0.07118,0.722,0.03474,0.0458,0.06824,0.10422,0.08069,12.298,1,0.55287,0.764036,-3.377325,0.335357,3.274865,0.418646
176.17190511069964,289.4885221484264,83.10820921982507,0.022837614077993937,0.00026,0.00068,0.0056340438280535095,0.03852139231858703,0.03393539483245497,0.2673780299857575,0.005082331093197412,0.0057,0.034883058590397746,0.0518274880795399,0.029702883384238925,22.728984397279064,1,0.4154549802887805,0.6919567786997557,-6.155660289914623,0.19515095459192913,2.523635264111218,0.16665188774629652
237.2022607050067,168.8887529144376,210.1839755713504,0.0136,8e-05,0.00092,0.00106,0.014768462580208138,0.00954,0.131083201455458,0.00468,0.012239143611507195,0.01088227156174418,0.014666477421373515,0.0010369261648717452,28.067977139797275,0,0.2726535804868123,0.7287465218465082,-7.030666774949212,0.09107504899948146,1.7716350755276122,0.10545966530941997
176.9307350190877,147.74366988867266,113.9699422954919,0.00168,1e-05,0.00068,0.00092,0.00204,0.01022,0.09,0.011028424424061201,0.0057,0.00811,0.01364,0.00231,27.28606647039068,1,0.438494270734077,0.6492894974240866,-6.637653208246174,0.26732165204839436,2.610786203456888,0.14276731340198098
118.747,123.723,109.836,0.00331,3e-05,0.00168,0.00171,0.00504,0.01043,0.099,0.0049,0.00621,0.00903,0.01471,0.00504,25.619,1,0.482296,0.723096,-6.448134,0.178713,2.034827,0.141422
173.71866900234053,364.738352954399,126.35559454243042,0.00514360117300248,7e-06,0.00624,0.00106,0.00276,0.012784840240697799,0.15295689978775687,0.00468,0.00606,0.017607663425829374,0.016648319636029207,0.029925531056205185,26.574205498196278,0,0.5602780906218393,0.6670394631519232,-6.923589105518459,0.14220340441700297,2.1336663318770825,0.1188532156193813
110.79146137654138,267.01515911973706,100.36521494824714,0.0028675263700036376,0.00026,0.00068,0.006168921077105943,0.023814076781461545,0.06075263072913402,0.5307591916889405,0.03216054933080056,0.04386125211858358,0.038513162708670765,0.07690543754398937,0.09384812759008712,19.395378290045112,1,0.5696008655165655,0.7580299318644261,-4.6261848160827,0.2920263707823767,2.495126027596108,0.28533272097329276
210.8326843338918,245.80713513254221,173.2970271419742,0.00178,8e-05,0.00624,0.00106,0.0041656215328281605,0.010187026943915396,0.15150226058981336,0.008375131943971601,0.0077327707047058205,0.013275289006119658,0.034288166857635485,0.006882267094807386,25.95036300930231,0,0.370282136181356,0.6821945249468074,-7.1501241660838355,0.122806730432444,2.490970147161054,0.07649387051931614
187.5765351809037,181.7954707496524,121.54221553530535,0.01278943995566541,0.00026,0.00068,0.0012946591599887355,0.011966371608229383,0.0644868244291999,0.5574773359036025,0.026407967135662597,0.053946703240770985,0.04942604822058698,0.09419059773346192,0.03708133580476004,16.924041214177315,1,0.5774010560538925,0.6672643142999096,-4.674337417774014,0.21040502074990616,2.4997665387417403,0.26781662849383775
260.105,316.13455737647496,239.17,0.00178,8e-05,0.00624,0.004109425894167774,0.00276,0.00954,0.085,0.00468,0.014185815912707121,0.011111657795119896,0.01403,0.00065,28.91820112076721,0,0.3282888383666336,0.6577653378437659,-7.741363838194636,0.08109445730810182,1.7075225626280313,0.052292393451033384
159.4031058311357,210.96393876862206,156.2610642043814,0.020702575831150732,0.00026,0.00068,0.00092,0.008927383315667387,0.0378185448508241,0.4463315415038315,0.017949403053346705,0.05892815958716764,0.05127795614296013,0.06938045923096718,0.07030338295212682,17.2318532332472,1,0.5586777823906991,0.666291406530878,-3.279731205775547,0.37711553367580153,3.353540368667252,0.3934492590101113
168.95105261553843,121.30300291315696,90.2526179044256,0.00883538656925622,7e-06,0.00624,0.00564,0.009928676204725356,0.00954,0.1631816076662239,0.010641084000992567,0.00606,0.02745,0.024445492505462522,0.0022713312139018022,26.361769766762173,0,0.4695912895922637,0.7811836592399578,-6.292225393984676,0.23369876261117956,2.160673978260351,0.13952908744317838
190.8654351819884,267.48635149234445,159.22773577583075,0.020993962723283337,0.00026,0.0126870403112878,0.002384738671473806,0.00204,0.01022,0.09,0.010667530540136447,0.020019193668085012,0.02365214162449484,0.01364,0.00231,27.12435386323677,1,0.32508573599655166,0.7270305583648091,-7.029887260289134,0.1973698789305979,2.3000758216865376,0.093193
141.2702262511037,279.1222679400841,78.24583815426433,0.03316,1e-05,0.014646224770891201,0.006022688592031925,0.017151124072322544,0.040359773694355686,0.3460513296337157,0.028587885817491426,0.023971218400833837,0.02656685991881977,0.05744648916609063,0.022613258737554872,18.133290654506837,1,0.5680478994318792,0.7396427849880514,-4.950667298263634,0.1316355470836597,1.7962574155765019,0.3172076764840541
119.992,157.302,74.997,0.00784,7e-05,0.0037,0.00554,0.01109,0.04374,0.426,0.02182,0.0313,0.02971,0.06545,0.02211,21.033,1,0.414783,0.815285,-4.813031,0.266482,2.301442,0.284654
117.79071571037431,139.24140393061975,91.10567600210086,0.00168,0.00026,0.00068,0.004570800227039263,0.00204,0.016258006539627414,0.13094121499045613,0.0098497970571809,0.01658042619715583,0.008229657257265585,0.01364,0.00231,24.553658467339044,1,0.5141194678646422,0.7012269052728588,-6.020987385281573,0.22314798512767262,2.2003391961247565,0.16002704163878634
199.92419858796336,113.597,237.40545036093897,0.00178,8e-05,0.00624,0.0014541835064107054,0.00276,0.01419672348353089,0.085,0.00468,0.020399014911158628,0.013630037114442925,0.01403,0.00065,31.002763839706514,0,0.38673513332869214,0.7421060502644111,-7.964984,0.13859298013605428,1.6267258643575717,0.044539
139.40368963078757,175.86830945449788,149.59781321394263,0.008144464721783738,1e-05,0.00068,0.01958,0.022712599013520775,0.07438509376041486,0.7001360299065451,0.04161744358115883,0.04582374358262792,0.06928865435127422,0.10883748110585095,0.07938995575488483,14.41692859567026,1,0.5114279657537908,0.7693737473368537,-5.399485233902031,0.21967955176286433,2.3995503294846126,0.2330661428977201
127.57209134389909,346.16726534083836,74.287,0.010703398133039272,7e-06,0.0036166487427079647,0.00106,0.01026822253197386,0.01180586914310833,0.1969600341316959,0.02271676931059616,0.02498,0.00719,0.03736954898479016,0.024729959839146075,21.86448377420917,0,0.41300718898737765,0.7210653757592584,-6.2446277217393975,0.1440218704911777,2.1935191082604124,0.16797312524625713
204.25198366086533,238.56048215420918,157.57988936144113,0.0136,7e-06,0.00092,0.00106,0.00276,0.030520969419331027,0.1779335644460742,0.014977355864304948,0.00606,0.008496325225752027,0.02264620509116844,0.00065,20.97046640598853,0,0.42612727394343486,0.641294491796917,-5.859553566393023,0.07973161678364545,2.524291199032247,0.2046312592346162
110.739,113.597,100.139,0.00356,3e-05,0.0017,0.002,0.0051,0.01484,0.133,0.00754,0.0095,0.01285,0.02261,0.0043,26.55,0,0.36909,0.776158,-6.085567,0.192375,1.889002,0.174152
192.270007550613,119.67668023722936,142.9710756391492,0.012777871751303306,1e-05,0.018801671279256263,0.00092,0.020214152068712785,0.03181834902219091,0.31738247511870743,0.014719133557099603,0.022138256843837877,0.03301353780972352,0.039968157359467515,0.00231,20.805129202439137,1,0.4523679945054495,0.7449096356983301,-5.38235626302014,0.184226247975178,1.9942183637216282,0.2607508779893947
145.174,198.109,80.637,0.00733,5e-05,0.00414,0.00422,0.01242,0.02362,0.233,0.01235,0.01495,0.01944,0.03706,0.01874,18.857,1,0.637518,0.735546,-5.594275,0.12795,1.765957,0.222716
213.4377695748169,321.35419905861664,198.90204384988743,0.005192477154338756,7e-06,0.00092,0.0040741946275461745,0.01330155317943274,0.01251587465268026,0.13043749910087415,0.00468,0.00606,0.015362999986019907,0.01403,0.009429655266935054,23.23536923812602,0,0.5586779398218618,0.62671,-6.8139324341627985,0.0996893534047067,2.477270045794068,0.1135127384035647
135.9881751424308,170.95520065744466,113.88943077747862,0.007925333645915938,1e-05,0.00068,0.008236319250861115,0.026701943683250184,0.06595120327418175,0.6804699501831046,0.04443984361494173,0.041268223908947035,0.06846077417809687,0.10171369801790137,0.11507467438403012,12.885148793516779,1,0.6409950831387112,0.7315800938929605,-4.452476897115871,0.3893189638626133,3.2353443163628186,0.32949682047609646
166.605,206.008,78.032,0.00742,4e-05,0.00387,0.00453,0.01161,0.0664,0.634,0.0365,0.04282,0.05114,0.10949,0.08725,11.744,1,0.65341,0.733165,-4.508984,0.389232,3.317586,0.301952
110.739,113.597,150.90838877936375,0.01156571480913805,8e-05,0.00092,0.00106,0.00276,0.03536322174196156,0.16204040703777708,0.006232619301566499,0.023578145132666747,0.02442495833294589,0.03485213118921524,0.00065,27.352730477173267,0,0.48101646793773,0.7705751277195526,-6.305766788266591,0.2870205781485963,1.7405020694028892,0.16159450744016407
148.462,161.078,141.998,0.00397,3e-05,0.00202,0.00235,0.00605,0.01831,0.163,0.0095,0.01103,0.01559,0.02849,0.00639,22.866,1,0.408598,0.768845,-5.704053,0.216204,2.679185,0.19771
260.105,257.26749524351317,175.56853270046463,0.00178,8e-05,0.00092,0.00106,0.0035327550607754305,0.022493884868596853,0.15856316685505742,0.006394037725582411,0.014672311247952853,0.00719,0.014390604118370046,0.023463075960656218,21.7286349055433,0,0.4903038093943482,0.62671,-6.725103023879725,0.05247351596385465,2.5956083139246156,0.1322058056242841
222.52988739668132,431.83349831542347,108.7879469471869,0.011341789452749362,8e-05,0.00624,0.00106,0.00276,0.035683479095787986,0.235229012301001,0.008086642550758845,0.02498,0.022454008571341645,0.04318095069251341,0.008103252968084963,21.027850133802286,0,0.3963616653745015,0.631272546562851,-6.357268548701599,0.09920803508655818,2.641166355996508,0.15046339022238933
188.67647982843044,187.7368659362036,193.18546840689027,0.0032965991005785063,1e-05,0.011949285567883404,0.012152239886593015,0.00204,0.02371188362932111,0.157514297902841,0.00455,0.017975019732368293,0.027300765742083098,0.020308151457249207,0.00231,27.402496328923984,1,0.36151272271045487,0.7043574653475637,-7.120925,0.15582959573620025,2.0422171404115748,0.093193
148.09,162.824,67.343,0.00762,5e-05,0.00467,0.00354,0.014,0.05428,0.497,0.03357,0.02494,0.03635,0.1007,0.02431,21.718,1,0.487407,0.727313,-6.261141,0.120956,2.137075,0.141958
120.256,125.306,104.773,0.00407,3e-05,0.00224,0.00205,0.00671,0.01516,0.138,0.00721,0.00815,0.0131,0.02164,0.01015,26.017,1,0.468621,0.735136,-6.112667,0.217013,2.527742,0.170633
193.65503668059566,208.43239387862283,156.18452298479383,0.005477750469669997,1e-05,0.006713737340398518,0.012702703935789003,0.014258513145810628,0.021222784346042814,0.34048866185037646,0.018754586222686997,0.012195666216121696,0.01553746750008901,0.06256373247759872,0.029949684201864443,22.40538412830721,1,0.37816091809441094,0.7565953182742797,-6.436449938179447,0.16389678625378312,2.652849182964643,0.14780228393781414
173.02125419153157,274.77757278143673,124.70989982133273,0.012866509810780637,7e-06,0.00092,0.00106,0.00276,0.016191903725625297,0.21399116898658682,0.009064493618522693,0.012198540197574118,0.0265831407954617,0.038898649415845865,0.02806326441800063,24.262486797511684,0,0.5009888148206754,0.6458974011392531,-7.453165867164399,0.10872369135468583,1.959519808604779,0.07616577732722771
115.19931272263888,248.29161735676942,159.3216711046245,0.0036119082937076056,0.00026,0.008526209882697356,0.00092,0.0057631746655803185,0.02498619011865819,0.42596676715988024,0.02069796378920692,0.0057,0.00811,0.0679764905726749,0.044357956078203364,19.480021238506218,1,0.5948226791826976,0.8151505727781556,-4.458351769271953,0.3120135374150841,2.8511725190727906,0.325044218239228
205.47532678673227,195.97502381904107,198.02800168615832,0.0136,7e-06,0.00624,0.00106,0.0063654697203149625,0.014499123918538878,0.1395032915950762,0.0070961426466185015,0.024311387481255643,0.020930732404665357,0.01403,0.00065,25.3809975995183,0,0.37343488225405025,0.7037275721799442,-5.9293806743938475,0.1620778985206721,1.9375367972219866,0.14465435669830748
165.80979182449622,344.7616480407959,81.98847972977755,0.01023078325038711,1e-05,0.00068,0.008482497125263395,0.00204,0.05273639674188127,0.5006720365007218,0.03669304378606647,0.04791980817729595,0.02831695962495281,0.08461716185307225,0.049332053474903007,17.48852854545487,1,0.45734425233115156,0.7068822372073744,-4.574149183989965,0.34493315277181447,2.8940363311841435,0.30631201895628857
110.739,303.4407108280648,74.287,0.00178,7e-06,0.00092,0.001309756571833395,0.0068459356389802386,0.00954,0.16644569798087783,0.005939816861095508,0.02498,0.022414127739379702,0.027528615362252262,0.010510208839651987,20.765960452443217,0,0.4831043954354992,0.6698620759917482,-5.533488360352026,0.11840363918542804,2.431948879846554,0.22416679281928042
168.71248931171263,113.597,95.06851678413076,0.0136,8e-05,0.00092,0.00106,0.00276,0.03300930599768922,0.21363319149749044,0.01417224842243306,0.010101749551235632,0.0142544602702625,0.033378108462693394,0.004084712761216368,23.08401049909608,0,0.48447187569335315,0.7379443002750437,-6.782732353127985,0.23788901769777726,2.3186200621906305,0.10798321089889253
183.02452501402078,299.1625118676237,97.21510343328984,0.01239408882015178,0.00026,0.02144,0.00092,0.029873749566484246,0.01799602694163836,0.21708274485278456,0.00455,0.0057,0.00811,0.024315756610864766,0.04917192746888262,22.094418007845157,1,0.5237234709573776,0.6706416447986532,-5.5442252799685106,0.19001946742364867,2.153532305611494,0.2013803799950569
138.57156475751145,254.18938121288812,88.52843767601131,0.012427654945499165,0.00026,0.0016215729808776846,0.00092,0.00204,0.020299069157018616,0.16932322928561458,0.01593441764309903,0.01002025828538114,0.00811,0.056431032681866694,0.008122462167298523,17.02349122075277,1,0.685151,0.6946184529615834,-5.122847870581809,0.17001167336831186,2.44463490468063,0.21329758244334968
222.06327475209505,113.597,194.49511366224,0.00178,8e-05,0.00624,0.00564,0.01873,0.017323457523809822,0.11384336865971721,0.016277626632571613,0.00606,0.00719,0.04592791568721838,0.00065,30.066703725872244,0,0.36646143221064487,0.7583218353743821,-7.350040336611545,0.12850124254977707,2.00189667361148,0.08993044409171147
102.273,142.83,85.902,0.00907,9e-05,0.00493,0.00461,0.0148,0.02814,0.272,0.01579,0.01553,0.02073,0.04736,0.03882,18.447,1,0.671378,0.674562,-2.929379,0.396746,2.560422,0.367233
155.358,227.383,80.055,0.0031,2e-05,0.00159,0.00176,0.00476,0.01718,0.161,0.00769,0.01012,0.01661,0.02307,0.00677,25.97,1,0.470478,0.676258,-7.120925,0.279789,2.241742,0.108514
163.0310776558252,249.95797892972672,107.77630167555127,0.013685753907572365,1e-05,0.010543402904187099,0.008785152346479046,0.02697966088146632,0.06505469167324751,0.6400459535322296,0.028413504473913682,0.017245464223052398,0.04153001004014201,0.11452690089194409,0.04076021672080103,16.655818438651217,1,0.40962733895484915,0.825288,-4.453833308653671,0.26781252482501666,2.7306494893882696,0.3026052979755831
198.764,396.961,74.904,0.0074,4e-05,0.0037,0.0039,0.01109,0.02296,0.241,0.01265,0.01321,0.01588,0.03794,0.07223,19.02,0,0.451221,0.643956,-6.744577,0.207454,2.138608,0.123306
173.50438289224164,309.8798480132968,85.17393902805489,0.0136,7e-06,0.00624,0.00106,0.014991758587089718,0.024873693118034817,0.17017464340423485,0.00468,0.01301543763337687,0.020329137981414135,0.01403,0.0044844907503581175,23.20527522696337,0,0.5385735901216154,0.6396735674627075,-6.163546759372422,0.18217728140077588,2.217738873674919,0.14924988313512919
240.301,245.135,219.783,0.00517,2e-05,0.00316,0.00283,0.00949,0.02018,0.212,0.01176,0.01191,0.01344,0.03529,0.00965,21.02,0,0.371837,0.646167,-7.169701,0.073298,2.266432,0.100881
223.6974057182958,198.53462234083534,154.91874986300172,0.00178,7e-06,0.00624,0.00106,0.01503097582819967,0.021464035871117955,0.21531708974077335,0.02336,0.007579271802447992,0.021009622254616882,0.03216718195681754,0.02629178290934308,19.766263593375605,0,0.45016342104935414,0.654891316911616,-6.108297150813783,0.1816523160724886,2.104987008567538,0.1676077721155169
113.715,116.443,96.913,0.00349,3e-05,0.00171,0.00203,0.00514,0.01472,0.133,0.00748,0.00905,0.01148,0.02245,0.00478,26.547,0,0.380253,0.7667,-5.943501,0.19215,1.852542,0.179677
129.5216962819194,366.8392486227233,137.79544835662952,0.004310967716143286,0.00026,0.01110896645284075,0.01958,0.022007401150540243,0.03437047420715545,0.4581713008858028,0.019625010753179302,0.03182380432725183,0.03167416385698776,0.04816350366362418,0.06102244214482519,22.849839144551957,1,0.3814032750037104,0.825288,-4.548516155780224,0.3120317966713116,2.530818219631023,0.35868609416399094
165.18284889943718,172.68877051942758,164.01608716409353,0.009293320376709055,7e-06,0.00092,0.005458608428768663,0.00276,0.020006211027885655,0.1070662376559681,0.008951583637099525,0.011688112752045518,0.014233158548732042,0.017978690725224747,0.00065,29.131540592523407,0,0.4129804228381767,0.7695318627695775,-7.170161680607234,0.18263600522247,1.90794932650646,0.07799111019150393
225.21002355672692,168.33739388971517,200.65492080003713,0.00178,8e-05,0.00092,0.00564,0.01873,0.03449536812512538,0.2506480500460818,0.00926858604145049,0.010529877646825996,0.007378743335407076,0.050161276435047794,0.002892818572756424,21.78018558391731,0,0.43559393910714744,0.7032842878094105,-7.260464485765925,0.14349891369201115,2.5359620755690866,0.06807028509938803
152.92089525209386,256.4597654150421,96.80268361674187,0.0030425263006495923,1e-05,0.00068,0.009661149087600074,0.003172912907497147,0.02397043797511944,0.14647526252909956,0.034771178186043805,0.008612019120112972,0.00811,0.04110314538537235,0.03643853725145472,17.55772533631481,1,0.6697485017010694,0.6644033846370377,-5.944565418657382,0.22720815359947094,2.524646059129797,0.15504671315653965
112.014,588.518,107.024,0.00533,5e-05,0.00268,0.00329,0.00805,0.02448,0.226,0.01373,0.01375,0.01956,0.0412,0.00623,24.178,1,0.509127,0.789532,-5.389129,0.306636,1.928708,0.225461
228.91534809047818,332.5337818275867,172.04617966993288,0.00178,7e-06,0.00624,0.00564,0.00276,0.00954,0.1250628233477559,0.00468,0.011541173400328663,0.017572107686616104,0.01403,0.027960124205530575,25.541253981713016,0,0.32511214422380635,0.7001941673256113,-7.3052905846753315,0.14898146023244319,2.3497123363113315,0.07480619267072003
127.81581451707865,102.145,116.65973950231056,0.00168,1e-05,0.00068,0.009203312660196515,0.00204,0.027488205597883925,0.09,0.00455,0.00801754908946228,0.00811,0.01718991496874217,0.00231,25.386489296770275,1,0.44231063200170523,0.744430466671653,-6.429820572874016,0.23744769260635032,1.9055080610527355,0.1492735985612017
171.19257862766622,233.8466724034567,123.0659237154575,0.00168,1e-05,0.014006813676393013,0.00092,0.015401196053542418,0.04769927242358567,0.48762473224447317,0.03367054704299739,0.0399730966493667,0.041981153275993256,0.07389835982331665,0.11549399577320765,13.885394871515683,1,0.5714616224779225,0.7228678457976909,-5.55056259153771,0.3073355139221109,3.205426628518273,0.20890109496792328
165.4589387987411,102.145,78.70281220594872,0.00168,0.00026,0.008698050612452003,0.004809172796528155,0.00204,0.025611140853726785,0.09,0.00455,0.0057,0.03361040583720816,0.01364,0.00231,28.23149202302073,1,0.4653709395006261,0.6011547670204539,-6.647320646016813,0.21543621536430307,2.4598209906940447,0.1394351525744819
143.9501963500951,196.82770004153562,145.97013536313722,0.00178,7e-06,0.00092,0.00564,0.012728568020216862,0.013356945659214962,0.20296166286568623,0.017051051362983002,0.010123736881235532,0.017340397093067686,0.044166338540869945,0.033292538542510505,21.82651976384654,0,0.43315900365941196,0.7541827955396403,-6.645392276376638,0.18111277826251232,2.349598088059654,0.1130916588982806
119.056,125.213,86.795,0.00346,3e-05,0.00169,0.0017,0.00508,0.01201,0.106,0.00633,0.00701,0.00915,0.01898,0.00903,23.389,1,0.470972,0.721308,-5.436135,0.254909,2.51632,0.232209
110.739,141.68384117730142,74.287,0.0033545823018332303,8e-05,0.004722345579990276,0.00106,0.01397436785627875,0.010462725196619792,0.19352596423550691,0.018580756610963006,0.013183844266078265,0.02069010325137226,0.03612453541624274,0.007909415862087996,22.426670371728957,0,0.5298168534585085,0.7253387051584745,-5.408416065542835,0.2654061991433997,1.8876631150296426,0.20176478168669182
216.2031100449096,147.07501869773665,158.84894117478498,0.00178,8e-05,0.00624,0.0012136044326312018,0.01873,0.00954,0.14363484847123142,0.006427406955180029,0.006274076181137055,0.00719,0.02396460181320083,0.00065,25.604242434778808,0,0.4385140385077809,0.743238357923148,-6.992251070276641,0.2232276966666154,2.032772480125169,0.08347671899978777
251.90034230056747,285.7794895333913,148.73782666456788,0.00178,7e-06,0.00624,0.00564,0.01873,0.025908992802298525,0.15204644738570147,0.00735595415013193,0.009332788945984114,0.02056590732592343,0.03512857866463699,0.018743448176118626,22.3701023556272,0,0.5347191090135608,0.62671,-6.940301507390517,0.11357076215642953,2.519514393204972,0.10034174076527141
116.286,177.291,96.983,0.00314,3e-05,0.00134,0.00192,0.00403,0.01564,0.136,0.00667,0.0099,0.01691,0.02001,0.00737,24.199,0,0.598515,0.654331,-5.592584,0.133917,2.058658,0.214346
184.055,196.537,166.977,0.00258,1e-05,0.00134,0.00147,0.00403,0.01463,0.132,0.00742,0.00901,0.01234,0.02226,0.00257,26.453,1,0.306443,0.759203,-7.044105,0.063412,2.361532,0.11573
151.989,157.339,132.857,0.00174,1e-05,0.00075,0.00096,0.00225,0.01024,0.093,0.00455,0.00576,0.00993,0.01364,0.00238,29.928,1,0.311369,0.676066,-6.739151,0.160686,2.296873,0.11513
215.83706891487066,283.05380180930194,107.81997312236692,0.0136,8e-05,0.00092,0.00106,0.018357444492795628,0.027812467276355515,0.21995052610586088,0.01690589567748644,0.015934622116976056,0.009965034811422711,0.038532885656602324,0.043275797711394726,18.575656673088194,0,0.34363725301454534,0.6413904059271001,-6.765752677244153,0.006274,2.694435633085679,0.10457959725469616
88.333,144.29394448035728,75.99162140383092,0.00168,0.00026,0.014590773104082543,0.00092,0.00204,0.019491656010040815,0.10977621863057055,0.018156827783825543,0.0057,0.020885364473592016,0.015267211287817078,0.016883939632531125,23.326451720035294,1,0.5293555516462577,0.721051520248509,-5.668358818921855,0.17223606372824152,2.199611359233745,0.2551098855710495
164.77454683340454,125.49499912648358,204.26634309983842,0.00683957619165974,7e-06,0.00624,0.00564,0.007899735206376268,0.009979903004589792,0.12893606153422563,0.004839379468185191,0.02498,0.014650784978643815,0.017227549308051912,0.00065,26.64407567682964,0,0.5462114316032172,0.7360504701786854,-6.522353125005971,0.17782317390884295,1.9648065815649116,0.15435569424050488
204.25077017559158,113.597,141.3796439618751,0.00178,8e-05,0.00092,0.00106,0.00276,0.027712688681225544,0.22435685420890206,0.007236479737997872,0.02498,0.009259775172281041,0.029347014963907455,0.02310194393006481,21.332229415224823,0,0.34371647644011666,0.723110995786618,-6.671900326685604,0.13900113092278887,2.239090120214473,0.10919741578847612
260.105,217.2654558674409,184.25930739024793,0.006401413225292387,8e-05,0.00092,0.0011308735365473882,0.007914227318751767,0.024935508833120297,0.15398831281203693,0.012323637409976412,0.017726516725292057,0.01146731980086111,0.031156039440222286,0.020304197957457013,22.368698349734384,0,0.33672591858019196,0.62671,-7.619374691619151,0.1187450997176353,2.7425941217880556,0.08502135325637186
127.16937919126543,128.97518242139546,91.27006018345233,0.030738147895917264,0.00026,0.00068,0.00092,0.04471082152034756,0.01919639818608141,0.30016901447912375,0.017587358834668262,0.03247777869658987,0.042764334110775244,0.04139392794510685,0.03135593788616169,21.15619918146129,1,0.548999998547367,0.7432019153846883,-4.640083583934362,0.2683930669271175,2.4121328463914824,0.2558425047565918
135.932533581314,220.0380492053869,65.476,0.017836763429173785,1e-05,0.00068,0.002321144894718163,0.028673894343299266,0.06836063477474252,0.4807924439833722,0.020043557456646963,0.01620002039935605,0.03228556377383472,0.07063316266443637,0.07820008121515185,17.335024612417804,1,0.685151,0.7135973359142176,-4.606282377058626,0.3279111623811489,2.709618476111023,0.3325181125059025
163.656,200.841,76.779,0.00742,5e-05,0.0038,0.0039,0.0114,0.01659,0.164,0.00738,0.00948,0.01497,0.02214,0.01778,23.831,1,0.397937,0.732479,-5.557447,0.22089,2.692176,0.215961
110.739,156.54118221690766,84.78129035537435,0.00178,8e-05,0.00624,0.0016368812528720518,0.012123702585868035,0.04087,0.2581631826452142,0.022660631124126036,0.008236675147546958,0.02745,0.04262210362278745,0.026004400140424763,22.237005922863375,0,0.43083152634758437,0.7770809968123611,-6.368089968253425,0.19196938134918096,2.037660859075049,0.183093571103605
122.66214566359398,285.4260645937285,74.287,0.0136,7e-06,0.00092,0.00106,0.01873,0.014019495582932893,0.13407790721756205,0.006964902894199895,0.00606,0.02400671389255434,0.01403,0.01597222791950523,24.071629801444,0,0.5260960551143229,0.6690726323705122,-6.416608404728118,0.15431268256639877,2.5371465466551775,0.16418905888362428
211.4919386989897,393.42571708483996,112.61358541410132,0.00178,8e-05,0.00624,0.00564,0.00276,0.018478623626226494,0.1357632552749346,0.007302889563088896,0.00606,0.007884657428000909,0.034314247155012884,0.01943623740488759,25.168557081526608,0,0.5781056700861614,0.6399201435203771,-7.518068981639201,0.2067730538854499,2.0635621310375765,0.044539
183.5438071441889,184.9698331704741,129.49256099747106,0.00178,8e-05,0.001602632040833028,0.00106,0.00276,0.01500744626721056,0.16564208500112906,0.0058889777800987435,0.012385300896725267,0.02745,0.01966980383460507,0.01786889226551185,20.79840073284403,0,0.5573938905124378,0.62671,-5.747248829504584,0.079013895809508,1.9689093488254956,0.2192586893553233
179.95380593947735,255.97326793005084,128.54265072716407,0.0024074190171880887,0.00026,0.00068,0.006719379193373422,0.00204,0.014389787696326914,0.42115740816017716,0.00455,0.04088844033118935,0.03428982637198376,0.04472199167234027,0.006564185770744406,20.635167244869347,1,0.42599260100051495,0.7513041549473218,-4.850594409095418,0.343246190107491,3.0779948076320967,0.28278532033029713
248.63276176685986,234.5134860920197,239.17,0.007356388216930191,8e-05,0.00092,0.00106,0.00904511442535211,0.00954,0.085,0.008504842653452797,0.00606,0.00719,0.01403,0.00065,32.49234161058761,0,0.49955370806831084,0.6427616929720938,-7.55974215495622,0.2432961445746737,1.423287,0.044539
248.44117018066976,246.80607727648666,239.17,0.012009852810533383,7e-06,0.00624,0.00106,0.00276,0.011065066099119277,0.12413584032850998,0.00468,0.010047298341152849,0.014433240488921173,0.01403,0.00065,29.989059293364537,0,0.37257259618651456,0.6872660604579776,-7.964984,0.07220974687754778,1.874021128041487,0.044539
169.48421816012217,189.25969660440575,104.2984835515272,0.00168,0.00026,0.00068,0.012365710953983974,0.008332986102615483,0.03700070326554097,0.3640043036923668,0.01860058429493207,0.008361732050024715,0.03616569667745864,0.0555512809066753,0.02081385955421355,20.541005785703522,1,0.5688453222573449,0.7028771542474909,-5.964670670178007,0.16863821615925392,2.958785984325519,0.17819795064287336
159.762066953345,195.1809270361543,125.1751518361488,0.009982735207021583,0.00026,0.00068,0.01069845483669253,0.024111716866825464,0.03756849438050521,0.28937514440245454,0.00798135356784635,0.015365064055783672,0.03207704745694077,0.05557345326481098,0.03435670751110872,19.83948033308367,1,0.3991148429293494,0.8107579019527402,-5.293742081804045,0.22515757574878736,2.4009819514492947,0.2146742757812419
223.361,267.2397678748631,144.78872354464528,0.006767335984346622,0.00026,0.00068,0.016961857791366063,0.00204,0.029715785586384158,0.24468608568857386,0.00455,0.02337359981226847,0.04285229302783501,0.04977099344010147,0.00231,22.310418028944287,1,0.42153665888471226,0.6783094501415489,-5.913884014893103,0.36609729612011954,2.4921193278546925,0.20544010442808633
176.19396118276768,113.597,239.17,0.00178,8e-05,0.00624,0.00106,0.00276,0.00954,0.08860729920465667,0.011728373979366213,0.017818182876742313,0.00719,0.01403,0.00065,30.213018351538523,0,0.35881275915721833,0.7750505153982233,-7.532654260750869,0.1844923341171821,1.7748816182318201,0.08845614093236934
205.6035123601246,304.6760369430972,239.17,0.012683755523987572,7e-06,0.00450143918595742,0.00106,0.00276,0.027047867637411495,0.11037560457815207,0.006272211534777887,0.017964811184244436,0.00719,0.027254215440745407,0.000878942726279839,27.335847496440074,0,0.5127571620785691,0.6508569048060922,-7.080540229759549,0.12866722532940844,1.8810992470302856,0.10213741111644672
212.05755605572665,220.42503851705234,111.91512558843013,0.005875507123399924,0.00026,0.02144,0.0032270319710477197,0.00204,0.01022,0.09,0.00455,0.0057,0.00811,0.01364,0.00231,21.82828650882008,1,0.5583485211725087,0.615711278113482,-6.04115803893467,0.27725661773020416,2.6842077116248704,0.15052928548086986
145.25020250625977,143.57980339861552,149.81781532549604,0.015827478924050536,0.00026,0.00068,0.012014652349379241,0.00204,0.03183518186188111,0.2391640613154725,0.009601118167601598,0.01311528551834046,0.04953248553976784,0.028112288637974398,0.010928094452612228,22.637329221426857,1,0.4161576911353525,0.7450651735688765,-5.617785328141199,0.28453629382212053,2.6013103102387904,0.2006837878519061
232.41409413410838,270.3272100575961,199.0555726595291,0.00178,8e-05,0.00624,0.00564,0.01873,0.029081585876555925,0.18296437726118006,0.00468,0.024175687487925722,0.00719,0.03266489205772406,0.02111756206695527,23.553438028438492,0,0.37252446649330934,0.6691650729774171,-6.88904100950838,0.07611838655499634,2.419085597728182,0.1098544436576841
116.388,129.038,108.97,0.00346,3e-05,0.00169,0.00213,0.00507,0.01725,0.155,0.00874,0.01021,0.01331,0.02623,0.00415,26.143,0,0.361232,0.763242,-6.016891,0.109256,2.004719,0.174429
153.046,175.829,68.623,0.00742,5e-05,0.00364,0.00432,0.01092,0.05517,0.542,0.02471,0.03572,0.05767,0.07413,0.0316,17.28,1,0.665318,0.719467,-3.949079,0.35787,3.10901,0.377429
247.4418887358251,281.34964444140195,185.61189585616054,0.009212891011581759,8e-05,0.00092,0.00564,0.01873,0.026056172509345638,0.16261382303839064,0.00468,0.01614941960263897,0.00719,0.043352054648654215,0.009298100977663414,28.880117054929435,0,0.28145453390379876,0.7105787273734608,-7.478633668738398,0.07842131577825803,1.940571507389024,0.044539
225.0184070705041,408.47089772815207,97.24320431717646,0.00178,7e-06,0.00624,0.00564,0.00276,0.028493838420455882,0.19850741314193557,0.00468,0.009044087312947348,0.02745,0.029619193067715016,0.003120015783698714,21.668392413938154,0,0.544507363461197,0.62671,-6.596886845542173,0.06733809409262753,2.3183234210914265,0.15555866047934602
141.6258033804016,263.7836344927374,67.29450531738419,0.003343706401859987,1e-05,0.010603304900072217,0.006654937297790091,0.010863365267319736,0.011120314257947364,0.12224269585582692,0.02126333281985209,0.0057,0.00811,0.024382312183287166,0.011045287755548729,23.55527603164727,1,0.5185243442806488,0.7073648556312756,-5.7692453553177305,0.2079717064215768,1.7796457300454027,0.19570185304037657
223.365,238.987,98.664,0.00264,1e-05,0.00154,0.00151,0.00461,0.01906,0.165,0.01013,0.01296,0.0134,0.03039,0.00301,26.138,0,0.447979,0.686264,-7.293801,0.086372,2.32156,0.098555
167.6141674129147,172.10086972503387,177.11311152416482,0.02864880396989974,1e-05,0.009239094101733082,0.00092,0.016629442482868656,0.05615761932200066,0.5021046885823728,0.02262016150533122,0.03644746432443894,0.019310587284654207,0.07992726944643057,0.06348147935989365,17.84878573063984,1,0.4710396722255354,0.7420833502187973,-5.469839692443105,0.31515294725123444,2.666817245231671,0.250960581037219
110.739,240.13133986023155,74.287,0.012791552112187377,8e-05,0.00092,0.00564,0.00276,0.022479058041534352,0.20586941595575806,0.00468,0.017542856040737954,0.02180572316676701,0.02923503435089966,0.04354773641372472,24.004403856315662,0,0.45233444389856575,0.7614928387293631,-6.674641621169077,0.20699978808536545,2.3505269552516546,0.14628490295371704
191.30266534343207,278.9263584067257,150.46183410959327,0.005956378103110064,0.00026,0.00068,0.00780956563359971,0.0179284724043983,0.04427148951612717,0.4660430768707804,0.02509181780161954,0.04713491278412145,0.035830999504788394,0.06935835986545894,0.04221880707373797,20.31978769771596,1,0.41748577646623775,0.6890198234396328,-6.007424417303353,0.2366582133367409,2.6995376646100344,0.15869304373634607
164.64742362011037,113.597,109.09395475321224,0.007933869620536509,8e-05,0.0024043159200002957,0.00106,0.011282700111397117,0.035274693632867005,0.153618902718129,0.020404913510529935,0.01096481205561438,0.02745,0.037118077811220354,0.025382928984964765,23.036140136332367,0,0.402562532922647,0.7163519204001452,-6.39889754952368,0.09697989458728098,2.3216621802542003,0.16131670548068264
113.38368616126834,191.74071884634543,65.476,0.002900340816161367,1e-05,0.010031983494486913,0.00092,0.00204,0.012349847870561988,0.09,0.00455,0.006348961015426103,0.02107361544988567,0.01678727097313734,0.00231,24.89550483523383,1,0.6259798130798784,0.686924893943706,-4.945524050709551,0.1870948923710622,2.375225647340601,0.22925432148491556
248.40884683823677,333.5626731525631,190.41749934445124,0.0136,7e-06,0.00092,0.003535507516038745,0.01873,0.018829660007533104,0.11045546027247424,0.015317938452448082,0.00606,0.00719,0.024620031628299344,0.03418209963707374,25.718629850562888,0,0.25657,0.6695989950676107,-7.215327710869868,0.03295846887071324,2.081907285649196,0.0880075541766707
128.83734222331032,247.52571012916692,75.91621026944362,0.0136,7e-06,0.00092,0.00564,0.00276,0.00954,0.11466793881639024,0.00468,0.00606,0.02232251895442296,0.01403,0.00065,29.65384989034166,0,0.37773409086559595,0.7498168159931854,-6.903699781386177,0.15325194938670225,1.8514214306258234,0.11789415889361457
260.105,214.3444583604248,189.72724535540624,0.008288946651313512,7e-06,0.00624,0.00564,0.01873,0.04087,0.1849444091165166,0.02336,0.00606,0.00719,0.02983673018750737,0.016030333799766268,23.022524766926363,0,0.47552738770120323,0.62671,-7.1278344591523926,0.043022266930795625,2.473675633026206,0.11064662622147454
175.8701162323428,113.597,102.68506071105642,0.00676136656010116,7e-06,0.00538018493132925,0.00106,0.005215784748565251,0.02605772578053714,0.16140249105435672,0.00468,0.013516944069615287,0.024023755247127472,0.050152866081803735,0.015351632467133398,26.895789540984822,0,0.35586538775343285,0.7550536119070905,-6.602170635128704,0.255608430866991,2.008281169525566,0.14291474205582122
195.34171245421294,113.597,228.69263959749927,0.00178,8e-05,0.00092,0.00564,0.01873,0.010221897993808595,0.085,0.00468,0.00606,0.010251637576011064,0.01403,0.00065,28.459852861621222,0,0.3857789575831097,0.7269776557457923,-6.915132329918553,0.1542971519964093,1.5601384224265686,0.10445415726630361
146.97886731110555,153.58381177094498,65.476,0.003391244931320518,1e-05,0.00068,0.00092,0.00204,0.025911054146274516,0.22550664404423365,0.016592472996802252,0.018607439554209217,0.00811,0.01705906428830988,0.00231,22.03205900667315,1,0.5520034730176048,0.7175352468171127,-6.112088239908416,0.2737881925162401,2.6994124716080035,0.17304020380617943
170.8655314370919,118.29251904564974,155.68747278891706,0.013420259889679933,7e-06,0.00092,0.00106,0.01873,0.021744884988684883,0.16851362859509864,0.010104635237287987,0.00720609359392853,0.014832788281482365,0.015082070513364444,0.026419082906146946,28.50254486374437,0,0.38306909180533194,0.7383355815803669,-7.328765636570441,0.24885846433775066,1.9659334659525305,0.11343925929127356
154.93817621868334,200.0045548137949,168.19706540295016,0.00178,7e-06,0.00624,0.004830906286438343,0.01233162748338084,0.019018874395965318,0.085,0.005535591180060708,0.016473630931590287,0.021759230287949037,0.017033194428009373,0.007085004302211212,27.33765756189742,0,0.4854401541976888,0.7200793913744729,-6.9172169012242986,0.16940960297660074,2.379191840878582,0.12675849950561024
88.333,198.1709220501544,89.03786776723678,0.0034096243548173808,1e-05,0.003030157336714321,0.00092,0.017008716611970204,0.02252708317703809,0.23266721549606428,0.00455,0.023303238216563858,0.033477525013484,0.0412047738783696,0.010651473961887172,23.56558110347707,1,0.5205936724293266,0.7991960923081768,-4.898699061430113,0.19916850471077766,2.1936991708783222,0.3166850027339034
145.2301933599682,168.01365315019447,88.9410888593413,0.00168,1e-05,0.02144,0.007981386993178392,0.00204,0.012809420215966573,0.24017796810559044,0.010540378685393774,0.019188897460208205,0.014020578720280752,0.03581928025335811,0.03609386441192306,23.82801791866316,1,0.5006780155140635,0.6289351690560098,-5.981562230800594,0.23906052873933342,2.068358902550815,0.1534162544054263
218.2965147963266,254.56977427879966,183.27596128774357,0.00178,8e-05,0.00624,0.00106,0.00276,0.01616706416415086,0.14533555647290014,0.02336,0.011594219943931068,0.00719,0.036968861113786916,0.00065,24.56461927331082,0,0.3295510609390335,0.6818563621825744,-6.21511378189815,0.02869704099454501,2.5855219581129405,0.1487774173728198
181.99822783457364,169.0285077696314,160.98392893433842,0.0136,8e-05,0.00624,0.00564,0.016105127210036672,0.00954,0.14294718253734934,0.0125919187979002,0.00606,0.013411466049145039,0.01771509542480544,0.02105774885357248,22.99877954492,0,0.5130418867084551,0.6608477551511609,-6.63438163502642,0.16809424621978697,1.9784775026281842,0.1533773805738911
232.32088865861525,262.3254000373456,147.69443000440972,0.00178,7e-06,0.00092,0.00564,0.016278359294935645,0.00954,0.1755550343954435,0.02336,0.02169809184212676,0.00719,0.03431555814319265,0.017562035259738207,24.986111375726388,0,0.41635266334526005,0.6575204363972106,-6.793558800907357,0.12449787972801493,2.034998140855959,0.10360159552175781
198.922438811507,244.8146163848564,161.92639031880506,0.00168,0.00026,0.005808638325480548,0.00092,0.013543953875344282,0.026371246003075235,0.22536806070091514,0.030429849941888423,0.016346583084519736,0.019055083948297014,0.02631597463452696,0.00231,23.61985891897537,1,0.263654,0.7767534926812711,-5.7219517580366235,0.31353614371389626,2.730613112557825,0.23919275246312058
198.1604759347804,389.8257673748002,132.48656956442517,0.007009250529861212,1e-05,0.00068,0.005465797239670039,0.0041269493294373025,0.025783580470478844,0.27689982019571735,0.005517945130533842,0.0195881826321362,0.02425431603278298,0.04802385050293559,0.07153728755050165,25.378234479499113,1,0.44322157513301597,0.7031065583892462,-5.276205791365034,0.11789066562228875,1.8293314829161846,0.27834006180087206
110.793,128.101,107.316,0.00494,4e-05,0.0026,0.00283,0.0078,0.02442,0.216,0.01432,0.01325,0.01831,0.04295,0.00479,25.438,1,0.437031,0.815908,-5.31336,0.201861,2.225815,0.244512
140.78244980582932,113.597,135.74543828194697,0.006328329616116939,8e-05,0.004482341047811411,0.00106,0.00276,0.022735698970457255,0.20549097610050313,0.009618323480136973,0.011390457280706468,0.021635192525657588,0.03599330342687606,0.00065,26.375000702391617,0,0.27663041156058543,0.7268098193600725,-6.589559583281521,0.13525425370339533,2.3621012777618082,0.10820518140318888
259.70604070247646,230.15025152022284,239.17,0.007326741276146197,7e-06,0.00092,0.00564,0.00276,0.01327378977592933,0.10025782460940363,0.00468,0.008047405222607457,0.020740663591190554,0.018765342775685756,0.00065,24.50411029441927,0,0.442128468245472,0.6502411344132506,-7.021329971583304,0.09580114741709372,2.4535761667264686,0.09288249104704012
185.5696391411292,102.145,127.16494714591643,0.012556469579555462,1e-05,0.00068,0.00092,0.007192190049972583,0.03587592309870316,0.3783141985410877,0.02789042759420853,0.02499218992533172,0.062354029759569135,0.06325468086226205,0.04077471703409899,21.893140204437834,1,0.4107285665751111,0.7701764685144282,-4.642996802738846,0.3865446557329878,2.842896209238514,0.2961711133824776
110.739,113.597,74.287,0.00178,7e-06,0.004511004145910897,0.0010805781388813418,0.016929146826759313,0.018006504055090456,0.24693816883841357,0.02336,0.00606,0.025748630767964117,0.05072911026280662,0.01656304345934094,21.3334291315532,0,0.6064171276033304,0.785714,-6.183763945448564,0.291954,2.234011159242903,0.14261252767553062
102.12677507669284,140.6086987263426,97.0083035266407,0.00168,1e-05,0.012100804571986956,0.013636471715728866,0.00204,0.035824524649065,0.36983426803278874,0.018136583459742655,0.023473656480607556,0.045306813472093324,0.056691679165742984,0.014814968289174328,24.58226893647795,1,0.3801775931100975,0.825288,-5.350752112126051,0.24826819265202232,1.765957,0.22214395196692466
206.327,226.355,92.02,0.00495,2e-05,0.00302,0.00246,0.00905,0.02105,0.209,0.01107,0.01284,0.01604,0.0332,0.01048,21.864,1,0.331508,0.715121,-6.729713,0.181701,2.938114,0.115515
111.15085412657834,137.00407007763204,103.20868666208078,0.012919872099411893,0.00026,0.00068,0.00092,0.00204,0.01022,0.09,0.00455,0.0057,0.010232368004652544,0.01364,0.00231,28.443221467921784,1,0.40014049391766393,0.7342725994461461,-6.43893075682205,0.13682419763651343,2.129894845928447,0.10682422903596941
134.5087481875021,188.75716767069554,69.42219470479583,0.0026936032470941283,0.00026,0.0071351450622689355,0.0013354064506405972,0.01309265347611012,0.033751285975246174,0.3414759724823683,0.00455,0.01807491582314319,0.03259842148816867,0.0438180776942238,0.048515571102108926,20.949405196589268,1,0.489090580173486,0.6977441347161668,-4.618212774921072,0.429548390460637,3.0962826666984062,0.28640018451594274
187.24826755779554,243.15738760785922,120.19341834670053,0.01249170339937914,0.00026,0.00068,0.00092,0.00204,0.012296306376788971,0.12413104194928457,0.012046177863186423,0.011067566110646661,0.01196205195645876,0.02685503788334753,0.03513833872602267,24.867574914424406,1,0.3421149854814539,0.7230455429008875,-6.482739367767682,0.13063475758776036,1.913709476901541,0.12958438579277134
179.711,225.93,144.878,0.00709,4e-05,0.00391,0.00419,0.01172,0.04313,0.442,0.02297,0.02768,0.03455,0.06892,0.07223,11.866,1,0.590951,0.745526,-4.379411,0.375531,3.671155,0.332086
211.0416357387972,228.51776195998607,137.47536478926057,0.00178,7e-06,0.00624,0.0027559163253096436,0.00276,0.01624847209087386,0.19187119723479867,0.011140746509273363,0.02498,0.02745,0.017406836728656384,0.006323008312694761,26.014092179264697,0,0.40137738650830745,0.7147306840278045,-7.964984,0.12788737649180665,2.1456007049140924,0.044539
167.0127332893391,298.73468179669777,96.60229023320431,0.0030112676479230136,1e-05,0.00068,0.0011412907298973406,0.0027775157325691403,0.03156183292154088,0.2627735638616392,0.00455,0.013120468557166538,0.027577585827899355,0.0353786843976141,0.00541263673851837,23.534141273833566,1,0.42879096428874813,0.7072172513750413,-5.884184920783047,0.27424724306689513,2.2711091051808325,0.21169027918730568
168.4784737564483,165.09178756171917,125.08877232943402,0.0034904056038014305,8e-05,0.00092,0.00564,0.015360048142799072,0.017754407013104205,0.1389413893373166,0.012998414758146528,0.008472876005074934,0.022411824470296056,0.01403,0.00065,24.40710750884314,0,0.47631338500351716,0.66853963948538,-6.560459089572926,0.06447650314129563,2.2172777193087394,0.15326466759883373
198.20279636433358,170.51566474824966,213.66565501213972,0.00178,7e-06,0.001488799232241396,0.00564,0.0070375373826594145,0.015454162564674327,0.08756401212906946,0.00468,0.02187584399508112,0.00719,0.01403,0.00065,30.824330670494266,0,0.5010563109788346,0.7686149521784378,-7.3922630356385595,0.2730257802470931,1.7826956748183407,0.04811339572986954
211.57586171698952,113.597,200.38363952509903,0.007544687155200371,7e-06,0.00092,0.00106,0.00276,0.00954,0.08520923102429197,0.009841677542510448,0.008821552510903526,0.016460064062026658,0.019159031980999407,0.013439232417417641,27.124945107226978,0,0.36655734316378563,0.7044487790417083,-7.611664878335663,0.1608452530347784,1.7587665302287578,0.06676116671280824
91.904,115.871,86.292,0.0054,6e-05,0.00281,0.00336,0.00844,0.02752,0.249,0.01424,0.01641,0.02214,0.04272,0.01141,21.414,1,0.58339,0.79252,-4.960234,0.363566,2.642476,0.275931
130.02899766200602,102.145,145.6355065623145,0.023258496118193642,1e-05,0.010782598168124609,0.00092,0.02978839467168903,0.04748364850203299,0.5290170659826903,0.035689482417433555,0.035611112622562065,0.04498094530316038,0.0790952840060187,0.041663431417299376,16.464307964567812,1,0.6019028200439146,0.7835536467935961,-4.913785590394149,0.09949884433366693,2.303657268461903,0.2800018905968917
232.04268603005178,285.72851335437605,185.80127018689257,0.00956384184728738,7e-06,0.00624,0.00106,0.01873,0.017811640782076015,0.12525813164100608,0.00468,0.00606,0.00719,0.01635756474331676,0.02379399870631644,24.279125513960498,0,0.5012766581522401,0.678138815731498,-6.656117513874391,0.16460858001297937,2.1872139417579284,0.10923871582374946
127.85449725874945,102.145,157.07332798024294,0.00168,0.00026,0.020313833843279155,0.00092,0.010011554517302306,0.01022,0.09,0.00455,0.0057,0.00811,0.01364,0.00231,27.04652992241245,1,0.4741645727654343,0.8110914043798241,-6.113767161410023,0.2104445860463783,2.272126268629032,0.15600561835941631
237.226,247.326,225.227,0.00298,1e-05,0.00169,0.00182,0.00507,0.01752,0.164,0.01035,0.01024,0.01133,0.03104,0.0074,22.736,0,0.305062,0.654172,-7.31055,0.098648,2.416838,0.095032
260.105,264.919,237.303,0.00339,1e-05,0.00205,0.00186,0.00616,0.0203,0.197,0.01186,0.0123,0.01367,0.03557,0.0091,21.083,0,0.440988,0.628058,-7.517934,0.160414,1.881767,0.075587
124.85087475383204,254.96491385424517,69.477122749525,0.00168,1e-05,0.012220614791147067,0.004545683141207102,0.00558937788971738,0.05181713127335465,0.5927880947039623,0.028642106734985302,0.038893468050917285,0.056080982789040244,0.09091899279339613,0.05177656390556981,13.874201092759389,1,0.573172057669454,0.7923003424366025,-4.090281316208618,0.44181955281060104,2.6659369412701777,0.3504494107413134
173.0632124684626,174.63811378872083,141.2008232175369,0.015057215634641942,1e-05,0.0051697083838612755,0.009484324120419002,0.03238473228374267,0.049535538025190826,0.47144947068761656,0.025714896357160885,0.022365214220938276,0.036624664454832354,0.0648690397187067,0.0739378787180588,14.169438522294326,1,0.5185230103478168,0.7631405275006333,-5.71762747568881,0.21905857873423568,2.7958894582871645,0.25872751877197186
156.82220106759883,147.15900252067044,124.10358314375398,0.0034903223098868225,0.00026,0.0017332583806684114,0.00092,0.015780303479646197,0.018671652341758847,0.22580963843132562,0.00455,0.023043609095794487,0.00811,0.04715230207418579,0.00231,19.36136728885487,1,0.38718813980964106,0.7499924814071895,-4.671442682130974,0.22968333919831518,2.6596572019838787,0.2706567507504969
243.19535028882683,174.0512467338326,202.915803324265,0.010261602309821557,8e-05,0.00184504838832409,0.00106,0.00276,0.01696248521036107,0.21260701329851817,0.021667024459563505,0.022669068590242522,0.016373640153817433,0.033418397073532016,0.00065,25.37189127416041,0,0.3274368383362207,0.7356105011747724,-7.032562158427765,0.1731083096300337,2.088029323842062,0.0832027483266666
137.81117223796736,182.64681400309286,65.476,0.00168,1e-05,0.0010615299767517301,0.008637629374758727,0.006712081792580941,0.01022,0.09,0.00455,0.0057,0.00811,0.01364,0.00231,29.928,1,0.39454740866869026,0.6763774529432727,-6.793294213991205,0.08190234371321084,2.138510658241122,0.093193
198.80370372812916,207.6303425521666,170.3754413423594,0.00178,8e-05,0.0021950819922566976,0.00564,0.00276,0.023987095746587826,0.16495271325593489,0.011742563013826595,0.00606,0.019297388281711056,0.04271080928883725,0.00065,26.713582827140186,0,0.5200163133342413,0.6923051748866318,-7.193488619901118,0.23090101326685425,2.0062820966324053,0.08646854095475232
146.47679893846302,252.38474313111755,74.75753600536196,0.00168,0.00026,0.014507431071931604,0.004207738324736714,0.03635703243885198,0.0682981810719071,0.5747735750083934,0.039584269560530815,0.036658926667008845,0.056303769595155595,0.09254988495278738,0.07842424709512695,17.393739869725838,1,0.5968071250855261,0.6499328901061665,-4.593895132305881,0.3474720112322067,3.0700544742186913,0.2856018557438971
260.105,259.8074515503278,175.82558594951675,0.008745077201930757,8e-05,0.0016768703233710322,0.00564,0.00276,0.00954,0.09545135885800825,0.00468,0.02003915164473338,0.021845074163971353,0.01403,0.00065,23.827972186428475,0,0.41645876607773985,0.62671,-6.99759981442131,0.11258280340179855,2.322387779520961,0.10102440092538847
260.105,368.72650953581524,239.17,0.004178898857587008,8e-05,0.00624,0.00106,0.00276,0.00954,0.09900676669095249,0.010994770737495305,0.00606,0.00719,0.015718550833510245,0.00065,27.927588288044873,0,0.35002674052437577,0.662031473555142,-7.938239249584352,0.04468950362760872,2.6310082842103095,0.044539
253.19580364435404,276.65363416386737,162.44473398546114,0.007357738406964393,7e-06,0.00624,0.005558570515306085,0.00276,0.023276478711681876,0.163164921314082,0.00468,0.014508033087791878,0.00719,0.03384979820295445,0.00065,23.698637492624943,0,0.28790950830319667,0.7090290302283124,-6.939320501401412,0.14688567943337227,2.209188770256504,0.1000435177771381
162.920354969787,224.89041182893976,134.33572414534734,0.0031237921147770973,8e-05,0.00092,0.00106,0.007118959491662657,0.00954,0.20518580043643475,0.010168601289885622,0.00606,0.017441303993654577,0.01403,0.025487979272033185,25.956190317040704,0,0.48612864922649357,0.69079019312954,-6.51754263228549,0.20639170401247614,2.2453462745682384,0.1283925098849433
260.105,133.23462298964563,239.17,0.010648652703748141,8e-05,0.0030476218940991857,0.00106,0.01617515039629947,0.00954,0.085,0.00468,0.012113036756981872,0.00719,0.027401056335789934,0.00065,31.393652543193078,0,0.27976878405060757,0.6918172452277727,-7.907337787821632,0.17523827586122634,1.9168940630797515,0.044539
193.38578552176222,273.42921660295235,74.287,0.001971530051777551,8e-05,0.00092,0.00106,0.011273799366199933,0.023781730431522628,0.126813262414583,0.00468,0.00606,0.008388866652702434,0.014940169437022912,0.023512406632571065,22.979884787301526,0,0.5053514583106218,0.6516213574210848,-5.5419863687725,0.15905119436579393,2.5964498126258926,0.1958252321990451
245.5708073888089,195.62938529925333,184.08116889389862,0.00832384659677504,7e-06,0.0023400906718283048,0.00106,0.00276,0.024301372124681357,0.1981314627353119,0.017554175463144757,0.00606,0.00719,0.027727743475183794,0.03216554726306685,23.30466487235968,0,0.27259100395163616,0.6831504412311942,-7.3258203512047535,0.09709292984621296,2.3246023368868145,0.09622033236046271
122.49748624212306,102.145,101.37866370336961,0.00168,0.00026,0.0027914415876500818,0.01958,0.019354367041027592,0.05187682795319515,0.49480052487792925,0.031180309677467967,0.0057,0.04057897623027904,0.07169617283830054,0.0669444089211894,17.404086849480297,1,0.685151,0.7168360327964627,-4.414289980695361,0.21486870410036474,2.28993295130247,0.32311836453355525
94.06206445160005,102.145,137.2159792727369,0.004567340805921411,1e-05,0.015380382964928054,0.00092,0.010736054010890037,0.05930003321558462,0.5302120584655441,0.030428890479062123,0.016967691095766086,0.03840349439125363,0.08611914902362282,0.07134935144623564,17.141031432708957,1,0.6682665930667159,0.6982389897475921,-4.353742873382501,0.2428542688603368,2.4816376337226553,0.2486764404965895
142.167,217.455,83.159,0.00369,3e-05,0.00157,0.00203,0.00471,0.01503,0.126,0.00772,0.00888,0.01359,0.02316,0.00839,25.175,1,0.565924,0.658245,-5.340115,0.210185,2.205546,0.234589
110.739,192.83140055709418,74.287,0.00178,8e-05,0.00092,0.00564,0.00276,0.0120464511089785,0.13644384627740858,0.02336,0.008104673620820204,0.016511464945840333,0.018422628178521944,0.005561643891737103,29.904994916923634,0,0.43287545488968426,0.7231439313451398,-6.087038842477276,0.18118076679265913,2.255809569315315,0.1740307019359969
112.3040692165849,102.145,95.7374068590326,0.012736473826272288,0.00026,0.00068,0.00092,0.006363728732334411,0.06032607688428257,0.5175331476016809,0.03638100381901252,0.02697758358592758,0.030570416133716038,0.07939019727509258,0.030592607720994532,14.87066740052859,1,0.5984243177536375,0.7860796409240776,-5.406348438567689,0.10279829141154381,2.066079041228911,0.24060913392040242
113.92178564960673,152.45369561750098,108.27264782674092,0.00168,1e-05,0.00068,0.00092,0.024062251583013762,0.027078680252950876,0.263608639823037,0.019514106756506062,0.03237151532991678,0.022731495849627935,0.0369503935235807,0.11214479449453613,23.80957873684629,1,0.41863668012803645,0.7018276924816218,-6.626060358577307,0.1339434692603313,2.2505510605232764,0.12906328465506173
163.81224565642037,291.7042134708122,77.67443728406639,0.008781682042463239,7e-06,0.00624,0.00564,0.015119115320465074,0.04087,0.346139117312304,0.01405938695023368,0.017481363215126472,0.017704025019608372,0.07008,0.04481913759039848,18.06298005302648,0,0.48143112847939773,0.671329952271496,-6.5528213115937115,0.22329036608280653,2.7048489277509833,0.15582736092961413
209.21937583711428,262.39143960571454,151.01409242762912,0.00178,7e-06,0.00624,0.00564,0.00276,0.02483194606886098,0.19500413828347207,0.00468,0.00606,0.02340157244961822,0.02532707217617003,0.008815087608174385,20.61909874208449,0,0.35531916318743006,0.6628742909440863,-6.154639589719991,0.12532741838779504,2.2686155468693996,0.18067153304641378
112.91313059682506,102.145,94.7333463292967,0.0043658929956277735,0.00026,0.00068,0.003660297510229614,0.014486901823269716,0.05377572216062976,0.512538393593457,0.041107028722702305,0.017771597126692476,0.051471445212230446,0.06914533416433444,0.10369822840791951,17.337787410951346,1,0.5120156720657225,0.7882908740749498,-4.338857934921227,0.3211991034321658,2.59151155555223,0.30899661467663414
148.143,155.982,135.041,0.00392,3e-05,0.00204,0.00231,0.00612,0.0145,0.131,0.00725,0.00876,0.01263,0.02175,0.0054,23.683,1,0.398499,0.778349,-5.711205,0.240875,2.845109,0.19273
126.512,141.756,99.77,0.01936,0.00015,0.01159,0.0099,0.03476,0.06734,0.659,0.03611,0.03963,0.05783,0.10833,0.16744,12.435,1,0.638545,0.674953,-3.760348,0.242861,2.634633,0.378483
185.7758315563888,196.60309492652775,105.37172712927709,0.004574293232343118,0.00026,0.00068,0.010761489827114688,0.00204,0.014619439265416593,0.19484093339937747,0.019291175045118847,0.0057,0.011228137413698172,0.03711457196881928,0.00231,21.728848463778903,1,0.44952977237682695,0.7242410463162549,-6.577631786478419,0.1532830774004439,2.2168324850544154,0.1704027721548389
167.93,193.221,79.068,0.00442,3e-05,0.0022,0.00247,0.00661,0.04351,0.377,0.02228,0.0254,0.04246,0.06685,0.0128,22.468,1,0.61906,0.679834,-4.330956,0.262384,2.916777,0.285695
132.657836733563,111.30579415694123,65.476,0.012379784858921963,0.00026,0.02144,0.013089829264401704,0.00204,0.01022,0.09,0.00455,0.0057,0.014618483127872915,0.01364,0.01998425098948162,22.348826235741853,1,0.6239801158310669,0.7188289680532038,-6.0646815230545075,0.19286692263307287,2.640097203604261,0.12337153634882882
239.86081020005633,213.60433370261507,129.4806002643707,0.010227780693127285,8e-05,0.00624,0.00106,0.00276,0.02824819483409747,0.20694131594975912,0.006921889339680629,0.020693992110299042,0.01839841671121981,0.04774851648319088,0.02583935192845581,22.52161481537922,0,0.3188139479658054,0.6802849458795217,-6.747231507061284,0.11189258193439239,2.6494901231682584,0.1505800487385505
260.105,246.2187137709938,191.0339277902314,0.00178,7e-06,0.00624,0.0011600770217339012,0.01873,0.01720504124997182,0.20639147867103982,0.006640393949047498,0.00606,0.00719,0.034692428076783605,0.042683344934666675,19.508324965990973,0,0.34087224682209105,0.6420509644740965,-6.623732277971904,0.03526099498366325,2.350076155068713,0.12078557934480404
156.20263399628445,113.597,74.287,0.006561579208755559,7e-06,0.003560990390150869,0.00106,0.00276,0.018884597462326024,0.19406495228538323,0.02336,0.00606,0.015741673486379698,0.022614445546114338,0.03663327604907483,25.551887675995392,0,0.40126621862465656,0.7458375943578298,-6.73947071497022,0.1928092234126707,2.426254067017224,0.13264549714219365
136.9142584897812,102.145,126.67212913394307,0.012545906825207748,1e-05,0.00068,0.00092,0.014428696085372296,0.06016205169076187,0.5477705551363447,0.02799306221164543,0.04532350017551855,0.038708072710205106,0.09622997037134512,0.08399674281440833,19.19220472173979,1,0.5573445405302421,0.7356088907465778,-5.382474882442141,0.2629525845587504,2.5903170137853837,0.22677232798807662
161.1510265463036,147.12113235620006,216.37568980704447,0.00178,7e-06,0.004072415643400666,0.003312520287740876,0.00276,0.012760100761004589,0.085,0.00468,0.00606,0.02262271601162965,0.023182267295116785,0.007380537762449369,26.011270238867578,0,0.5039019894610558,0.7003802595051162,-6.8789480826839435,0.18273456389152667,1.9400059878549543,0.11125422153943158
208.19117220524964,214.68212148216043,96.10826281822483,0.0022015331027354697,1e-05,0.00068,0.010050143713604904,0.0318543790120204,0.04096273414290615,0.5188843881837377,0.027398825853590273,0.03730291591581804,0.026803089356438815,0.08207101426824966,0.0766670042640548,17.42241256858175,1,0.42800768002533107,0.7244712115462741,-4.139876511214434,0.20763766909650144,2.525874074593722,0.336334748173403
90.30360053224497,147.46961188439082,114.95995501269763,0.010693196464670596,0.00026,0.011264473509992923,0.008165504816979344,0.02207087031667168,0.03233566649511342,0.2948959102558833,0.02938157635842909,0.026662555149649117,0.013185915974396086,0.08515274482838232,0.03872665925417898,19.9310605147644,1,0.6511377071436067,0.7565157104882326,-5.476301345151599,0.21846475588062841,2.076149105483114,0.21225218691627828
153.26305735823584,231.88120168186256,86.99331800530506,0.012182767676574792,8e-05,0.00624,0.00564,0.00276,0.01676552690692895,0.12443450189923144,0.02336,0.016055174549165906,0.02745,0.023535598509740494,0.001747407010597203,25.161680259282484,0,0.4993932664142557,0.7121482586229061,-6.590756878695298,0.16469350928331583,2.02992269425465,0.14607619907509117
114.12392632999132,263.1049839931186,75.4500934083964,0.007824215167779383,1e-05,0.00780550344426085,0.00092,0.018667007021760502,0.054216570667317374,0.5045242742666458,0.014516648500073684,0.04205016609829275,0.03986058207162936,0.06769960962534427,0.08903137244859632,16.500956153065534,1,0.685151,0.7212837035799234,-5.47029966314491,0.2922048398261319,2.6228110482677747,0.2466105011149197
172.21565158222757,181.95086592560403,152.78967933188954,0.00168,1e-05,0.00068,0.00433249635125529,0.00204,0.01022,0.09,0.00455,0.0057,0.00811,0.01364,0.00231,29.928,1,0.331230969866898,0.6891654571273991,-7.120925,0.1383828044268997,1.7787026859787134,0.093193
129.77174132638203,160.73918493147158,96.70115140898383,0.011164448453018592,8e-05,0.001513305225843635,0.00106,0.00276,0.019371187913410626,0.20569434010717103,0.009597471313820514,0.02498,0.018094754215058823,0.04862592351779248,0.015815940189766196,24.704692050809207,0,0.5696015710213529,0.7138668359898137,-6.3290968746759315,0.19946016502284689,1.5355821537518681,0.17513806412362942
235.59540402206284,239.23527108848035,152.45858655869762,0.0136,7e-06,0.00624,0.00564,0.00276,0.024933976313943344,0.21616041232343086,0.00468,0.020471328540760437,0.00719,0.046164666628921075,0.04397230723899249,22.362313515619327,0,0.3746025771858728,0.6532276477598328,-6.693069433054754,0.09350114420100357,2.254944984805314,0.1130027454355746
152.125,161.469,76.596,0.00382,3e-05,0.00191,0.00226,0.00574,0.05925,0.637,0.03341,0.03794,0.04398,0.10024,0.01211,20.969,1,0.447456,0.69779,-6.152551,0.17352,2.080121,0.160809
206.13096533186643,516.2956792033003,93.51064026822365,0.012681492286796462,7e-06,0.00624,0.00106,0.008164694339587428,0.022910494596252575,0.17328981859416437,0.00468,0.021635137759506432,0.00719,0.027384081171389994,0.03505639328239354,20.893338185699477,0,0.5004081150413277,0.62671,-6.054364022172928,0.10883899166589149,2.1527295084728064,0.1381124713615463
143.533,162.215,65.809,0.01101,8e-05,0.00647,0.00467,0.01941,0.05384,0.478,0.03152,0.02422,0.03392,0.09455,0.04882,20.338,1,0.513237,0.731444,-5.86975,0.151814,2.118496,0.18558
126.99333869773204,178.6948399247887,74.287,0.003226457764795142,8e-05,0.00092,0.00106,0.013187971215110738,0.02814642086066666,0.24205248602516802,0.017530615130151556,0.012829083067379135,0.02745,0.04850741430978171,0.021285489361558416,25.46488982456694,0,0.3764563715226412,0.768118474415578,-7.023461850296496,0.11201788823115288,2.294161101958394,0.10760217318132995
132.62356571695216,102.145,112.99617291645784,0.00168,1e-05,0.010874267531896962,0.011998950196696471,0.005255603184656961,0.04388896425705937,0.2891696640508324,0.01877471098485184,0.023765345835444977,0.05263782039986126,0.06201468853541359,0.029024500316777873,22.421702797769182,1,0.4878283567435282,0.7477526085400387,-5.984699229665193,0.21520261130420096,2.4303684037793296,0.15781862856835815
204.86181071912878,134.63326904580487,183.25737559881355,0.00178,8e-05,0.00624,0.00106,0.00276,0.00954,0.12630026646835316,0.007533881665528843,0.01412859624476322,0.01181814406615959,0.0248534791119463,0.00065,30.44238618264329,0,0.31926052770203517,0.7506688907776432,-7.339757452493966,0.1069087637130064,2.228569094523227,0.05991220894721942
180.978,200.125,155.495,0.00406,2e-05,0.0022,0.00244,0.00659,0.03852,0.331,0.02107,0.02493,0.02877,0.06321,0.02782,16.176,1,0.583574,0.727747,-5.657899,0.315903,3.098256,0.200423
223.361,319.5877316496098,149.91719499717505,0.012501941538190448,0.00026,0.009260659233337373,0.00092,0.009488186993254861,0.04979684001120621,0.6254468237602547,0.031309441014983605,0.03229686729882855,0.022613641149842233,0.11176975299568796,0.041734215573907385,16.172275518545653,1,0.3877879928733019,0.7594795239019677,-5.40645335971022,0.3106795569077897,3.168348991401104,0.22744267355340025
178.40934945450456,137.65617446896863,105.31721582909213,0.009931009154921962,8e-05,0.00092,0.00564,0.01374451892806446,0.00954,0.14215593904333745,0.00468,0.017772447531655675,0.00719,0.029777961026366442,0.00418921159123628,33.047,0,0.39233568152581266,0.7721671284948424,-7.336716523029797,0.12308171297619058,2.139815301634693,0.07392474357474252
121.345,139.644,98.25,0.00684,6e-05,0.00388,0.00332,0.01164,0.02534,0.241,0.0134,0.01399,0.02056,0.04019,0.04179,21.52,1,0.566867,0.670475,-4.865194,0.246404,2.01353,0.168581
110.707,122.611,105.007,0.00516,5e-05,0.00277,0.00289,0.00831,0.02215,0.206,0.01284,0.01219,0.01715,0.03851,0.00472,25.197,1,0.463514,0.807217,-5.477592,0.315074,1.862092,0.228624
199.47966394849095,345.17878848725235,124.31753607994764,0.0136,7e-06,0.00092,0.00106,0.00276,0.00954,0.16817841156510716,0.016830454267110495,0.02417180807928679,0.012282750097810642,0.029071334572346442,0.023237924251738835,22.93593768415555,0,0.46268945301877695,0.6433839233320887,-6.7598232248792165,0.09572999947771864,1.847861595016906,0.1080846584108936
168.13729585939853,190.5883881748475,160.8810281860802,0.012500448798481667,0.00026,0.00068,0.01582949078358396,0.022338802592204964,0.06056163645811164,0.4248872393074259,0.0322783791626772,0.027675295954706594,0.050466568910983264,0.09264647322901798,0.00231,18.13981953778521,1,0.41276084098646576,0.825288,-5.428486906538435,0.25810745324691853,2.4742207040483124,0.2674748776399642
104.51979666831033,127.17826728812899,100.20992080969192,0.00168,1e-05,0.00068,0.01165659956535349,0.02046014734904157,0.019161201028626524,0.3604847387282299,0.02743962031621209,0.02286388094605876,0.00811,0.05649832604582624,0.03373044548357985,18.877978662798398,1,0.5864804710774918,0.8193702684092107,-5.544050348544035,0.2539714882524395,2.2546829443175254,0.2615484951506802
205.7917679165598,183.6844931097808,199.30016452638546,0.00178,8e-05,0.00624,0.004733454863882326,0.004095295522851582,0.00954,0.21003479956366303,0.02336,0.008113728987788378,0.013877622721043401,0.01403,0.03691251327496392,26.638416604395083,0,0.29861064910751,0.7315685518827119,-7.964984,0.1609530891576203,2.0140858776278687,0.044539
114.563,119.167,86.647,0.00327,3e-05,0.00146,0.00184,0.00439,0.01185,0.106,0.00557,0.00721,0.01095,0.01672,0.00703,24.775,0,0.555303,0.659132,-6.710219,0.149694,1.91399,0.121777
160.13158492408922,222.0293202123591,65.476,0.0024432305575417873,0.00026,0.00068,0.007750760388518377,0.012850981341336658,0.03937786295825516,0.4289098478521949,0.015392784431153198,0.017735659661642957,0.024024950964586133,0.05864169734881112,0.02740358805968314,19.066753821986477,1,0.49575720708951887,0.6993868717775884,-6.0063341919022,0.2641056284240707,2.8977426430527946,0.16822645669775388
176.17106978212368,179.91933536104835,141.33899922632358,0.004910384682485872,0.00026,0.003300574055377044,0.013468158129391486,0.029252287530085623,0.04177056481003869,0.4591005934080935,0.01863649043778646,0.02395610512740833,0.043325678749283975,0.07099789536576591,0.07304002415892687,20.941009134251296,1,0.5680885342560658,0.6825523837421033,-4.701345200299507,0.37302101598264004,2.9025544304762683,0.25101574400099075
150.3656450533569,237.2977071193901,133.6853782541989,0.013687138540832217,1e-05,0.00068,0.00092,0.005866816280000842,0.01022,0.09,0.00455,0.0057,0.00811,0.01364,0.00231,27.250391720308606,1,0.3073848383856803,0.7668915616048445,-7.120925,0.063412,1.9875415461349084,0.093193
110.739,172.96781985897877,74.287,0.00178,8e-05,0.00092,0.00564,0.018016689987127493,0.00954,0.15217163262910804,0.015936248836009068,0.011613303849136256,0.013195234355933574,0.030815251949176257,0.010520158412036637,20.49866087104938,0,0.4265539940446145,0.7313512781673039,-5.371126935655155,0.1530299867498286,2.1420684153740233,0.20981200189176258
167.47721067978014,212.53524351183853,141.21983608598703,0.012668319754499597,1e-05,0.011986663811262023,0.0026206634339330467,0.00204,0.01022,0.2705219198490279,0.00455,0.029331839137705356,0.03761406224796225,0.021147081350602524,0.0691571098272759,22.572707988797763,1,0.5606668496031095,0.7097029829434898,-5.6649172968203825,0.23995634422575146,2.4813205350418928,0.21356137518426302
170.756,450.247,79.032,0.00555,3e-05,0.00244,0.00261,0.00731,0.01725,0.175,0.00757,0.00971,0.01652,0.0227,0.01802,25.69,1,0.486738,0.676023,-4.597834,0.372114,2.975889,0.28278
150.2817858862442,255.89219666761676,98.9926679511801,0.03028927701267709,1e-05,0.005601425600569358,0.006663719753347355,0.015400617615228525,0.04380766414594856,0.4610002627490237,0.03548840167748327,0.029805926239961283,0.05370548626929132,0.07881001915882394,0.05691326258192127,14.958904145668702,1,0.685151,0.7461217844254966,-4.041573107870315,0.3959501785534677,2.9008062111567146,0.3751599995507999
241.89548052311702,335.4791782674043,139.56574813686711,0.002287036187745358,7e-06,0.00306691443189514,0.00106,0.017613893870544454,0.00954,0.1376605918779836,0.00468,0.00606,0.00719,0.028207658922041114,0.005404428628361149,27.164083178462118,0,0.2761139864667987,0.7011786259124024,-7.5750750353319525,0.07566091958608717,2.5594800577638197,0.053257080548060776
164.67249176717712,362.6777399312814,202.0825267322809,0.00178,8e-05,0.00624,0.00106,0.015051574229214472,0.00954,0.085,0.00468,0.009173991220815832,0.00719,0.01403,0.00065,30.66262770122825,0,0.4759011010179579,0.7027801946883612,-6.816181636487156,0.15138092107464707,1.9081003852988352,0.11791712111796597
130.5070533964595,102.145,101.62886825095842,0.00168,1e-05,0.003046797561301118,0.00092,0.00204,0.01022,0.09,0.00455,0.0057,0.00811,0.01364,0.00231,25.3916763728902,1,0.5817666902059719,0.7055825050228043,-7.085390412591489,0.10836527183546305,1.765957,0.093193
168.14063456254627,190.66695607497735,159.03381191491943,0.004414837754521653,1e-05,0.00068,0.00092,0.040600433288608934,0.04559321897422399,0.44994601218252583,0.01559839165788119,0.022692725924847622,0.04402120620046184,0.07260260815886294,0.054484063396621596,19.90764688220438,1,0.49284807680782217,0.7445733599097218,-4.209078570952135,0.3135633947046238,2.8618064956056557,0.3329762291490872
188.46771507094365,349.7281284226689,174.03597968507492,0.00178,8e-05,0.00624,0.00106,0.005404359241949637,0.010671789926164604,0.1499612564564193,0.00468,0.007007944825749897,0.025870842894822957,0.01403,0.00065,27.521949606805222,0,0.4486205384701028,0.7191268477541328,-6.862521658020705,0.1897272703846337,2.4728162882960523,0.1096208459216971
203.6988389587053,262.6970865543594,239.17,0.0136,8e-05,0.00092,0.00564,0.01634803691972845,0.010963957261735591,0.11517157363736474,0.011026986347679693,0.01063691805630996,0.00719,0.02996754583262339,0.00065,31.116244270916294,0,0.3337057337568336,0.729981568499888,-7.863661723027587,0.19142710955574557,1.88461196479484,0.049645514770353366
118.35543314582596,323.7870254875125,74.287,0.0136,8e-05,0.00624,0.00564,0.013564214595259819,0.00954,0.17212509260891135,0.013665128149856076,0.011288447669089912,0.00719,0.020125875145465266,0.026735185026289,24.4510862592943,0,0.5795401946377415,0.6943775478537385,-6.032418895511037,0.1858385903967819,2.3780332826025377,0.19567342114434605
138.145,197.238,81.114,0.00544,4e-05,0.00294,0.00327,0.00883,0.02791,0.246,0.01484,0.01805,0.02259,0.04451,0.01794,18.178,1,0.623209,0.738245,-5.540351,0.087165,1.821297,0.214075
158.219,442.557,71.948,0.00476,3e-05,0.00214,0.00207,0.00642,0.01458,0.148,0.00606,0.00747,0.01312,0.01818,0.01554,26.356,1,0.450798,0.653823,-6.051233,0.27328,2.640798,0.170106
123.93855851275033,117.80025190828616,73.95355952826483,0.013263489828922208,0.00026,0.00068,0.00092,0.015424045960753682,0.04662965522052158,0.25684477563367397,0.013035017830456679,0.020769157909152923,0.035839225631002204,0.030588451968409945,0.03372769088647551,19.786876639126945,1,0.6297818986215543,0.792295006770217,-4.99452944175411,0.31217452683948654,2.438579142436118,0.26916027159633404
125.15627131034154,299.8853551997719,80.54136737651237,0.009338370474048275,8e-05,0.00624,0.00362053324063893,0.00276,0.020622492445954186,0.20462926805190584,0.016231161601946473,0.017580238719545407,0.01798343121357531,0.033317683585255956,0.020893262839949363,20.923498556404006,0,0.5090927632202579,0.651021848212338,-5.863172926245647,0.14787027044469303,2.573608353436214,0.21593938260493434
226.7110500044043,324.11107185230145,142.97399209000056,0.008205482043522424,7e-06,0.00092,0.004619103940802097,0.006110899125081446,0.00954,0.10180780765905026,0.02336,0.006190409960978001,0.02745,0.016054584105564887,0.00065,25.679686230007807,0,0.3210087910981224,0.68110992979045,-7.026041142075975,0.12465264603701039,2.31972226727045,0.09267489162488382
117.274,129.916,110.402,0.00752,6e-05,0.00299,0.00469,0.00898,0.02293,0.221,0.01189,0.01459,0.01948,0.03568,0.00681,22.817,1,0.530529,0.817756,-4.60826,0.290024,2.021591,0.314464
150.5112730492481,159.6968636302771,96.31622864805433,0.020981876830684462,0.00026,0.0065991548572361764,0.01628286002993587,0.011541814602529772,0.04484192980571133,0.33742063138432327,0.044804481134140296,0.014923691386522992,0.03766388394862498,0.07257923982361368,0.03886393056819762,19.954219967186994,1,0.5516539138795771,0.6275405075807727,-5.099596477333095,0.34200937368034606,2.894514632720887,0.23579284910719758
178.6595829909467,393.3077497902049,118.30734245826022,0.00178,7e-06,0.00624,0.0021933528767378086,0.00276,0.010793713304848906,0.19155544478288924,0.02336,0.013561989983383179,0.00719,0.02178577481082301,0.05014119218821977,20.498996320751562,0,0.4227199419674949,0.6506644821939747,-6.756327035757399,0.14530685391752507,2.4146955034059543,0.08361645799206263
202.21869377923863,292.3687399646857,74.287,0.00178,8e-05,0.00624,0.00564,0.00276,0.020208661110310274,0.25300048749884696,0.00468,0.021660496950901227,0.00719,0.041484241825007304,0.06652539138338671,18.09474288983575,0,0.4571913258306582,0.6330116444409133,-5.974749332982663,0.14679539485121657,2.2209375079621303,0.17568353191409813
167.85471222036242,295.7272069946869,103.78012093592062,0.0136,7e-06,0.0009268622963244585,0.00564,0.00276,0.023293444754650675,0.1655632187786342,0.009073276396613109,0.00606,0.00719,0.037382869748832315,0.004989348046132817,26.42162008253798,0,0.5504698024330785,0.6860224152522928,-7.2364200455019665,0.23876434082658726,2.12000027882596,0.09387772465782102
133.29953432512016,152.29571847090807,74.287,0.00178,7e-06,0.00624,0.00564,0.010913361832361183,0.038755694193593745,0.209949457298985,0.019289861895200603,0.00606,0.00719,0.042110213264801286,0.06762354575371654,26.439636711075224,0,0.6151570796135164,0.7128026687277808,-7.694271513204549,0.291954,2.0394441155133007,0.07728801773221952
260.105,147.85354639399964,239.17,0.009565705760973866,7e-06,0.00092,0.00564,0.00276,0.013029147957613514,0.16102989482029179,0.013281733530592674,0.00606,0.00943047348458541,0.040872801769392536,0.00065,27.475869596344236,0,0.49367748694883595,0.62671,-7.597268253819819,0.10544394314201902,2.092646155663662,0.09002620357226773
149.689,160.368,133.608,0.00257,2e-05,0.00116,0.00134,0.00349,0.01346,0.126,0.0066,0.00818,0.01059,0.01979,0.00578,27.421,1,0.365488,0.719974,-6.997403,0.210279,1.994387,0.112878
138.79319259503413,226.38159992780822,65.476,0.00168,0.00026,0.009278549136819966,0.007400740889090973,0.01385885271669189,0.036867586636338955,0.2060025324986055,0.02224505598627036,0.02583727250909775,0.010789929929310927,0.06502471580992725,0.05122652826304595,17.644648139182028,1,0.6093775540167249,0.6842946277437846,-4.172298943225621,0.28932602593978474,2.9239816876865787,0.33354548205003
133.59264750185247,102.145,122.42405437516678,0.00168,0.00026,0.00068,0.004921103090154774,0.020384158407817973,0.04762386155634855,0.266198178918574,0.00455,0.02943722812793241,0.026461080770237233,0.04127089026454556,0.00231,18.85759239511243,1,0.5333026267402734,0.7819079282146698,-5.751231512136124,0.22014773470310844,1.9739782329771212,0.2051948357469536
184.63868410822263,169.77400501072836,149.45411089293512,0.0065757391207203805,1e-05,0.021129609058739143,0.01958,0.024189942395518648,0.055724231908295244,0.486444563571228,0.027672579327121333,0.03425860812427799,0.0253813352355411,0.06142792189555182,0.08227912443180913,19.41337291365226,1,0.38673885701081584,0.6670091096957071,-5.220239382004997,0.2653563309265866,2.2804083337694916,0.2633433672319435
118.89657026522262,113.597,74.71946146293425,0.00178,8e-05,0.00624,0.00106,0.0072606027563304944,0.01301749314674542,0.26358247288288406,0.01497340949539161,0.00606,0.020280381888198588,0.056448606598459516,0.03455089786131452,20.032781124419053,0,0.3971480690095503,0.7784886008464337,-5.839457446137266,0.291954,2.337088706381332,0.20208441341062985
245.51,262.09,231.848,0.00235,1e-05,0.00127,0.00148,0.0038,0.01608,0.141,0.00906,0.00977,0.01149,0.02719,0.00476,24.602,0,0.467489,0.631653,-7.156076,0.127642,2.392122,0.097336
106.35869793563319,116.6134567095483,132.0822422398239,0.028844641405197276,0.0001929778819895121,0.02144,0.01958,0.020065471370958557,0.06814919419536844,0.6226169921996976,0.04544360285589743,0.03388907248420803,0.04369958029601331,0.09446343239066698,0.11322013741849546,18.25750950460114,1,0.4050688426788468,0.8171815688857409,-4.661485836447028,0.2599692037261196,2.3857205720310946,0.36307534672286995
169.72732485389133,253.2048462263752,74.287,0.00178,8e-05,0.00092,0.00564,0.017639477083291295,0.04087,0.2645231976013605,0.015765984889887147,0.008280480048424124,0.00719,0.046099646134957505,0.04826981095333498,17.883,0,0.5482855176717722,0.6884704463849286,-6.487924847610746,0.19738775702614475,2.6210397403577708,0.15509147828332243
146.16126880169853,143.27827194889403,93.24899852214621,0.00168,0.00026,0.00068,0.00092,0.00204,0.019160738197615435,0.2252433511971019,0.021023279679119895,0.02969064060394598,0.032823346761957375,0.03905350935978797,0.00231,27.53783120497007,1,0.40488970660313073,0.6869233811702853,-6.2449902687106995,0.20507991917941248,2.12260391318072,0.14643049578035156
139.224,586.567,66.157,0.03011,0.00022,0.01854,0.01628,0.05563,0.09419,0.93,0.05551,0.05005,0.06023,0.16654,0.2593,10.489,1,0.596362,0.641418,-3.269487,0.270641,2.690917,0.444774
116.014,141.781,110.655,0.01284,0.00011,0.00655,0.00908,0.01966,0.06425,0.584,0.0349,0.04825,0.04465,0.1047,0.01767,19.649,1,0.417356,0.823484,-3.747787,0.234513,2.33218,0.410335
180.31605604119395,161.75873106333958,104.53752177073571,0.011354427094274058,1e-05,0.0012275241419556784,0.009982896637713482,0.02414934932214613,0.04069593590579075,0.4170094714576571,0.020801436911421934,0.02099598646197674,0.0453756354618335,0.055034300397082625,0.017330126759692935,19.15624251116824,1,0.49077832135465504,0.7493374780534152,-5.031461325617741,0.34383562561757763,2.947458370229811,0.27362941063240653
188.9718699883041,414.5956948100096,102.04369093603532,0.008765794868443302,7e-06,0.00624,0.003358792691139834,0.01873,0.017062035878230512,0.2126886333447363,0.02336,0.02475661003139082,0.00719,0.031120326853984817,0.04585730279763358,19.131999649209288,0,0.5665297014068819,0.62671,-6.590850308622823,0.12343900094178648,2.351025477770329,0.14086404300277966
128.001,138.052,122.08,0.00436,3e-05,0.00137,0.00166,0.00411,0.02297,0.21,0.01323,0.01072,0.01677,0.03969,0.00481,24.692,0,0.459766,0.766204,-7.072419,0.220434,1.972297,0.119308
157.94353123942471,102.145,125.42242174102171,0.010790113337095784,0.00026,0.00068,0.013357275102027086,0.00204,0.01022,0.09,0.0218472384387615,0.0057,0.00811,0.018349612572774177,0.00231,23.38850073610346,1,0.5046647613471408,0.7450442541708564,-6.637619702060757,0.14071135974558985,2.104779530067984,0.12096687003389454
150.32592370553408,127.3343328825073,74.287,0.00742899992574933,7e-06,0.00092,0.00106,0.006458025026285649,0.025520456521054856,0.27467590153741034,0.02336,0.019162805398568766,0.00719,0.05987595107529604,0.027440050804224257,23.076054027786817,0,0.4425620297569313,0.7361637603657292,-6.86223572689263,0.17776622281455173,2.3550249334397724,0.12983800029328682
130.2499007097359,248.17397671208886,114.02230671991917,0.023551027387885986,1e-05,0.012838000035125481,0.012271757777319894,0.03325513405446471,0.04415828926104101,0.48268385857171286,0.024746940811836825,0.02187760398964849,0.04369360555118052,0.0753270506948336,0.08628750096476911,20.334568741503602,1,0.47087637240173397,0.7057986412659408,-5.013623651278406,0.177533706199009,2.6404506347686234,0.24972877725236647
139.24871765898794,144.86216503014577,117.12923794407341,0.0136,7e-06,0.00092,0.00564,0.00276,0.00954,0.085,0.0069784964812038205,0.00606,0.021426829804690448,0.028925404098111857,0.010413989776113106,27.304772223244903,0,0.4983815227548172,0.7215702639475761,-6.307040342863044,0.18731714211978073,1.8323016182764738,0.13339551446649303
205.2531586707972,243.6662902619806,166.1217256387834,0.007874533483802133,7e-06,0.00092,0.00106,0.01873,0.009997783876265053,0.20952697539833834,0.00468,0.00606,0.00947164857922036,0.037344901954170145,0.03355500343246684,23.92095568108568,0,0.4781005922551408,0.62671,-7.240456404938377,0.17140454721157466,2.439556011199187,0.09507505548057052
110.739,113.597,161.13122314996852,0.00178,7e-06,0.0016554231540198037,0.00106,0.0027654824869098264,0.032290228634805976,0.1054234668913237,0.015773112988993435,0.00606,0.010987379426959005,0.028971373427611698,0.00065,29.12179801818457,0,0.3125457305942857,0.785714,-6.25471804310827,0.21426242663318318,2.253834164948809,0.15957834422038006
220.01674474524447,353.2985968268634,207.945370959227,0.00178,7e-06,0.00092,0.00564,0.007284603796578428,0.00954,0.09305970086417506,0.0205463804319218,0.00606,0.00719,0.01403,0.033858095265834845,25.462066014720754,0,0.48280760147030827,0.6348096612176269,-7.264512386213763,0.1784449508654848,2.2405875957395414,0.10194487511985278
130.49479266311423,172.04286253060735,118.78411603235566,0.0034738103962863344,1e-05,0.00068,0.006084647209810753,0.01966071616863286,0.05899409917348715,0.5110909391588918,0.02051772973504712,0.03416324156891187,0.020687856430849506,0.0823973269764107,0.07013022514015627,22.07974685695999,1,0.5134814440893329,0.6737643061537741,-5.022643986063301,0.24805408647546023,2.329125888671727,0.2796842477723174
165.88859449907193,102.145,139.0250715415708,0.0019075822000562846,0.00026,0.018036480404280714,0.00092,0.00204,0.01022,0.09,0.00455,0.0057,0.010203411361623116,0.01364,0.014811994504723468,28.675341359148998,1,0.4489571082173218,0.6749149245240609,-5.766221584739554,0.2013485671310818,2.163335728775958,0.17771143604749934
254.4209389116599,431.68606601962927,112.60132624505582,0.008062776375177402,8e-05,0.00624,0.00106,0.016165404643818018,0.019432070697859107,0.20830132752644528,0.00846142801999117,0.006883179796700105,0.02745,0.027739421702972954,0.026481136083744857,21.530603482337963,0,0.6518742668967159,0.62671,-6.961339733473805,0.20670569989359608,2.0841161692592394,0.11480305600491404
180.8401512361813,237.43287684610033,96.90136129118977,0.00757738358677666,1e-05,0.01238079153115055,0.011956028217485804,0.018009734704304593,0.038775975468822915,0.3614722179435203,0.01695081688402965,0.03350676519603985,0.019893338113465185,0.06366982056918576,0.0139059330006855,18.43749663006468,1,0.5202747495885351,0.6642087892150926,-3.8764012857648904,0.2844752335229042,3.0755788958842967,0.3645133791894704
202.632,565.74,177.258,0.01627,8e-05,0.00919,0.00963,0.02756,0.0717,0.833,0.03515,0.04265,0.0646,0.10546,0.07889,14.989,1,0.427627,0.775708,-4.892495,0.262281,2.910213,0.270173
156.239,195.107,79.82,0.00694,4e-05,0.00403,0.00395,0.01209,0.02343,0.224,0.01289,0.0142,0.0172,0.03867,0.0202,19.196,1,0.618663,0.728421,-5.944191,0.143359,1.929715,0.181988
238.3974479206555,340.0473223063408,135.93122595169655,0.00178,8e-05,0.00624,0.00106,0.007970745781548117,0.01030945879453398,0.17205456368939628,0.00468,0.00606,0.00719,0.044104138155957436,0.02614497926049808,25.318114672434028,0,0.395303391602277,0.6768071926507369,-7.434367369378806,0.12731060986683987,2.5582339153459874,0.052004729528935825
140.6695447120858,175.78563363700826,100.53137089613142,0.00168,0.00026,0.0046207123436478965,0.00092,0.014757764172156244,0.025918824590932123,0.09,0.00455,0.0057,0.012355918509065072,0.01364,0.032749604541256666,20.66698861250908,1,0.5965993340710002,0.699376014153368,-7.015457869815208,0.12561978206045757,1.8345152975941257,0.093193
250.89518215428632,204.29569946699496,165.126469567563,0.00178,7e-06,0.00092,0.00564,0.00276,0.012467461828475055,0.19863119825887438,0.010329519893380528,0.015620204444139765,0.009944813026921354,0.03923525329261681,0.03353194043256083,21.570764678611226,0,0.32325817621463815,0.6886010517777954,-7.023368959465468,0.17531715315731528,1.9019590771132717,0.12090594213821171
245.76976791202776,113.597,238.20528043829194,0.005599534440593521,7e-06,0.00092,0.00564,0.00276,0.015645535431633772,0.11080721748625919,0.01410886388039879,0.013103868029243368,0.026357099796273396,0.01607874307081819,0.005247916401244534,28.639121873275737,0,0.3238642756391591,0.7479983316008274,-7.187371804714108,0.1731530424512077,2.0864732673066517,0.0895355926133608
124.445,135.069,117.495,0.00431,3e-05,0.00141,0.00167,0.00422,0.02184,0.197,0.01241,0.01024,0.01685,0.03724,0.00479,25.135,0,0.553134,0.775933,-6.650471,0.254498,1.840198,0.103561
166.37845136967874,113.597,102.99076851478536,0.003417912646497591,8e-05,0.004968263506355829,0.00106,0.00276,0.00954,0.1873984551916338,0.02336,0.00606,0.019442007685821258,0.025915882664991775,0.00065,25.689534896736237,0,0.40543646446277054,0.7596248214485772,-6.218002475422267,0.09440738682733976,2.8299668008890433,0.19426927533719915
253.45658328278614,274.0261634824466,143.53364380646804,0.00178,8e-05,0.0019016481390363984,0.00564,0.009972248901213076,0.012920914013525384,0.1339022147227778,0.00468,0.01133075120567497,0.0076149976213971465,0.038503368977290245,0.00065,24.77399067569414,0,0.31676787292321346,0.6567176751132272,-7.0595961755744705,0.027954855068540563,2.1617401410065016,0.10892210395515871
104.6805125804928,107.65411039840566,65.476,0.002321292922915972,1e-05,0.00068,0.007669251338627132,0.003516504253816918,0.011063037157602835,0.09,0.006082502531796857,0.0057,0.014859398545463998,0.01364,0.00909172732804743,27.43502735048056,1,0.5620562752050566,0.7203012636235886,-5.763489136017384,0.07565535819505267,1.765957,0.19307391509389701
260.105,454.11316074353806,239.17,0.0033360302909007816,7e-06,0.00624,0.00106,0.01873,0.04087,0.22534725938677905,0.00468,0.009050506679838,0.00719,0.02106194819947474,0.04151976674865652,21.421519549958457,0,0.25657,0.62671,-7.867522098575451,0.0077966218157080325,2.7141417726991497,0.044539
198.458,219.29,148.691,0.00376,2e-05,0.00182,0.00215,0.00546,0.03527,0.297,0.02055,0.02076,0.0253,0.06165,0.01728,18.702,1,0.606273,0.661735,-5.585259,0.310746,2.465528,0.209863
139.5509373828149,102.145,140.10943900659333,0.00168,0.00026,0.00068,0.0025340012774873887,0.016569067467907535,0.01022,0.15014272721531688,0.00455,0.010514028714528834,0.00811,0.022874391792306898,0.00231,24.87773494790417,1,0.4491723003563812,0.7908874317196436,-6.391500206795503,0.38246528196228646,2.568894793912509,0.15714914714401285
161.30047555546273,303.6534636423035,88.35564957145675,0.00178,7e-06,0.00624,0.00564,0.01873,0.015358265560956395,0.17271399227462508,0.02163497395149776,0.00606,0.02084815800452837,0.04071349215598734,0.00065,19.823564529579276,0,0.48356626762628174,0.62671,-5.504005201393825,0.07450116670997632,2.7713388162086146,0.21196330296986746
138.52197235484212,109.53606644775053,100.45011410758431,0.00168,1e-05,0.00068,0.0030358933667189144,0.00204,0.058790843094929476,0.6045319439207119,0.033222179036435144,0.037766293408296986,0.06479592204913664,0.0862703196645995,0.03984977494975213,17.047013723159015,1,0.6283399309295274,0.6433520271787809,-4.3694319303851525,0.30751108820700174,2.498363400444646,0.27866764375847886
228.20545997775088,205.190598204444,134.05255801698007,0.00178,8e-05,0.00624,0.00106,0.009523066596830176,0.026449196454725155,0.20589437881383654,0.016465015589396215,0.00606,0.00719,0.01403,0.011899131322467614,20.09266975477766,0,0.3247470531870392,0.652207983675098,-6.042098618943596,0.0822709693504564,2.579280563607074,0.1702595296193491
241.0069520126003,240.34245166989217,176.13975481342354,0.007313931211598571,7e-06,0.0014899782485998958,0.00564,0.00276,0.032907973795873624,0.22648062994227608,0.02336,0.00606,0.01231026949710784,0.029741256912561416,0.00065,23.368012897382332,0,0.376205968627734,0.6577800121583548,-7.18765628515753,0.10636464283744959,1.9364530698769007,0.13472272433209379
143.84911830917662,102.145,157.217676241239,0.009321947468469085,0.00026,0.0017997722900265057,0.00092,0.017224409148754206,0.038999206980883425,0.34097496936963284,0.01658243386001016,0.01959270142281865,0.037599196839572996,0.07162951038569906,0.04439385683857499,20.581093676340483,1,0.4472656456345543,0.7342612643788238,-5.461743647026978,0.15360518228849485,2.298169969348474,0.24231684018493857
156.405,189.398,142.822,0.00768,5e-05,0.00372,0.00399,0.01116,0.03995,0.348,0.01721,0.02374,0.0431,0.05164,0.03365,17.153,1,0.649554,0.68608,-4.554466,0.340176,2.856676,0.322111
156.7499201061547,197.45982778588015,74.287,0.0136,7e-06,0.00624,0.00564,0.014990776854747475,0.02810299262187992,0.2693863464156844,0.012828475712915604,0.02498,0.018377625761954206,0.05060595812397118,0.030439549435507307,23.940393278991404,0,0.40934709777592554,0.7390928220826875,-6.497562617135107,0.07435266063017681,1.8433164211885584,0.13597557967643753
201.464,210.565,195.708,0.00198,1e-05,0.00105,0.00115,0.00314,0.01194,0.107,0.00586,0.0076,0.00957,0.01758,0.00135,31.732,0,0.344252,0.742737,-7.777685,0.170183,2.447064,0.05761
240.3060541207107,224.41132318237746,145.06716305865135,0.008055967947167756,8e-05,0.001912395565558393,0.00564,0.00276,0.02579931069186993,0.19607187580630903,0.00906335646749405,0.011332726874345417,0.02745,0.03681661079363083,0.02656575901048954,23.06568681455553,0,0.2755352793980225,0.7187940957210306,-6.970270220878187,0.06977446870340027,2.346700344593875,0.10189704166143204
138.67770767175276,102.145,170.16135562266143,0.017389370817601696,0.00026,0.00068,0.010140372516304013,0.00204,0.015889855646413705,0.09,0.00455,0.01090767670380192,0.00811,0.01364,0.00231,23.664950617516418,1,0.4952309315091612,0.7627027154114796,-6.494785328078817,0.14296806154927413,2.010223331292902,0.1524524859781427
127.88133735231455,401.91384399236597,74.287,0.00178,7e-06,0.00092,0.00106,0.00276,0.022101396303804106,0.14086375406943744,0.00468,0.02498,0.017335762067781684,0.0217732916295546,0.05031139471941899,20.785264756419082,0,0.6273870906803374,0.62671,-6.265666662842173,0.18298692557195195,2.0228641462572665,0.15478903224424218
117.0653022598678,235.74168026161843,86.83472222015405,0.00178,8e-05,0.00624,0.004398768973692746,0.00276,0.00954,0.13893064846512287,0.02336,0.01863442943341207,0.011239285788578864,0.021075990786359355,0.00065,23.672319596955376,0,0.4990430710024061,0.7001989916462213,-5.248470626947222,0.20480947722244094,2.429328439185591,0.20776174180531445
119.08953008428682,127.69139557138004,110.48877601683539,0.00168,0.00026,0.01462739597722426,0.017709895099553546,0.006364626922630419,0.01022,0.09,0.00455,0.0057,0.00811,0.019815914816866655,0.00231,28.704136721207206,1,0.3382414787126929,0.8211600506227451,-5.794881225925161,0.16404846778610918,2.0994060667558134,0.23331538478705455
247.03100700171,128.86898241041408,199.50876753713953,0.00178,8e-05,0.00624,0.00564,0.009728850662443705,0.00954,0.085,0.006641943544590058,0.007705041178670395,0.00719,0.02734550650695438,0.007870927501645267,28.2202136538302,0,0.25657,0.7278077511394243,-7.761674406680342,0.12704630900050629,1.8438563762725995,0.044539
147.27234158965214,195.17322002319193,69.77707344004082,0.00168,1e-05,0.00068,0.008963973371542557,0.00710320602632938,0.0673580195966271,0.5643504129927753,0.03819292529674326,0.04245392567339719,0.06668071049460782,0.07789393290146952,0.028340283985618747,19.25244215448562,1,0.5799507900171039,0.7281000450522834,-3.9553002729850983,0.2691938084094314,2.1432995061526707,0.35606976667620976
119.24571881945225,281.1579854938563,83.00703867926705,0.003511361330307623,7e-06,0.00092,0.00564,0.00276,0.023311471724929082,0.16948628410703273,0.00468,0.019959954162717335,0.019666772822434866,0.0289327893244822,0.0348708015371513,23.745922232940302,0,0.4645997488508459,0.7178575473723593,-5.673271876070065,0.19100718889921653,1.6689153337975922,0.21202163532456497
156.36211089934247,225.43913390934986,130.914798064256,0.0136,7e-06,0.00092,0.00564,0.01295834942542654,0.018526898778967134,0.09494912150548214,0.00468,0.012877105716566455,0.01109229055556116,0.014553389014395806,0.00065,28.060041487532548,0,0.5590904919620059,0.6937999613193178,-6.773217117304457,0.21354010986637817,1.911228525017839,0.16497084647448346
147.87110814490805,445.4022579604981,136.97165357312696,0.006676065688737808,7e-06,0.0019761331540466853,0.00564,0.006679051862348802,0.00954,0.11566135049048684,0.00468,0.00606,0.00719,0.03550742317796924,0.008364768716969005,25.781554573807604,0,0.4019182445059638,0.7369100685158532,-6.847385640401893,0.13229918454617756,2.0623203409889035,0.09689447320954556
180.198,201.249,175.456,0.00284,2e-05,0.00153,0.00166,0.00459,0.01444,0.131,0.00726,0.00885,0.0119,0.02177,0.00231,26.738,1,0.403884,0.766209,-6.452058,0.212294,2.269398,0.141929
115.38,123.109,108.634,0.00332,3e-05,0.0016,0.00199,0.0048,0.01503,0.137,0.00812,0.00933,0.01133,0.02436,0.00401,26.005,0,0.405991,0.761255,-5.966779,0.197938,1.974857,0.184067
103.76555158060341,106.40060184655324,65.476,0.00739276962053218,1e-05,0.0057605784131285805,0.00092,0.01548931740992084,0.056251419013230636,0.2866956053573149,0.03765232878081972,0.007250316685561302,0.00811,0.05957321318528932,0.050515105268724186,20.627613011466416,1,0.5375685509044847,0.6604471290365118,-5.745029182381516,0.14254559025472796,1.8896500233622162,0.18907008709843992
242.20247457022106,142.2247999488868,152.72273948780764,0.00178,7e-06,0.004548684883937031,0.00106,0.0073575750932952065,0.04087,0.16585435466652917,0.014332705015302023,0.015304031852160978,0.012707443420193167,0.04079631196409264,0.00065,26.827959305756067,0,0.46353594056739034,0.6533234770739341,-7.136736514398983,0.1351477078977235,2.0093896900523736,0.06113068198296264
195.65616268780764,474.5574824533355,154.46822548780432,0.00178,7e-06,0.0059202082830514735,0.00106,0.009108602849847386,0.02766280340587659,0.1962144935989891,0.008406064475461775,0.011849666901493623,0.01692121841334014,0.026521757856183274,0.026785629530923595,22.834537619409502,0,0.5908839035536321,0.62671,-7.544275322242899,0.12696634515130242,2.100726224895343,0.06337617297328542
110.739,259.49406206453517,74.287,0.00178,7e-06,0.0024096831303422384,0.00564,0.003293260866135284,0.0313699377293684,0.2571425716098499,0.013725474398808408,0.00606,0.02745,0.043231661109570024,0.02177600236063721,19.2540897794702,0,0.4351320719144295,0.7227622613181706,-5.399681087610781,0.162141978649005,2.7287865602109993,0.20292590709028846
130.65148083332897,144.44206897429524,74.287,0.0136,8e-05,0.00092,0.00106,0.008206732255499227,0.025725802451464736,0.16712983027204836,0.00468,0.013587530439272357,0.007592707151470598,0.03644852131395813,0.035511150114318414,25.495223845714193,0,0.578927286930276,0.7315160234647144,-6.621628662066424,0.291954,1.7753613801346448,0.128201299972114
153.94502602117407,113.597,130.76070708433554,0.0136,8e-05,0.00624,0.00564,0.004493624015769456,0.00954,0.19293100222276066,0.008799532606133741,0.01876956856551835,0.00719,0.028238995259587972,0.00065,26.090384098347474,0,0.44820160631625056,0.7260732850428443,-7.1569899778531045,0.17788454958497982,2.3412151036384024,0.10123199028819403
123.03607456925977,144.33617313211136,86.51461125176273,0.00168,0.00026,0.006471977361803439,0.00092,0.00204,0.033588024218581765,0.18043166790793055,0.025428944443425,0.025687652841615834,0.029295882564837533,0.04034991872983166,0.00231,19.905050631187674,1,0.6752968800550523,0.7753584062096188,-5.04133960511474,0.23105576899984775,1.765957,0.2545559742048933
119.1,128.442,88.833,0.00692,6e-05,0.00393,0.003,0.01179,0.02682,0.236,0.01484,0.01405,0.02018,0.04451,0.04611,21.824,1,0.65168,0.659333,-4.239028,0.175691,2.45113,0.247455
109.49484504722143,205.799451523959,82.93305064540311,0.00168,0.00026,0.00068,0.00092,0.00204,0.01022,0.09,0.0061537068107949365,0.009447660257096513,0.00811,0.01364,0.017510463379116558,26.48169517037015,1,0.5240351486917902,0.6690350558389866,-5.498907177251801,0.24472033634229604,2.1633993969143344,0.21690768294257148
226.14491304462445,285.652488794529,183.55484085813606,0.00178,8e-05,0.00092,0.00564,0.006423851898386694,0.00954,0.10221941207972893,0.004987670428231485,0.00606,0.010686676090785403,0.024134806747055235,0.014349630002560065,25.697217445229498,0,0.41441602073300626,0.6731294602678896,-7.154389112964492,0.1344211106683156,1.8822411098931044,0.09088542503339908
110.739,170.79049761235405,91.04904305071052,0.00178,8e-05,0.00624,0.00106,0.00276,0.02180980240276954,0.1439368288943121,0.00468,0.00606,0.018629115571564978,0.01403,0.027388436523743474,27.398685552139263,0,0.5301685582181264,0.7474042566599295,-6.694915768219387,0.22717437326387335,2.1685133365183304,0.11174807764965591
223.361,448.526855469353,90.30237217821616,0.01699838464821846,1e-05,0.01850172505640422,0.007729070838022135,0.01206893972647113,0.020109816074141945,0.23459013163877637,0.01530231935474577,0.029755401496024174,0.015284219390731704,0.03815583914809335,0.07349347925313918,24.76469792751792,1,0.31044468350789567,0.7078664160429662,-6.345560719375038,0.23712757547808727,2.5779939239098986,0.13663501822831225
136.62969963223762,155.28396767610124,106.6417948563052,0.00168,1e-05,0.00068,0.00092,0.013101974158198141,0.030933050984683422,0.39020441415124646,0.015119135952422496,0.021606718411450836,0.030441451298786303,0.040268490241597774,0.06562156359357549,22.18088208302797,1,0.3698945792088896,0.801247779496818,-5.824830664883303,0.09465441330463592,1.987448948339954,0.18804424612179377
149.2087333572222,163.70623413110087,128.58278767631964,0.00178,8e-05,0.00624,0.00106,0.00276,0.00954,0.12313343881110828,0.008554846053673636,0.00606,0.024758972368813192,0.02018331535760433,0.02147011591951164,25.218215497504026,0,0.4065807560901972,0.7034643893955876,-6.828690142054993,0.11175745930974951,1.6805754645147026,0.1514339433658064
127.29796707689358,372.9892088217741,85.8449762017851,0.00178,7e-06,0.0029263553041995486,0.00564,0.012748261561598702,0.021690254495241597,0.17380337204043242,0.02336,0.00606,0.02745,0.027892573330756773,0.0022715092347917534,25.92462924252775,0,0.4589077432013111,0.6869533439611175,-5.846101432549228,0.1338976952853158,1.8976616792176602,0.17872747071412964
240.43553850331568,282.36791960085816,173.33177511199688,0.00178,7e-06,0.001839880616241764,0.00106,0.01873,0.017338749703393306,0.21725600818620275,0.00468,0.007231700280262311,0.02745,0.048848224920907755,0.017557123573843994,21.80967818511766,0,0.4479475538592699,0.6311157124151943,-7.0655610735950605,0.11481906795005434,2.5727857890421792,0.07406378570815413
165.12776057282156,207.04642588993462,128.4594883231673,0.024340360174812357,0.00026,0.00068,0.01958,0.028453407090509978,0.0745235739597626,0.8260379097830806,0.05647,0.04112128990454782,0.0804916763562579,0.11887947208360208,0.09741030798373189,12.97080508188323,1,0.6457215719290117,0.7838597075597212,-2.817951025457445,0.4048759199637558,2.933394867169359,0.5037640277008626
126.23071654219581,212.3996139339702,86.04868064262641,0.005385072692103311,8e-05,0.00092,0.00106,0.01660927418853148,0.021579180258431224,0.20957514790263448,0.008320906949729938,0.016556850710669955,0.00719,0.02704863438206184,0.03873303054933017,24.122944716328348,0,0.5359106681137702,0.7023680302263231,-6.2500070700378485,0.2525224770739527,2.1272803850085165,0.1467491027472718
201.98946659089407,259.0266307018975,144.00364394183043,0.008608458483590506,7e-06,0.004183351796029182,0.00564,0.01873,0.00954,0.20489988359347924,0.00468,0.006718226551906081,0.02381447321862762,0.028817158952049227,0.04542862117102469,20.910112686498266,0,0.4920364855488588,0.62671,-6.332906264161976,0.22591281908692024,2.0151593774985153,0.1421365570348134
195.77395091197064,231.12207160312545,181.10241631344857,0.0136,8e-05,0.00092,0.00564,0.006746573414767079,0.015644185872192736,0.1573356388909657,0.02336,0.00917178748558411,0.00719,0.02616880800263399,0.0028426043892541535,23.19504463394037,0,0.4627267854261969,0.6471803961151755,-6.557926715930554,0.10457646035358623,2.2490906435320164,0.12876782786879135
168.778,232.181,75.603,0.00718,4e-05,0.00284,0.00387,0.00853,0.03327,0.348,0.01441,0.01893,0.0343,0.04322,0.02919,20.376,1,0.631099,0.605417,-2.93107,0.434326,3.007463,0.430788
166.888,198.966,79.512,0.00638,4e-05,0.00368,0.00351,0.01104,0.02857,0.257,0.01547,0.01859,0.02301,0.04641,0.01796,18.33,1,0.585169,0.736964,-5.825257,0.115697,1.996146,0.196535
137.29260517296348,193.07209924686302,74.27221582805723,0.003419236323608833,0.00026,0.00068,0.01958,0.022448859261315134,0.07718350560319537,0.6927365667167984,0.05380413975892452,0.049865132225814415,0.07473197180472092,0.10341462581041501,0.046030254442085125,13.35642058889131,1,0.685151,0.6754118514746406,-3.8476320229462937,0.40046682720518734,2.8616087959092824,0.3798586167858935
154.66002565908394,181.41824036554374,123.20571305149281,0.017933667487599374,1e-05,0.006578582312401992,0.007483753819619228,0.02317211151028859,0.01022,0.16044684038200901,0.010553085218272421,0.007123869574020876,0.00811,0.027738028580514183,0.06619998707592743,22.94811950185478,1,0.5040207650513143,0.7046667279689875,-5.701981120252951,0.13462905601484373,1.87546544148926,0.1975030721786786
110.739,152.53029551829988,74.287,0.01168608439074002,7e-06,0.00624,0.00564,0.00276,0.030762068963264264,0.147248645072392,0.00468,0.02149715073145865,0.02564560154551789,0.027594394571398218,0.00065,28.579623384350107,0,0.45512124158340667,0.7387147693918732,-6.408453415578014,0.1760618672627136,1.7071806040785806,0.16472987689255314
141.03952470622858,126.2700715140293,149.06027845739044,0.00178,8e-05,0.00092,0.00106,0.0076979245000556185,0.019009091739670674,0.17815086982444006,0.009406994681809838,0.00961765547539422,0.02745,0.04053869245838765,0.0026419732458700055,23.979694398428048,0,0.5884417784049256,0.7400723984133438,-6.314641374371639,0.2849152110966586,2.154600781069698,0.1535763458232165
174.188,230.978,94.261,0.00459,3e-05,0.00263,0.00259,0.0079,0.04087,0.405,0.02336,0.02498,0.02745,0.07008,0.02764,19.517,0,0.448439,0.657899,-6.538586,0.121952,2.657476,0.13305
151.872,492.892,69.085,0.00856,6e-05,0.00404,0.00385,0.01211,0.01843,0.235,0.00796,0.00832,0.01271,0.02389,0.06051,23.693,1,0.407701,0.662668,-4.673241,0.261549,2.702355,0.274407
151.30797638656315,113.597,127.18310097422038,0.010115649083509216,8e-05,0.00624,0.00106,0.018007936233479824,0.00954,0.24507057171195823,0.00468,0.010204321033326462,0.013259140715488425,0.05123356635813363,0.017056805148522435,23.162210589065015,0,0.3382045423518799,0.7493561347880267,-6.5476015193997945,0.1429768850278664,2.2370161982863923,0.15628159612229292
114.69448167150459,212.28976734787545,74.287,0.0019264179626671842,7e-06,0.005746439854061849,0.00106,0.00276,0.00987664361135231,0.21399580325623566,0.02336,0.024455286611691548,0.01160612191480948,0.025082815996790873,0.04259276428402592,21.853545934769553,0,0.49262185468966085,0.7085555253923377,-5.812480714597917,0.17146726391757156,2.165581600448388,0.18803129064634733
93.38949782770194,161.5061173280247,65.476,0.00168,1e-05,0.00068,0.00092,0.01804457447723095,0.03604069548743461,0.5217624877700919,0.021854453856939553,0.03782149348574532,0.0572410803649801,0.0746157927297094,0.04036855991609169,15.139565290287344,1,0.685151,0.7521822782894432,-4.913568980633222,0.26705582781715836,2.3486303084628357,0.28157372836592387
150.44,163.441,144.736,0.00396,3e-05,0.00206,0.00233,0.00619,0.02551,0.237,0.01321,0.01574,0.02148,0.03964,0.00611,23.133,1,0.352396,0.75932,-6.261446,0.183218,2.264226,0.144105
177.0947930703154,321.1300148386607,85.69880278692801,0.00168,1e-05,0.00068,0.01336726615839757,0.013010364769304367,0.020294689815600328,0.2291376069239838,0.00455,0.011961627617995317,0.009253676035990324,0.01364,0.01607411232416158,22.75430663374984,1,0.42334616639532047,0.7020930059850379,-6.016873891319388,0.25191917243472634,2.5208565358926047,0.20158107576660056
126.70863727154823,158.34809985039615,114.5462361242785,0.02321616955471215,1e-05,0.01006508560827867,0.002902098080120297,0.023706437291805955,0.05885883970994595,0.6069201178779113,0.02068344037795794,0.05043331130884095,0.057158219263361884,0.09225724960553008,0.09972661085039723,12.441995682649864,1,0.685151,0.6506846131797143,-4.229165256466571,0.2880591114608988,3.088242900395326,0.31293976398726486
164.49154397683202,232.85926005936662,107.02359068700582,0.00168,0.00026,0.01702864972505582,0.006193996104591365,0.03131706301265953,0.0600325756140529,0.525356196637105,0.026162107100862215,0.0222977130023106,0.060879586941571695,0.09570914716665702,0.0297960551228342,21.217543513347163,1,0.5707862369561324,0.664746944743625,-5.373705495127821,0.1872208675241247,2.2374765040803615,0.22635477021797462
247.22682631657187,165.37746952190597,239.17,0.00178,8e-05,0.00092,0.00106,0.00276,0.00954,0.085,0.00468,0.007777159570829242,0.00719,0.01403,0.00065,30.561344095307906,0,0.5336885845889054,0.6460495235929357,-7.451478848291467,0.16170176385305007,1.7835742418202272,0.05934104709724927
150.49233440751888,113.597,153.81868557933097,0.00178,8e-05,0.00092,0.00106,0.004793827437858772,0.021815391817827406,0.13858215227291998,0.016687654052191782,0.02498,0.02745,0.02010494753039413,0.00065,26.80640703935864,0,0.4464916488601451,0.7473132859478544,-6.309238778676997,0.10697800192142055,2.4731154184990887,0.1795102911660074
201.24411970918842,113.597,140.31218418344872,0.005782772070658526,7e-06,0.00624,0.00106,0.0037447697347896994,0.016303119236040234,0.15277280163083742,0.00468,0.008745050017395365,0.012273223492734495,0.01582114363067954,0.00065,24.725190090994662,0,0.46447242055617305,0.6949834959043175,-7.122909348664718,0.14585988408500794,2.201668023553903,0.14470336857666638
138.01889182635546,154.14795721728393,74.287,0.00178,7e-06,0.00624,0.00106,0.007096512382230159,0.018508824212043393,0.16754242746471082,0.007440025249459687,0.00606,0.02283611033082781,0.04457038494199779,0.011593344940094235,25.080533109482136,0,0.4957753118616853,0.70878906277635,-5.784451430607707,0.1965268540815747,2.2916115005805695,0.1843313652472433
106.28127507292112,224.17167709930908,65.476,0.009597671146899318,0.00026,0.00068,0.007936632150833917,0.01740792897144082,0.07241407209315943,0.5942597238683487,0.04374523756000638,0.05433039878941192,0.040044071731805526,0.12679382533066486,0.11719877437417424,13.271021407044035,1,0.685151,0.5795647074862714,-3.8111805026188286,0.3404483445866675,2.8647623631445684,0.37396046356376933
198.35757141271785,214.6719944589429,116.91370490255375,0.00168,0.00026,0.011232789653784941,0.010134979511368896,0.0023733226112563587,0.014171718254674979,0.1305849781364301,0.00455,0.02682635760679026,0.028818914692072487,0.04406359903424005,0.00231,23.153388921452205,1,0.451560155288967,0.7575027663194065,-6.403442949708083,0.27352551725067453,2.6381720007303024,0.19620179957919745
242.852,255.034,227.911,0.00225,9e-06,0.00117,0.00139,0.0035,0.01494,0.134,0.00847,0.00879,0.01014,0.02542,0.00476,25.032,0,0.431285,0.638928,-6.99582,0.102083,2.3658,0.102706
213.75722578640602,332.84870771928456,166.39231850374046,0.009425164844677076,0.00026,0.00068,0.0031328545739791208,0.00204,0.03896954609771537,0.5392218976218677,0.042588191626608395,0.034424666719288385,0.052600038536153984,0.037443660892110986,0.04536265703945919,16.70431863687476,1,0.5420010384189976,0.7370285709388437,-5.400638732191378,0.3841088024948077,3.233488997154231,0.21621721496381402
117.963,134.209,100.757,0.01813,0.00015,0.01117,0.00718,0.03351,0.04912,0.438,0.0261,0.02161,0.02916,0.0783,0.10748,19.075,1,0.630547,0.646786,-3.444478,0.303214,2.964568,0.261305
131.84706159586088,313.41180852709965,74.287,0.0136,8e-05,0.00624,0.005541014366281741,0.00276,0.011594627669251258,0.17367618463761833,0.00468,0.00606,0.02122345134680436,0.032048623412473144,0.030774653747354823,25.41792900086931,0,0.3413426316379143,0.75884165220992,-6.745195816053957,0.2113319463725973,2.4894128029673936,0.10038994877753156
112.547,133.374,105.715,0.00355,3e-05,0.00166,0.0019,0.00499,0.01358,0.129,0.00664,0.00786,0.0114,0.01992,0.00435,26.436,0,0.413295,0.7567,-6.323531,0.218885,2.193412,0.160376
144.188,349.259,82.764,0.00544,4e-05,0.00211,0.00292,0.00632,0.02047,0.192,0.00969,0.012,0.02074,0.02908,0.01859,22.333,1,0.56738,0.644692,-5.44004,0.239764,2.264501,0.218164
135.3190694129476,323.4599230495421,103.05612990719115,0.01912798350469269,0.00026,0.004009380593711028,0.00092,0.03014347711360138,0.08489145442996815,0.922401918606278,0.05647,0.058015059492391545,0.06917001109429324,0.13190000243298203,0.12049064070735993,13.496669514277544,1,0.5254896069527322,0.7728039513003573,-4.036303935400433,0.4207725745522638,3.26771173658076,0.38879526426516675
122.188,128.611,115.765,0.00524,4e-05,0.00169,0.00203,0.00507,0.01613,0.143,0.00855,0.00776,0.01433,0.02566,0.00839,23.162,0,0.579597,0.733659,-6.439398,0.266392,2.079922,0.133867
209.516,253.017,89.488,0.00564,3e-05,0.00331,0.00292,0.00994,0.02751,0.263,0.01604,0.01657,0.01879,0.04812,0.0181,19.147,0,0.431674,0.683244,-6.195325,0.129303,2.784312,0.168895
172.25171376259783,168.88065197410396,84.17766531503064,0.012400454417025364,0.00026,0.02144,0.011364618281197456,0.03865767384148336,0.0723750912899458,0.6206389819924473,0.03470334881377918,0.0392612760899058,0.07849639932215038,0.1045733989907055,0.047579609777531603,14.455606720531408,1,0.6068086519675366,0.7544833742527731,-3.6355787707826956,0.3637695629726486,2.525127883469547,0.385558782565832
132.35285304657754,121.21612958621068,87.60029696359433,0.00168,1e-05,0.0035379733380672008,0.01958,0.03197685284162684,0.06307341750927509,0.553753026125666,0.04926054151318336,0.04927831337006958,0.03719857021966146,0.09909387631786773,0.08899765207229965,14.512313414597518,1,0.6738294036857988,0.7324996282310589,-4.867801982806076,0.16309272063880453,2.4395546047275682,0.2832868808128975
246.18052563398814,347.343566177801,124.89605662959215,0.0136,7e-06,0.00624,0.0037711450513395767,0.007387271879802681,0.0211303812994199,0.16528372369490646,0.0071530880747758775,0.00606,0.00719,0.02693839774199361,0.06228101093491275,23.687018899930003,0,0.46569504653828936,0.6719322258502732,-7.512796244750293,0.13120155976558667,2.3732737204857606,0.08234293892014802
196.5903789390028,217.34113215533367,164.10614502672,0.00178,7e-06,0.00092,0.00106,0.0171805618964786,0.00954,0.2203521297833524,0.014985401249021781,0.00606,0.015516272763470824,0.058198119780642585,0.005675301456876857,26.77747346405726,0,0.29633096428046596,0.7732830748953513,-7.964984,0.21591404156753957,2.297074073762996,0.044539
173.392950007917,445.94779606285283,74.287,0.00178,7e-06,0.00624,0.00564,0.01873,0.023536420482960084,0.24469425672667644,0.00468,0.00606,0.02745,0.045569793846887655,0.02541067334119126,19.480202350078343,0,0.5134739366408216,0.6357421146141897,-6.195336236308361,0.152321837995451,2.88245,0.14738967450912652
110.739,126.45833826898098,74.287,0.00178,8e-05,0.00092,0.00106,0.017266074556637333,0.014188967265677751,0.17070046839620132,0.00795531207194772,0.010241568587767721,0.00719,0.024634795844302507,0.017734795386367717,26.54756815013887,0,0.5630401757209353,0.7483185279661487,-6.272756425461525,0.24187392673096625,1.674914356987534,0.14152073626617345
165.35054998429644,217.52870494371797,130.14655758692157,0.00168,0.00026,0.02095745906865864,0.014944618816089054,0.0256036228024172,0.054953991954350453,0.6367685768274558,0.04476134294274681,0.044697066497824345,0.039907503403192296,0.10686783241423291,0.10036236541569714,16.08918797259146,1,0.5296624747394296,0.7066886710924879,-4.442907694923243,0.2474465249929658,2.827204212040468,0.3056934021535811
200.9213135727396,113.597,207.2606723502359,0.009136963278192533,7e-06,0.00624,0.00106,0.018444119738212705,0.02444254131066949,0.2184226855447264,0.008527757976782378,0.016208732100250527,0.01662415556084664,0.02389138211996996,0.00065,22.67552349055326,0,0.4943673908941445,0.6788168038045309,-6.722966009658521,0.21602631792000748,2.289547149095176,0.13952642566416468
171.00467031276207,160.81737857496546,105.00800420779449,0.00523190850624385,1e-05,0.02144,0.00092,0.00204,0.025830334871894158,0.31394111270636,0.031346743115335925,0.014534606422566973,0.025163074809834107,0.0667192128547846,0.017470800768228656,20.95846579879375,1,0.4748602350914609,0.7499374275048363,-5.797767844716887,0.22650169940582196,2.4149341424939763,0.21620047271569118
132.0946521665344,196.87992543912043,99.4299384683292,0.00178,8e-05,0.00624,0.0026580027070944065,0.01741050274821255,0.00954,0.09360593488738615,0.00782611488843724,0.02498,0.010925678787224304,0.01403,0.032922858594942594,23.720174413287303,0,0.6162842184064227,0.6490528600914461,-6.0456213400037155,0.17775730170092632,1.943918619706014,0.15267294778125506
209.75284461626518,229.13011247335615,74.287,0.0136,7e-06,0.00624,0.00564,0.01854621648829473,0.026147828978733308,0.2783846926684356,0.01390132973047837,0.02498,0.02044282767763142,0.04337416236200476,0.02663439866560593,19.611590982689417,0,0.45785293498770185,0.6443685388057966,-5.952314285054144,0.12557418493894315,2.88245,0.17608457937806704
231.53550085625852,339.558543925703,146.76167194163486,0.00178,7e-06,0.00092,0.00106,0.005874293716757137,0.00954,0.11553439543416492,0.007144102013298868,0.006545240237236757,0.009970707682381934,0.03817399241301006,0.008641436404465266,23.163890793763013,0,0.5040793057032937,0.6273560874095355,-6.906541800622146,0.1728403773904199,2.0907983049508077,0.09812241480092859
141.53440759927287,241.44080791204195,92.09180903235112,0.00168,1e-05,0.00068,0.00092,0.022681784538592438,0.03439664965172067,0.4475718708166163,0.019626590261474838,0.03722554111533927,0.0428708856736422,0.0660534281724029,0.10114930712088652,18.70115516121587,1,0.6622967528435606,0.574282,-4.371336277874709,0.2510384101072144,2.6571558481398903,0.3258775594714621
171.041,208.313,75.501,0.00455,3e-05,0.0025,0.00234,0.0075,0.01966,0.186,0.00889,0.01169,0.01872,0.02666,0.01095,25.908,1,0.418622,0.720916,-6.18359,0.226278,2.589702,0.147403
147.17797037180185,351.9363543430934,104.11945274668489,0.017177993252226666,0.00026,0.00068,0.0023450183273124054,0.0398555686230124,0.01022,0.2923730846570442,0.015176955328742345,0.0057,0.048314498117001156,0.022002012291973263,0.08684209139440639,18.180179048658385,1,0.674445420132553,0.6412562615128305,-4.527818050840921,0.27120928302996206,2.5338812171467886,0.3276261327394889
186.46638913216256,263.38339955730584,205.70686789913756,0.011551829638303814,8e-05,0.00624,0.00106,0.0158613710409824,0.00954,0.085,0.006229676982528794,0.00606,0.00719,0.01403,0.00065,25.637763924233873,0,0.5166322954975068,0.6950184973888462,-6.817768141425504,0.20928654137146738,1.8895072874419911,0.139986057764942
132.58318138869095,172.5450171548788,113.65576166742109,0.012028395114581668,0.00026,0.013442923070440923,0.00092,0.00204,0.011536882661223862,0.22117197229355806,0.022166938917091466,0.013627874010011962,0.028612139924221503,0.03688227643383906,0.0061981413260301585,22.076276462342914,1,0.4779594167521005,0.7272717840426249,-5.687888465797838,0.2002806063717072,1.837400160396344,0.20150948277852185
207.62446028312468,195.63435235648845,162.9389384452133,0.00178,7e-06,0.00092,0.00106,0.00276,0.029960771545516837,0.188780491014634,0.0182427710994439,0.023551708089475668,0.02745,0.01972248292918908,0.00065,28.654005217136138,0,0.34063200797092924,0.6871524558055545,-7.452123060283241,0.06649476802814372,1.8154654086869848,0.07007960283330059
163.71941749248865,201.8996648787377,90.04325735650536,0.00168,0.00026,0.00068,0.00092,0.00204,0.013697096920847779,0.09,0.00455,0.006124206694679201,0.00811,0.01364,0.00231,28.130101651857668,1,0.44286835108190814,0.6576261828908756,-5.350194844284357,0.2616136976009558,1.9016994795838165,0.23085040387264066
107.22509355527913,251.09573852324056,79.62261965592066,0.025570497630377106,1e-05,0.02144,0.013255324880943692,0.03010243916664373,0.0647100976837034,0.5108887524520579,0.034208159170187644,0.02540775876024087,0.0505962772963333,0.07150891801123374,0.06497837733168896,15.757280788409016,1,0.685151,0.6731066580611881,-3.4588757142479807,0.450493,2.9143846415922656,0.34743195137080984
176.17,185.604,163.564,0.00369,2e-05,0.00205,0.00218,0.00616,0.01851,0.168,0.00938,0.0116,0.01491,0.02814,0.0034,24.951,1,0.341435,0.783626,-6.006414,0.196371,2.536527,0.173218
110.739,141.5594309247113,74.287,0.00668208581514702,8e-05,0.00092,0.00106,0.00276,0.0206219395988356,0.18264391813713152,0.00468,0.007382557142916852,0.01706072980768397,0.02699834540431992,0.012433571723345516,27.81441383610012,0,0.46189516187007934,0.7643334230169122,-6.149889676132434,0.1930812812754005,1.9495023201638524,0.19137650105205045
188.88261409884717,373.74425509426766,105.3059645947542,0.0136,7e-06,0.00092,0.00106,0.013270859266138291,0.02391283553682611,0.1643304309121845,0.00468,0.016693651061000032,0.00719,0.04212543565133944,0.006397693194917784,25.428306966697917,0,0.4287009693189947,0.6667649751831599,-6.76824313729487,0.09270753146969173,2.0181021142006283,0.108163539915806
153.29279439398408,181.60379915032587,126.08095561187216,0.00178,8e-05,0.00624,0.00564,0.00276,0.015219804447219041,0.13094208525626916,0.00468,0.011191490691271183,0.007770697461823643,0.019878025672194606,0.00065,22.547569229668206,0,0.4132382777568253,0.7432630259436304,-5.990268771572302,0.21098479239280946,2.289717815124522,0.1601493728239453
140.62579328135428,221.38908300052006,79.50000906124565,0.012635411926670087,0.00026,0.00068,0.00846211168137861,0.01384927849312378,0.014318356955632015,0.0998783515185287,0.01898577759738687,0.005853387143850312,0.02524016919656789,0.028773017388188292,0.00231,26.303843298757585,1,0.5124473055451934,0.6992040012959163,-5.545878869823747,0.2292249252262251,1.765957,0.22420554271085305
133.55584891497537,369.1799880652327,114.84881097892554,0.021435211709008004,1e-05,0.015112309040855152,0.012745567789682995,0.03210291918851893,0.034763306449470135,0.2957381306652623,0.006287676010986811,0.017560368642517015,0.015010164989314005,0.06470723194140347,0.03284803807431137,19.187577013232207,1,0.6154275896885955,0.8005205065751841,-4.997364474027567,0.2647042109227342,2.2717941550985965,0.2791374839717605
170.02548378992546,324.42065706994947,129.3572807230448,0.007582420017147883,7e-06,0.00624,0.00564,0.004665204440176124,0.00954,0.1494095423792732,0.01586640970022527,0.00606,0.01834076546236855,0.026705194331049124,0.014020344330055001,22.616066465499323,0,0.6075867631694707,0.662370358174975,-6.748947546857271,0.20952201222510963,1.7438161283544489,0.1208368054265476
110.739,113.597,74.287,0.00178,7e-06,0.00624,0.00106,0.01873,0.026479274222728232,0.25966557272420787,0.00468,0.014965712385765996,0.02745,0.02928377988479054,0.03873000064737175,17.883,0,0.663842,0.7218225835302411,-5.198864,0.25097953811438223,2.3818500497571904,0.252404
188.27584462356094,335.7587586152831,150.94199252292947,0.00178,7e-06,0.00092,0.00564,0.0035905384573240873,0.00954,0.18234901356563407,0.015407192695975291,0.00606,0.01659132960064738,0.029732734253637257,0.031235940804398912,25.108176640869786,0,0.3313707979658226,0.6907765752619637,-7.120944433720934,0.078554771520569,2.2425984475607756,0.12016714551712468
198.383,215.203,193.104,0.00212,1e-05,0.00113,0.00135,0.00339,0.01263,0.111,0.0064,0.00825,0.00951,0.01919,0.00119,30.775,0,0.465946,0.738703,-7.067931,0.175181,1.512275,0.09632
226.2812785968165,331.978661930379,137.83280151429247,0.0136,7e-06,0.00624,0.00564,0.007022615831855092,0.018413587432766634,0.1500900090504798,0.00997420341905957,0.007962136726438538,0.02745,0.03889648553219976,0.020977813661026433,22.62351594769994,0,0.3124262451494752,0.6578075165035911,-6.772076196320599,0.043498882358889115,2.563759908847694,0.13995326671175207
185.29617366510126,113.597,239.17,0.00178,8e-05,0.00092,0.00564,0.00276,0.026364423823453095,0.1377935300534476,0.012470390081435157,0.00606,0.02208880131073237,0.02894087658842451,0.009833412553805036,27.9561153479765,0,0.46088605178111625,0.7095385015269499,-6.736193099856924,0.2616511988972856,1.9540591196846007,0.11265573067732261
214.289,260.277,77.973,0.00567,3e-05,0.00295,0.00317,0.00885,0.01884,0.19,0.01026,0.01161,0.01373,0.03078,0.04398,21.209,0,0.462803,0.664357,-5.724056,0.190667,2.555477,0.148569
141.49586126047652,113.597,125.82094614011535,0.009617764108008455,8e-05,0.002706843356309478,0.00106,0.00276,0.026952207112489003,0.18558130696188613,0.005503446291135357,0.012715394314162829,0.020171653568615097,0.04205759202533849,0.02730102645573864,24.954685131910765,0,0.3084325086573034,0.783282168698818,-6.69360107896936,0.21148855543050818,1.7123358002526294,0.11794330873890603
174.88451391673595,193.29913563316435,239.17,0.00178,7e-06,0.00092,0.00106,0.00276,0.012007916513574832,0.085,0.00468,0.00606,0.016704365450181037,0.014231420336953998,0.00065,27.914195637514123,0,0.45703399142233814,0.6983109429887513,-7.269297632261229,0.12218447120883233,1.889321674695407,0.11207795970614665
125.01582238299449,113.597,74.287,0.00178,8e-05,0.00497055361788215,0.00564,0.010570415450693213,0.015742507735586237,0.19196367721726906,0.00468,0.02136250129803334,0.01103792046715055,0.016501520111514442,0.00065,24.209890813555237,0,0.4498697980140746,0.7210615604761679,-5.859456425335627,0.13592519782353119,2.2385825174515253,0.16113176049007058
153.48245138954,107.67763407308023,103.82653277245771,0.010368885283194603,1e-05,0.0019516153447351424,0.005291347018553709,0.005199752560602017,0.03638885689504629,0.306901463317609,0.03369239624922779,0.01953018900987648,0.02222810953420362,0.028753636396289892,0.004531886721439907,20.037258905104494,1,0.5091780923420658,0.7500083593535158,-6.230519231999534,0.2063469124303429,2.3829630859986484,0.20946296554041904
130.6537990125205,235.86417810199333,110.02772275149955,0.00178,7e-06,0.00624,0.00106,0.00276,0.017814257343820434,0.085,0.00468,0.00606,0.00719,0.01403,0.00065,33.047,0,0.4940676505763424,0.785714,-7.042891475334138,0.1313363051367983,1.423287,0.13620894852205456
227.6531672751783,161.12979060243507,127.47368552056099,0.0037093401349417364,8e-05,0.00092,0.00106,0.003086484915991652,0.029371558032174547,0.20847014319207574,0.019744437328988326,0.02498,0.022924649363842586,0.03907619036683756,0.022357263182780106,20.22556194410881,0,0.531274641997229,0.6382596169731501,-6.661114986103164,0.15095049122509469,2.663669837577471,0.14656021288893895
189.53011771023475,275.36988422417573,158.56855813079324,0.0136,7e-06,0.00092,0.00564,0.01579796067609357,0.03688089962184753,0.20123444287375888,0.00468,0.00606,0.02119541590688298,0.03337876789278659,0.0226853290320052,20.412255450473776,0,0.5137686875759865,0.6588590448889073,-6.879655401173985,0.1802949444291981,2.1404557216081743,0.13972988658098734
154.20099729196204,198.67377879795467,191.4827590759895,0.005045780007747155,7e-06,0.00624,0.00564,0.00276,0.00954,0.085,0.00468,0.00606,0.016190012695846908,0.02136343345078514,0.0073843946808761106,27.293074548543245,0,0.4795875433735777,0.6963775646486497,-7.166879934371731,0.11536226861356463,1.8066631305489862,0.08119533642792648
247.9675757685303,261.6565650906939,190.128595167999,0.00178,8e-05,0.00092,0.00564,0.01873,0.03665719201234542,0.19714482058216015,0.01260603020904484,0.018925405915832944,0.012117315643188842,0.024853322643342918,0.007938659231156952,21.004594334781025,0,0.2620312325717481,0.62671,-6.724765272379544,0.04089235359668193,2.3338623023406844,0.12818749143027602
133.17500539477248,261.68603306148503,141.97729332791667,0.004479736148558705,1e-05,0.007908177918388413,0.009994031942833973,0.007269053356841833,0.03492937629834945,0.19035238360283466,0.00455,0.022793637181945256,0.03482184439609335,0.021751625270875728,0.01476451339900722,23.270799617964823,1,0.5306257094905317,0.7737271443342928,-4.836155400196358,0.3336678913871822,2.2502867232217687,0.23316828757389688
114.238,124.393,77.022,0.00581,5e-05,0.00299,0.00316,0.00896,0.04009,0.406,0.01579,0.01994,0.04114,0.04736,0.02073,20.437,1,0.653139,0.694571,-5.185987,0.259229,2.151121,0.244948
140.82457280326514,153.40533813307766,148.3831976559362,0.00178,8e-05,0.00624,0.00106,0.011487044501388797,0.022084705507338744,0.20742019500497855,0.019448576131442588,0.00606,0.007464258394395901,0.04608687621567123,0.0008189566184264151,23.678693469503767,0,0.3721357576961035,0.7504543239184533,-6.9353179786336,0.14984253218715715,2.1487058327466197,0.11059058237346772
260.105,332.9623751645588,239.17,0.00178,7e-06,0.00624,0.00564,0.00276,0.011680890132830569,0.085,0.00468,0.006424017354828035,0.00719,0.01403,0.00065,29.066741969669188,0,0.25657,0.6682174580928681,-7.831883748226657,0.04802653213395018,2.266742466438389,0.07535905183366667
114.554,126.778,91.121,0.00651,6e-05,0.00366,0.0034,0.01097,0.03658,0.369,0.01864,0.0194,0.03091,0.05592,0.02707,18.954,1,0.685151,0.719576,-5.529833,0.24275,2.408689,0.22052
204.52466751477482,227.41917928741898,180.63333738845995,0.012512323361075996,7e-06,0.0037172488648915137,0.005228514550890844,0.00276,0.00954,0.10259129957986263,0.009895095657227682,0.00606,0.00719,0.03461636015222185,0.019113707738546433,23.50890994965668,0,0.4574747673906246,0.6570404888810467,-7.043436599703814,0.17857672664996033,2.320447695310538,0.10019605281344589
190.74267698683008,316.33609757952036,143.77033469866404,0.00178,8e-05,0.00624,0.00564,0.011753534643979472,0.026279705874753135,0.22846687776366179,0.019742808853809496,0.01214233842459884,0.01750656734296969,0.035508408414347506,0.01719511950574558,19.22791472121922,0,0.25657,0.6419839730088681,-6.141539398694373,0.006274,2.88245,0.182394950908443
156.4333849882229,214.1751004746884,221.84029858300494,0.00178,7e-06,0.0025160458127066066,0.00106,0.00276,0.011776443240966031,0.17356409755232793,0.009809877427468559,0.00606,0.01496371495578919,0.032937680877277796,0.00065,33.047,0,0.40375757126304335,0.7642932562117527,-7.964984,0.13284511338785426,1.7754197674254015,0.044539
193.26747430543065,305.32704615625676,85.80144396816016,0.0076934812521243885,8e-05,0.00092,0.00106,0.00800105053745123,0.0207498125205544,0.2017199068734592,0.00468,0.008578438911133541,0.00719,0.039953213767448224,0.0460142494444804,20.2408166977538,0,0.49536258409222783,0.6615492160596456,-6.931084416360823,0.08745166297195704,2.537913084486677,0.11551590906022542
179.27627815548323,202.9057583469671,209.0241503649471,0.00178,7e-06,0.000945259679337044,0.005042931612628516,0.00276,0.00954,0.085,0.00468,0.01038204163728213,0.00719,0.018031364950368164,0.00065,32.787404063038906,0,0.42151933223293714,0.7605026862871094,-7.3517685684827585,0.15633874817219856,1.59898465884981,0.07386213616635076
181.66167166579868,252.01206790645432,175.48628028958328,0.00178,7e-06,0.00092,0.00106,0.012905933410348895,0.010135289677549262,0.1494299297736106,0.00468,0.01821144486152551,0.00719,0.034655663140986774,0.00065,30.044572003368664,0,0.35789051949630585,0.7679904431977866,-7.801445266580331,0.16562113874248316,1.709035876037332,0.04802927787180104
116.09115018179385,291.40225616548855,74.287,0.0136,8e-05,0.00092,0.005542049387912669,0.01873,0.01622124232077249,0.23433428848272364,0.00468,0.02257405167591895,0.010151250971058496,0.03539216275950688,0.0389444548337792,21.27136895016227,0,0.3723573926814149,0.756019849540554,-6.270202323802643,0.18604605092105939,2.4189167657034756,0.1414919868356792
198.116,233.099,174.478,0.02714,0.00014,0.01568,0.01699,0.04705,0.08684,1.018,0.04284,0.05556,0.08318,0.12851,0.16265,9.449,1,0.584164,0.754449,-2.839756,0.356224,3.184027,0.454721
222.75117724821285,359.09780451306995,179.79706675590688,0.004008987976838741,8e-05,0.00092,0.0022363479723713437,0.007345316552501273,0.029530717498816594,0.085,0.009492663825493457,0.00606,0.00719,0.023064286524118013,0.0018573712440838,27.520679576134345,0,0.5225557204819512,0.6474392495910182,-6.9667367198596555,0.2014315749626066,1.8169709725908887,0.07220670579367233
136.68030460489302,338.8285546696063,74.287,0.0136,8e-05,0.0036823148196232997,0.00564,0.00276,0.010036254595339973,0.1909197878322532,0.022415492423586446,0.019843525149192208,0.00719,0.03003414811884075,0.024080856928530403,22.249180013107413,0,0.5384832174895569,0.7235899819254802,-6.772177446728161,0.1896854647737404,2.251149836201237,0.13786126598884912
101.217792312301,274.3728950446622,111.46642157748514,0.02132058313805964,0.00026,0.00068,0.01958,0.021168021114751384,0.01022,0.19350178814315994,0.00455,0.01975870450387975,0.02124855156312184,0.036879916773115834,0.09081924036401587,27.49558028864163,1,0.3085143281521677,0.6948913497727425,-5.386743251113841,0.2337916626016988,2.416801930126381,0.24506543350635895
208.519,220.315,199.02,0.00609,3e-05,0.00368,0.00339,0.01105,0.01761,0.155,0.00952,0.01058,0.01307,0.02855,0.0083,22.407,1,0.338097,0.712466,-6.471427,0.184378,2.502336,0.13639
142.13514242560987,236.30787391925628,138.78454771245612,0.013487835763109418,1e-05,0.00068,0.001983289218028237,0.01429511645198361,0.044658842856437744,0.3149171655056802,0.00455,0.029671386371435734,0.021120910912277975,0.05684001180587503,0.032967837220526194,24.18556307371984,1,0.41654252065956604,0.7119378589464013,-5.55481315281231,0.2549107392263109,2.24835112572702,0.1818484774876427
110.739,113.597,74.287,0.010146300329987595,7e-06,0.0012213572690288877,0.00564,0.006066692747204234,0.00954,0.20339057974000044,0.008955345440278102,0.006740667442021644,0.01955929400081888,0.03161860388721033,0.024540247242776717,21.30205353220316,0,0.4773729637069358,0.785714,-5.836297659499625,0.22023988055933275,2.347749320798103,0.17617604754990188
162.42635021194727,113.597,136.48537371710376,0.007707521048692864,8e-05,0.0043608974808772545,0.0026155460367811925,0.00276,0.014425908639498126,0.085,0.005839113242021285,0.00606,0.00719,0.01403,0.01455149334280389,31.673102507573567,0,0.3768948501472277,0.785714,-7.033141049461731,0.22636933751239346,1.9961384575313978,0.10248032289341633
150.258,154.609,75.349,0.00248,2e-05,0.00105,0.00136,0.00315,0.01131,0.107,0.00522,0.00659,0.01009,0.01567,0.00495,26.759,1,0.296888,0.722356,-6.878393,0.089267,2.004055,0.113942
88.65695582080622,290.6291239468802,67.99765325406571,0.01807622428902347,1e-05,0.01678251105114189,0.00092,0.034612755923919034,0.04803163359456189,0.5401298450260539,0.03552476064281902,0.03048018784095885,0.019365035458006906,0.09481936557307419,0.11222412069877613,15.638073486559657,1,0.5211634084509016,0.7333433327155877,-4.82087602428987,0.15930201963647167,2.4095964815284696,0.2931631663279684
181.75074167652716,299.5499329402561,88.81255942570218,0.012607948371645658,0.00026,0.013961951409421748,0.00092,0.02476189130577399,0.08356533257175303,0.645177289968669,0.0346075454373823,0.045556385161842364,0.05202881560036002,0.10515469530711649,0.1146361383942685,10.673019437509092,1,0.6617987960073444,0.6194537830630875,-5.005072332981632,0.347208720706633,3.228692574269208,0.30716872237432796
98.359964959845,121.25739346094929,127.58645825580659,0.009527711817695565,1e-05,0.00068,0.015216613347415997,0.019373769802063345,0.05432462586511598,0.49538921916918466,0.02969541430786924,0.023502881451727957,0.0321540669818867,0.0706441234976138,0.05838599881672411,20.845531313670186,1,0.4278014142147218,0.825288,-4.347524677474727,0.1835057194653861,2.381733659292728,0.3034657948219649
125.13474286937682,102.145,107.65823438484568,0.00168,1e-05,0.005541179585702249,0.00092,0.00204,0.01022,0.09,0.00455,0.0057,0.00811,0.01364,0.00231,26.481324787431948,1,0.5178157044521458,0.6828716649530144,-5.427829875078419,0.23671776912950565,2.643966435630823,0.19649467876294216
220.52169798037988,113.597,239.17,0.004233622337980844,8e-05,0.00092,0.00106,0.004546113674817026,0.030926553888697104,0.15829146934402535,0.017548403577632453,0.0073198272801694554,0.011776707275571823,0.02744572221303079,0.00065,22.588150674130482,0,0.3395265938150487,0.7124709515964971,-6.673082692356458,0.13193922406934366,2.110754907464007,0.17360175164232222
133.32841709732898,252.3949887464158,135.75146362530586,0.00178,8e-05,0.00624,0.00106,0.0030150520854496554,0.021854550968241848,0.16929109150973815,0.02336,0.02498,0.009322994993561838,0.036646640917244004,0.00065,25.640280127500574,0,0.46338891385301734,0.6994181608036982,-6.642664185108778,0.12520719453977236,1.8313905118789982,0.14004304023190595
153.59001376911095,300.1855686035812,167.3988696715656,0.00178,8e-05,0.00624,0.003223514247804005,0.00276,0.00954,0.085,0.00468,0.00606,0.018166442469717145,0.01403,0.0034315680030666037,26.518628467492483,0,0.387287853058155,0.6822763012726861,-6.299871165127751,0.06394976930699366,1.9705028914426126,0.14628196148450565
217.116,233.481,93.978,0.00404,2e-05,0.00127,0.00128,0.00381,0.01299,0.124,0.00679,0.00631,0.01075,0.02038,0.00681,24.581,1,0.462516,0.58271,-5.517173,0.389295,2.925862,0.220657
129.336,139.867,118.604,0.0049,4e-05,0.00165,0.00183,0.00495,0.02498,0.228,0.01396,0.01219,0.01947,0.04188,0.00484,25.429,0,0.420383,0.785714,-6.836811,0.269866,2.223719,0.147491
192.818,224.429,168.793,0.03107,0.00016,0.018,0.01958,0.05401,0.11908,1.302,0.05647,0.0794,0.13778,0.16942,0.21713,8.441,1,0.625866,0.76832,-2.434031,0.450493,3.079221,0.527367
193.26133072426717,286.2374819999145,168.99792466494262,0.018029234257501366,1e-05,0.01046448747571815,0.01696262610549524,0.00204,0.031879923536037046,0.2540528189795722,0.01760635853403083,0.009992099201514056,0.03107424147858889,0.029264206443631938,0.06396241322191963,23.884103903865046,1,0.4015553763547097,0.6969225583425909,-6.173464073814647,0.24627777894463937,2.274320987917478,0.16511097694266783
188.46562162107756,217.86204202766527,143.0542146631126,0.00178,7e-06,0.00092,0.00106,0.00276,0.015420339529261579,0.16413097887302944,0.01680273520569441,0.01619972433437035,0.023997309816241815,0.03037056176283726,0.01465499153396813,23.652446000635827,0,0.48575129125499217,0.7080625318135941,-6.657390721624086,0.16119151538937,1.9628521193210946,0.09986332924229624
151.08185006219628,211.0745747695235,65.476,0.00168,0.00026,0.00068,0.013652072008005904,0.03488800228044677,0.0721367284379493,0.6703695233685987,0.0364234169756347,0.04708484266904896,0.05722033105966577,0.1094124205006133,0.06180272335146282,14.591638083314509,1,0.5240948753078585,0.7701435295403782,-4.048624189123513,0.3177512637064085,2.84396890815485,0.34162890619253317
260.105,254.31069940834763,239.17,0.010147030779485497,8e-05,0.00624,0.00564,0.006752460406988802,0.01961158899645334,0.15641948704488853,0.007256568180930912,0.02498,0.00719,0.023063536888447454,0.00065,25.609926655099994,0,0.36632623078921456,0.62671,-7.709414282400138,0.011543282238331704,2.4955268905051677,0.061384550331756695
173.14836771475908,363.1653981206987,97.82534247737094,0.011504619891606596,7e-06,0.00092,0.0033240513898725502,0.01873,0.014423794402130386,0.14873393535380983,0.00468,0.01522414189154482,0.010427802085756192,0.02246263450437687,0.020992454304483692,28.680297895831025,0,0.3475722572752945,0.7413426877654037,-7.348187581133049,0.0984070124188778,2.0537575856744135,0.07044176552070816
164.7614226019961,138.857683420767,181.50664730921193,0.00178,7e-06,0.00092,0.00106,0.01873,0.00954,0.10025109002683753,0.00468,0.02205115662053258,0.011223115117310655,0.03560357257463301,0.014686149815106946,29.168836061243503,0,0.3849217171244291,0.776823967214183,-7.492938071426642,0.2054468289913946,2.013174023451512,0.09789899727093247
101.4228162235458,102.93296317028953,65.476,0.008078591279949825,0.00026,0.00068,0.00092,0.00204,0.01022,0.09,0.013991719909142743,0.01644050629352291,0.00811,0.039051217349590724,0.00231,25.41199870985573,1,0.5995711852685756,0.7712336783124981,-5.853966315333278,0.3666810815982723,2.318818730150701,0.16760500231757533
95.73,132.068,91.754,0.00551,6e-05,0.00293,0.00332,0.0088,0.02093,0.191,0.01073,0.01277,0.01717,0.03218,0.0107,21.812,1,0.615551,0.773587,-5.498678,0.327769,2.322511,0.231571
127.93,138.752,112.173,0.00605,5e-05,0.00321,0.00318,0.00962,0.03235,0.339,0.0136,0.0165,0.03105,0.04079,0.02663,19.651,1,0.654945,0.675865,-5.498456,0.234196,2.103014,0.216638
177.876,192.921,168.013,0.00411,2e-05,0.00233,0.00241,0.007,0.02126,0.189,0.01154,0.01347,0.01612,0.03463,0.00586,23.216,1,0.360148,0.778834,-6.149653,0.218037,2.477082,0.165827
159.36794195345817,266.04864244225377,70.2880710916013,0.00168,1e-05,0.005696284292760842,0.00092,0.00204,0.05111688873759465,0.2989182902429768,0.01178279733316416,0.0057,0.009474011238192543,0.05792124189225651,0.00231,20.254092697973093,1,0.5099679259742557,0.7330678967027787,-6.147026514097139,0.1400527014804136,2.2680892929589525,0.19425395634445053
110.739,191.59745474061907,146.05627068686374,0.008412779650201674,7e-06,0.00092,0.00564,0.00276,0.016073832160032792,0.11573497813326647,0.010265523650366768,0.014050583887521733,0.01545358834148625,0.021162988948892507,0.00065,25.982182783697212,0,0.46581383874130233,0.7035500526657441,-6.423863741421993,0.11708696864336911,1.9626905339411143,0.14901035284383202
121.05076645596318,102.145,113.1146860197085,0.00168,0.00026,0.00068,0.00092,0.00851643257697636,0.04413177723681786,0.42256583612753623,0.027016869677829534,0.009870368393134371,0.06798050759940798,0.06770460198037107,0.00231,20.147021083204518,1,0.602324523228927,0.7525631168323048,-5.412806982895729,0.18736254753761303,2.2660646771999122,0.17916490981015828
114.34384851462623,227.0247893089567,74.53468949742359,0.004972893605680994,0.00026,0.00068,0.008928487359334875,0.00204,0.021389899560373397,0.33201332045570353,0.007189506662910844,0.032789690138528095,0.011125439112107914,0.06759920239792011,0.006589486063406834,22.577487730014642,1,0.5482601555480743,0.7508693489758953,-4.534999746642739,0.23848340533725762,2.1232275403514933,0.30993133119992267
119.1988234215737,113.597,80.17753996715666,0.00178,7e-06,0.00624,0.00106,0.00276,0.03965594423622207,0.20460086847985504,0.00468,0.02498,0.00943368826577052,0.03583942049608617,0.002939805927335974,22.281046611465477,0,0.5217103064382109,0.7119873405519052,-5.823807617480943,0.16169595735069736,2.2348826369382415,0.18505210268411124
209.06571338575333,257.4034983260709,223.18277307488148,0.00738065699231983,7e-06,0.00624,0.00106,0.00276,0.00954,0.15127137873568575,0.020517657417557806,0.009367429892616132,0.011003695847012752,0.01751796129210532,0.00065,27.606577024314767,0,0.4532064223570711,0.7056331274724519,-7.290725063208524,0.16761470823383967,1.9725741068061036,0.06791818772727817
260.105,362.5852713026108,173.4714177736286,0.00178,8e-05,0.00092,0.00564,0.006079065768528922,0.02257114132734963,0.1873707247387196,0.00468,0.00606,0.00719,0.040041351789165514,0.003320490245313683,27.291496390214704,0,0.5064579242189404,0.62671,-7.5644324513870025,0.07988581649635686,2.3962480729831603,0.06386330050523245
124.76159026822023,240.40163977647023,111.90810553293798,0.014875559016038008,1e-05,0.008160811165658335,0.016337918483429678,0.00204,0.010257479725366253,0.15244735604608192,0.027011647296200605,0.014591484848273804,0.00811,0.01364,0.0034263022842330355,22.64491827894897,1,0.5353218868431172,0.6275658748497424,-7.086062608758532,0.2222099198249315,2.283779246850345,0.14091310339172702
128.46622980734273,102.145,114.66607370757015,0.0029029708233612173,0.00026,0.0038698059096305064,0.01958,0.017950157510390558,0.02683822626145089,0.3528523953422384,0.010825794429727493,0.0219295689560344,0.018194986310290637,0.03535033668073814,0.00231,20.24075252457648,1,0.5218523140723077,0.7636303765504681,-5.54002235135688,0.26536368926826737,2.403745411101858,0.21928056560212947
243.61351557086294,360.9219203949758,202.64810663045708,0.002652908251762572,7e-06,0.00092,0.00564,0.00276,0.00954,0.10094761824574819,0.00468,0.009926464106079488,0.02745,0.02769352144731797,0.016734711784487384,26.046750390018122,0,0.5979106421884418,0.62671,-6.752961343337323,0.14759096058091348,2.327184657526951,0.10964677882378723
201.52810159873107,351.9776715017236,110.9975044672658,0.012717280432168947,7e-06,0.00624,0.00564,0.0046013971650072025,0.019135388705583106,0.24703507340617387,0.017436152959813645,0.006283701242496235,0.02320835871928031,0.034111134849307306,0.020886569541341462,17.883,0,0.5847408333110852,0.6429427348211935,-5.9954515898376,0.17338475691659125,2.88245,0.17337447499613795
186.60170731694768,219.92458895326197,106.38075887495951,0.0048185511127946815,7e-06,0.00624,0.0023832780201093846,0.005215786369190929,0.01714982581676888,0.23954492923494053,0.010825800064477833,0.006766518820942117,0.02703875583096689,0.048915449634796056,0.023497329132086794,19.4549198900666,0,0.4454904100239673,0.6744550454408963,-6.158615123085271,0.13605181387916487,2.6176705681115555,0.1685934233572758
169.4736872053673,255.27992778375932,128.2747940367445,0.00168,1e-05,0.004624593555344021,0.00092,0.0049266631635963695,0.02242336695264434,0.36195571611684063,0.03702229713608471,0.019298111903392253,0.05182892144721128,0.031323866790547814,0.024156252309899255,22.514857629339144,1,0.4109245742076616,0.8138395143339678,-5.0492113155013865,0.3211243866303444,2.4822120094170095,0.268627315425532
174.64720441442304,102.145,160.6594402836031,0.01275773664074736,1e-05,0.00068,0.005865282736519827,0.007376777366559937,0.03363790262390273,0.30203396125145054,0.021554333921912874,0.038192996696454165,0.029074283782496334,0.04411588277477227,0.03247398509065753,22.065836693547926,1,0.5073772797080797,0.6848223237268266,-4.87222399051759,0.2793819967582617,2.4823627979013896,0.2559846338311044
105.98154413462564,102.145,120.7646136612759,0.00168,0.00026,0.0021400850175500308,0.0037870110462918326,0.00204,0.06282560794311141,0.5365997218642482,0.04441362143155421,0.03371936067207934,0.040633462973012936,0.09343701426998802,0.07209902423209635,16.011713124956163,1,0.685151,0.6851021281558028,-4.361551245625801,0.2835154691670101,2.721110847065767,0.2665599816023289
240.10873991004087,348.6118903667169,220.36496306691384,0.01229995963217924,8e-05,0.00092,0.00106,0.0036662170204827763,0.00954,0.20413361557982673,0.020475064461043354,0.015982359240486497,0.017301970007249104,0.021392130638511975,0.00065,25.87783209436693,0,0.36376334425201934,0.62671,-7.964984,0.006274,2.225754516321209,0.05833324154318201
126.41623342876517,134.75304539366846,100.30654459685998,0.011998015955443699,0.00026,0.00068,0.004119277538468382,0.019324543825676613,0.02451459679730128,0.3383134193229396,0.027938958368451394,0.0262993035495388,0.047832450752212194,0.07068205977247402,0.043725524047225205,20.58514496011444,1,0.5541233252687148,0.7094730199105734,-4.6058201194351405,0.29499848719846555,2.452161589948063,0.3207517728877174
186.695,211.961,149.442,0.01872,0.0001,0.01075,0.01154,0.03225,0.0583,0.784,0.02699,0.03714,0.06259,0.08096,0.10952,12.529,1,0.507826,0.762726,-4.484303,0.340256,2.958815,0.301487
225.52296874675773,295.7227214688646,220.2339192026987,0.00178,7e-06,0.00624,0.003984812390225002,0.00276,0.021506419922800696,0.13149259096281668,0.02336,0.013915595389617917,0.007919039035630593,0.018704215202356378,0.00065,23.30529351021596,0,0.432748737152276,0.6357851402382381,-6.8584566733175905,0.1311616196156309,1.9318294970232979,0.115118400874759
139.65159324050734,182.39733184670655,144.27220556216682,0.011412704105417885,0.00026,0.00068,0.014206883352963865,0.012318340425405517,0.052782607239574716,0.26596929890029253,0.015163033726264917,0.024219727692848535,0.01969176091784154,0.07524761547772689,0.04245937725520392,21.51690287019143,1,0.5145861043579201,0.7125344716644472,-5.52330664526158,0.18834181250898757,2.1961049284156946,0.17457894600323004
148.7649124214533,113.597,164.25469934012972,0.00178,8e-05,0.00092,0.0037017769565928496,0.009656409614848638,0.010750379680369073,0.12387168717088334,0.006060488504913253,0.00606,0.01766475509409961,0.02511832448264351,0.00065,28.27945167648754,0,0.5426148869771996,0.7795534967324209,-7.32390046933158,0.27066606809330196,1.608650018709075,0.084523370615194
110.739,179.1313317105886,74.287,0.008646306455742625,8e-05,0.00624,0.0032511816544341017,0.010296838081331833,0.00954,0.085,0.00468,0.00606,0.007780305113417169,0.01403,0.00065,28.466294381805273,0,0.48039895399766935,0.7220518768047963,-5.755377164752375,0.14613395559047748,1.7788095618289312,0.18040636060217377
128.21745316115883,232.11023970002773,74.287,0.00823486868776587,7e-06,0.0013606692431439292,0.00106,0.016414654366370872,0.02025897100707289,0.19917983168624576,0.00468,0.00606,0.013272045217097024,0.04008002047096247,0.014876055113629364,19.600848786293867,0,0.5288340280645268,0.6330887016725972,-5.511530065098119,0.14294622151700614,2.5819876368158536,0.20358078659082224
142.87353753708825,113.92599237697176,113.23085815750223,0.021633258379366846,0.00026,0.006913160661887061,0.00092,0.023395793534184105,0.061743966353163544,0.4681777775177876,0.02492569957351331,0.05177693624274205,0.046426974515189526,0.10351229292400739,0.0644546886265542,17.02305657064431,1,0.6331282484215726,0.7490496105688054,-4.461572738990491,0.3040447758473135,2.9779268341722553,0.3142282818581661
250.74955369806952,451.0644642257897,173.38895833160183,0.0136,7e-06,0.00624,0.00106,0.0106891600883018,0.024594148474680493,0.12525095402081043,0.017275351098476537,0.016020344820084215,0.014215714327598324,0.029096439793512556,0.016279790272642976,21.627018134224194,0,0.5343008901051813,0.62671,-7.4656442200171,0.060799765373571346,2.3455832384506534,0.08059632812800231
171.0322082402079,197.21712440703732,138.26198599574542,0.00178,7e-06,0.00092,0.0015395180702019574,0.01873,0.01393432053695456,0.19886546732348592,0.014167678743977008,0.008087968517616548,0.00719,0.018994861941575847,0.031197203579060417,21.830510511115428,0,0.4557207545735838,0.7097839633074199,-6.762659900856882,0.11789551526486447,2.2748889225043767,0.14030329963918559
135.04686577121691,137.836522573845,98.92523427789752,0.013366473570979663,0.00026,0.014171230959371962,0.008479947656699701,0.022863751324179345,0.027634108255342585,0.28977934241145886,0.01937160020452807,0.0057,0.028037957343466213,0.04782351987746605,0.05823365999886158,19.40979949344522,1,0.5360628454541763,0.7309534878653555,-5.166553258024732,0.21044021598600893,2.4935008200890842,0.241158957556227
88.333,145.7398672795985,109.48611155842768,0.0048498311808236865,1e-05,0.010740488077449957,0.00682146835531994,0.008183860235311934,0.01022,0.27467204169885534,0.00455,0.013675370786550893,0.015390539106805066,0.044161787718040885,0.0440039770699797,24.30428655423994,1,0.6568464041588401,0.7992899438206957,-3.880701527535722,0.3452155482083597,1.8958928366834087,0.3530593505800331
208.91957013799146,347.7700706975466,116.02009834172739,0.00178,7e-06,0.0009670738968913414,0.00564,0.006632902012068789,0.011272600933994325,0.17624921726391354,0.022464869623912774,0.022451604547430365,0.00719,0.046738930577648496,0.00065,23.937561054613877,0,0.462420407428106,0.7010904922812651,-6.945555597037893,0.1460954089701665,2.562224490002266,0.10931808565772085
230.6148886494467,113.597,163.77551263762533,0.00178,7e-06,0.00624,0.00106,0.004942751550917015,0.01897731954154234,0.19829464207444278,0.006698320778616238,0.00606,0.00719,0.038190839557174,0.00065,28.635845111245814,0,0.3758103464474715,0.7660183262792761,-7.336535758260585,0.24097514739223286,2.3513983048414255,0.07876108386693961
106.51765772333604,264.73198930386644,125.85421523680557,0.011094578708859633,1e-05,0.0059574812001073445,0.00092,0.008291320641955377,0.013783582582943654,0.17359094557363486,0.00455,0.021241453085128877,0.008797936950264484,0.021996921556971936,0.0248741179658543,23.081549546595205,1,0.531788542278102,0.7340986911942475,-5.04694084577515,0.19278833916148905,2.5338143914201816,0.19937479287672655
197.02465412308376,189.37905526436512,157.09717042755346,0.00263850065975116,7e-06,0.00624,0.00564,0.00276,0.00954,0.12586341174693388,0.00468,0.00606,0.011561660735657849,0.023874466458351087,0.00065,24.69599017454091,0,0.3429740933295605,0.6971398993083174,-6.314477432148188,0.07000257438647348,2.518050572178996,0.17695061948627472
199.56154336880027,182.80379060264727,149.89270293014184,0.0029503569071499206,8e-05,0.00092,0.00106,0.005932583764857092,0.02312917220270956,0.085,0.01492296377519153,0.00606,0.00719,0.01403,0.009849060480113758,27.593580596316137,0,0.32455883496226684,0.7602185897098298,-7.671938881287755,0.1891241162366395,2.236747575720656,0.0647384994837458
162.43696657886554,329.1917066295898,181.0350918437497,0.00178,7e-06,0.00624,0.00564,0.00276,0.019969470822187207,0.12103166206933168,0.00468,0.012231980889444303,0.02127486708479838,0.03322952428550285,0.00065,27.58613143588185,0,0.36123045543323634,0.7165833757353552,-7.0220942236938475,0.13941150408240152,1.9143461778950588,0.08472494232111141
183.52,216.814,161.34,0.01466,8e-05,0.00849,0.00819,0.02546,0.0605,0.618,0.02865,0.04101,0.06359,0.08595,0.06057,14.367,1,0.478024,0.768974,-4.276605,0.355736,3.142364,0.336085
169.774,191.759,151.451,0.01568,9e-05,0.00863,0.00946,0.02589,0.08143,0.821,0.03804,0.05426,0.08808,0.11411,0.0753,12.359,1,0.56161,0.793509,-3.297668,0.414758,3.413649,0.457533
146.10143526215674,186.81996055811572,99.05164391227048,0.002556623455125944,8e-05,0.00092,0.00106,0.00475320899430382,0.025399022710368337,0.16325284580532412,0.02199102036024462,0.00606,0.01160370764207674,0.014462628056343843,0.010818756288227644,22.59104817900282,0,0.4028751523757179,0.7361536612676912,-6.662430271290089,0.17284042969774233,2.2695830880696195,0.15812132588057043
196.5037084986854,444.1717178398758,180.7771568275637,0.00178,7e-06,0.00624,0.00106,0.00276,0.026408842493964337,0.17216234728392688,0.00468,0.017489670282934605,0.008780370368009691,0.038027832917829484,0.036050901885209236,22.33452063746417,0,0.5781760976370792,0.6272700608900142,-6.293127466884597,0.16339406569063752,2.242655378337954,0.12608884887922356
123.18813162285923,161.90029365661047,76.2490177119914,0.00168,1e-05,0.00068,0.014774510004421622,0.00204,0.06387023424320068,0.49501857434924545,0.03350132130266683,0.03392247643867382,0.043976867113919675,0.11192017226933251,0.025052279946308532,16.719153114681504,1,0.5907788894265459,0.7678344002260235,-5.335991429600438,0.35074046338183784,2.7102445008792313,0.23231948805371905
121.77239138469459,199.74240411296367,112.3209540195394,0.005706967859427933,0.00026,0.009398470943832313,0.012988848564667678,0.016542852298668184,0.02560132963137636,0.18544534324296325,0.008110874927542007,0.015474548499423896,0.034951671800786864,0.04697883318743823,0.03496070724521824,22.96996624657935,1,0.6343801685651795,0.6527450707631237,-5.070686244183908,0.2946422057940616,2.501728911365826,0.24939404113497424
240.9093539830784,353.14971322225745,108.47725946420267,0.0136,7e-06,0.00624,0.00106,0.0043658662575756756,0.015008401747449425,0.20830876747527705,0.01213094809082464,0.017573761954059852,0.02745,0.02854909905883205,0.058082208188005656,18.339039437422187,0,0.48192581964159387,0.6267933715268915,-6.753544078964686,0.11358093730344174,2.7491596491380212,0.08155396303230025
232.61549718581438,113.597,154.9541661527962,0.00178,8e-05,0.002762774242386419,0.00106,0.0064565265466445245,0.023262296304728206,0.19160339768847562,0.02336,0.00606,0.022196549624951045,0.03175432888247479,0.04517761152515258,18.782220527566835,0,0.5087537888559887,0.62671,-6.228159378727068,0.18161651265382178,2.4212271016996363,0.15812258108984226
131.34323674781103,213.77621887766506,90.1210209674107,0.0136,8e-05,0.00092,0.00564,0.00567743646276916,0.02784690683746505,0.16712476430333884,0.00468,0.006362281831663367,0.010419387664672609,0.02280209734816315,0.017971232044452164,29.299592471251223,0,0.5100098180516115,0.70558053066889,-6.485835550790234,0.20196188230226797,2.271674763331435,0.13883813112820265
146.2501086489507,235.68755359816444,113.35913145740778,0.0136,8e-05,0.00092,0.00564,0.012208701986014571,0.00954,0.12981522218116523,0.00468,0.010365047127577192,0.00719,0.01403,0.04469465438747628,25.707263767212737,0,0.5836340472222563,0.6685820250591938,-6.308544817454525,0.29191525669755947,2.14580695379181,0.14920949904278707
194.1167499920808,322.3096340500711,139.49331538278003,0.00168,0.00026,0.00068,0.00092,0.008503929919104168,0.04378058855932423,0.22194823797936641,0.00892301788884447,0.019646212786142023,0.025911428184647728,0.05369567723053314,0.00231,24.911476114166216,1,0.45806157313745455,0.6577918647593735,-6.018964835224608,0.15823905158597884,1.8717119518735303,0.2091669267571152
116.556,592.03,86.228,0.00496,4e-05,0.00254,0.00263,0.00762,0.0166,0.154,0.0082,0.00972,0.01491,0.0246,0.01397,23.958,0,0.566424,0.667654,-6.431119,0.15331,2.161936,0.120605
154.6460908000614,102.145,164.41147252949423,0.00168,0.00026,0.00068,0.00092,0.00204,0.03758967658109209,0.2877422425016073,0.025489563251288393,0.016986387300317797,0.034913701694021186,0.050375601692304844,0.00231,18.517732811080368,1,0.5882624475573148,0.7434485344240847,-5.829146518254296,0.29432588971276485,2.352874266534766,0.19955011182747376
202.805,231.508,86.232,0.0037,2e-05,0.00189,0.00211,0.00568,0.01997,0.18,0.01117,0.01177,0.01506,0.0335,0.0201,18.687,1,0.536102,0.632631,-5.898673,0.213353,2.470746,0.189032
195.6247374955577,307.238628269713,155.04178592395505,0.0136,7e-06,0.00624,0.00106,0.01873,0.02302571064062513,0.1909136170299562,0.00468,0.010515357614482874,0.01643147531637499,0.05283448129260972,0.020396311877594255,22.811983958196045,0,0.38990595789063126,0.669347477124574,-5.8859028351522795,0.09381793715765042,2.498504332602259,0.17488051341797783
157.61231112991993,185.2246517166838,130.94704841228895,0.01149589437569767,7e-06,0.00092,0.0026413332259927983,0.008237240860083364,0.014609059971609231,0.160346076981917,0.02113601778416769,0.02498,0.00719,0.02737494576158378,0.00065,27.297458447063924,0,0.5431807145728322,0.6500047873950852,-6.11051769706992,0.1347000486454119,2.210365327852271,0.1815330965684767
144.26332778343175,323.2645129911846,94.01861189441655,0.019538379473969966,0.00026,0.008411571080684717,0.00092,0.015146550579535147,0.011299063015082288,0.20470084227771135,0.023462725092047446,0.0057,0.02242115739993746,0.024301169929168222,0.05462510571426132,25.38652867985061,1,0.4199155762443613,0.7174416025075503,-5.9603790383294015,0.15133267637584535,1.8179794265890328,0.18157240232029723
233.66081642039427,260.27732325328606,188.2442702711498,0.00178,8e-05,0.00624,0.00564,0.00754172523911895,0.019384360839222292,0.13515818365000978,0.010456023740358544,0.006580591721509252,0.014680629542683373,0.01403,0.00065,28.39273689704773,0,0.4924914266595132,0.6458041241331185,-7.300118539843051,0.15272155356346437,2.315967145339138,0.06536562117555225
127.90650008800563,103.09131193384397,127.27654910931867,0.009382006066685494,1e-05,0.007093862233532824,0.01958,0.004375173465005188,0.025746552831923022,0.097638459312444,0.00455,0.01625301123133319,0.00811,0.01364,0.00231,29.141799246155124,1,0.32619177441631997,0.8202741796328525,-5.781676391142193,0.27642041202129874,2.3655095716251116,0.20766690539095867
167.18000149733973,219.01515489988287,80.12124185676082,0.01072664732792736,1e-05,0.014872252751342512,0.00092,0.00204,0.02842630631125711,0.3114263518252558,0.007282478502812726,0.02345764841214564,0.03106257915284777,0.04854490370311853,0.00231,23.060266661644384,1,0.5393904010132508,0.7267949323442295,-5.022355319112307,0.36206333405818986,2.6333189040678606,0.27100989578106593
157.67345792185571,314.63506400638914,74.287,0.00178,7e-06,0.00092,0.00106,0.00276,0.026457551757968628,0.1977393816826296,0.00468,0.023113696113459536,0.02745,0.04906570335750861,0.02159816513700738,20.135183090237998,0,0.47630458225323213,0.6598637954682548,-5.8956511962486795,0.15281657779602406,2.356076069605523,0.18103342437698874
176.19609093699748,290.41162633394424,147.18429062795298,0.013641688455402118,0.00026,0.016763377393572393,0.005042783691544654,0.03394679983068911,0.03301650661611515,0.5121519441793295,0.0379386264462241,0.019523404344902552,0.030634575070328324,0.08980680295990077,0.05280885337991467,16.519914294954386,1,0.5721932258331368,0.7651389948305615,-4.6136766191007075,0.2915940822399336,2.5856595404058678,0.2816011208703768
138.19,203.522,83.34,0.00704,5e-05,0.00406,0.00398,0.01218,0.04479,0.441,0.02587,0.02567,0.0322,0.07761,0.01968,18.305,1,0.538016,0.74148,-5.418787,0.160267,2.090438,0.229892
158.57725822424996,160.00242686632217,65.476,0.010158589792580447,1e-05,0.004760881546196733,0.009743426176323743,0.0021746221910015715,0.01022,0.13022710193717993,0.01835303496802617,0.014615329515965055,0.00811,0.029517615264920874,0.00231,22.816626365159543,1,0.6174863066574707,0.7109314356199302,-4.9497757495012165,0.3446428897488084,2.699418781508243,0.2700567930557964
260.105,258.9678559761724,239.17,0.008499408126405355,8e-05,0.00092,0.00106,0.00276,0.02951990099587546,0.21295560886312748,0.02336,0.008361757723892154,0.011390095177504491,0.03708192350083895,0.019278139656893484,23.59984877452043,0,0.25657,0.6677770499650327,-7.751137842436466,0.10635704437573654,2.3580893380617596,0.060370352058178894
139.50777618592562,132.02963985293283,65.476,0.017957989392934318,1e-05,0.01496874295725613,0.0036037297654723313,0.03743937576745854,0.05308154945347299,0.46948531437722485,0.02546086048588759,0.0359004416838464,0.03097230289044036,0.0739501233356977,0.08370648112708384,15.958908482287692,1,0.6637980344979633,0.7074656327379841,-4.770676206848567,0.270932065724553,2.3922149523365643,0.3067114067230222
208.34653528727353,300.6100266217667,98.09554229693467,0.00889226982390207,8e-05,0.00092,0.0013678143964240845,0.00963242537448226,0.00954,0.14953454929206214,0.008961960256764837,0.018240886509125913,0.00719,0.016062458264174954,0.037751149672580475,27.539385461350992,0,0.46530376856443334,0.6544120559820678,-6.565028695342011,0.20970397782568675,2.5434849015497143,0.099015973841835
157.42563049687695,245.35403245829724,109.86126368723392,0.0037760008414932785,1e-05,0.00068,0.0021389244184430688,0.015275418814187834,0.01942438577866204,0.2512573876021775,0.016379037814920165,0.023035783726906334,0.026065448980053217,0.016570707738445108,0.0229302942449583,22.842751244661216,1,0.5448394200842075,0.7055442870796741,-5.382978885735969,0.20968712640646098,1.9832840117312296,0.2499232495803337
223.01963808218719,152.5366335523962,152.93266894697945,0.00178,7e-06,0.00624,0.00106,0.00276,0.02156114819104668,0.1660165228911591,0.00468,0.00606,0.00719,0.03391498077507374,0.007561498730586407,23.97256734643897,0,0.3762933986094016,0.6738716325776566,-6.642216333232818,0.15358140056472733,2.1301467178336444,0.1445711723701083
132.71395954212193,167.4359021151139,71.41319500249841,0.013697629245785298,0.00026,0.00068,0.01919771908288761,0.023517443410424704,0.03972866869009308,0.5293857795756225,0.035002971018366164,0.02807951141897006,0.06450829306492449,0.11104323524748266,0.08644885354576935,13.924812411516527,1,0.685151,0.7012757257340362,-4.074373953456021,0.22190562107228426,2.3873483362841816,0.35953991745498337
161.32350966460842,150.13036412083775,140.9048651364925,0.004587133819162564,0.00026,0.00068,0.00092,0.00204,0.029715211532662315,0.19525392584409781,0.00455,0.023527418330909017,0.028030472938244472,0.030745159618191003,0.00231,21.703302619290127,1,0.5465137261306958,0.6916907536755389,-5.734554192575751,0.2867883270785599,2.4533222966851547,0.18523734973760342
122.4,148.65,113.819,0.00968,8e-05,0.00465,0.00696,0.01394,0.06134,0.626,0.03134,0.04518,0.04368,0.09403,0.01929,19.085,1,0.458359,0.819521,-4.075192,0.33559,2.486855,0.368674
204.664,221.3,189.621,0.00841,4e-05,0.00502,0.00485,0.01506,0.02378,0.21,0.01277,0.01483,0.01767,0.03831,0.01316,21.305,1,0.498877,0.722085,-4.876336,0.212054,2.376749,0.268144
241.66007022729025,239.2333132143847,146.2747069458209,0.00178,7e-06,0.0030755222179476823,0.00106,0.00784288554422963,0.03325148777257328,0.21983839957100268,0.01803917537628461,0.02498,0.0217092222845624,0.05987821740171123,0.0053331731261580554,23.897961074487103,0,0.43706253499151115,0.6674558477856719,-7.419843959959913,0.13626636827275979,2.6854827401938843,0.08528244196053184
146.45499932364902,126.49020641120438,85.48717363002481,0.0136,7e-06,0.00092,0.00106,0.01873,0.026824857030220355,0.18422957880486263,0.008712499659099687,0.013023012679672454,0.02745,0.029443846372965675,0.00065,21.42752890227156,0,0.5461734320077579,0.6825954759650795,-5.381696696363534,0.1809826125915202,2.5723721937407267,0.2312732538293089
125.11612470100437,170.71585852538948,180.1745416263712,0.012031459012676793,7e-06,0.00092,0.004796391874470493,0.00276,0.022264554633319243,0.14147617130500983,0.004765548334709828,0.015223582689410757,0.02745,0.01403,0.027583539226037644,23.11589863692442,0,0.444809103488681,0.7096429212729265,-5.522045818818189,0.18049778897065843,2.092363336281775,0.23168923102874828
163.5655461855579,254.2623241906016,143.10990664850166,0.027049357924134133,0.00026,0.0010728695853608715,0.01599264289535938,0.013782188232518332,0.012256469821564517,0.19239971337674927,0.008104742113010545,0.010609371541763921,0.015249456509007189,0.031140360095991703,0.004799782330432174,23.55273757264193,1,0.42328664854260145,0.801446300082882,-5.454290263784022,0.14549397404394337,1.963732585569591,0.2504052294763638
260.105,416.69681961988204,239.17,0.005535115486793393,7e-06,0.00092,0.00564,0.012391338743731942,0.023329634322826136,0.14550482254817296,0.00468,0.00606,0.008265622401332535,0.033275644112761724,0.026814259573639636,24.45145390863352,0,0.25657,0.62671,-7.254537875326881,0.0157648532373334,2.630862446421338,0.07623566296798617
211.32991018432418,371.0745380675036,221.58490297874454,0.010304102930056704,7e-06,0.0023044958889358604,0.003605859933251066,0.014770488098555301,0.012014055768144245,0.18265345311489367,0.012034218714387644,0.01616861558987788,0.014668205291569586,0.02655460885607713,0.00065,25.210348735844928,0,0.5986291675657248,0.6701354699302065,-7.5526299391701635,0.1788202385255261,1.6120014024774965,0.06909909745548043
155.21459221399303,156.13837264792403,109.16681385129856,0.00168,1e-05,0.015129631231119059,0.009078856358819245,0.027296399004720258,0.05784736639963139,0.4445803182528676,0.0404276550436143,0.018668289134680684,0.05133946751563487,0.0898892772144277,0.08664409401011015,14.138117176095005,1,0.6371042820900663,0.7271991820219924,-4.970929997703803,0.2721236343472202,2.863427377996081,0.2523235754337082
194.40333961165092,269.87354039606595,149.68135694882716,0.007181462805053312,8e-05,0.00092,0.00564,0.00276,0.00954,0.145499430527599,0.00468,0.00606,0.008729273413784211,0.01687537990003679,0.037615256375312066,22.137041511678337,0,0.40328662934610227,0.6577692652977959,-7.004060889120328,0.12726091486042856,2.086002302379204,0.13662539383274858
144.02110354699823,290.37796552100895,92.37009665243198,0.008300825362999455,8e-05,0.00092,0.003417132980284436,0.017496089068121404,0.03267387387363868,0.20878817412298747,0.019455446134401352,0.02498,0.009424593513514623,0.03652122298795197,0.021704520260181374,20.41157781513046,0,0.46720205342036425,0.7130134297980655,-6.459820528892753,0.20910617233612092,2.60561665041824,0.14812543080101026
110.739,251.2660870990658,74.287,0.007441146270290026,8e-05,0.00092,0.003976334218397208,0.007912581915214179,0.015504932058298858,0.27213029684259127,0.010808117212407828,0.00606,0.02745,0.052272141982954975,0.01128595254111911,22.122632259455926,0,0.5035597622516078,0.773003502721843,-5.738803352661255,0.1659648343850175,2.2784614767229234,0.2213924212619745
135.9175058847904,102.145,135.35766130448758,0.00168,1e-05,0.0024761397557986832,0.00092,0.0023414324950110123,0.01022,0.09,0.00455,0.0057,0.00811,0.01364,0.00231,24.46533453915019,1,0.48823886243853976,0.760302449475377,-5.802650083758258,0.2378765759747366,2.4557413730514583,0.2176638635095175
179.30152725314457,223.37578947107895,105.00745895728477,0.00938022860248359,0.00026,0.00068,0.00092,0.013613691865612329,0.06410670350598952,0.5536272495659611,0.019725847371234274,0.005817654638440075,0.019781959186372843,0.09405407725273174,0.04548428732694251,15.23960415614251,1,0.5060791293737044,0.6954563606368336,-5.3861389234829495,0.2447631838546771,2.578665166362929,0.23593255587955503
136.9403342779672,241.91741362275084,170.32950042105085,0.00178,7e-06,0.00624,0.00564,0.0034205768337925305,0.00954,0.12742004800055948,0.01821545655457426,0.00606,0.01500883190933123,0.01403,0.010056051532458614,29.995369995464408,0,0.41319479490864863,0.7221205080089265,-7.29547944718165,0.10309278640448241,1.7896409768962034,0.10188687184817997
181.7171793848901,499.3219430983924,134.70189750251524,0.006608386957025347,8e-05,0.00624,0.00106,0.011210031675534516,0.010128786570564534,0.22980577526725343,0.020861224643981876,0.02498,0.025094881590505,0.05034950495909929,0.00065,26.023083391523844,0,0.3691911215471842,0.693405711588581,-7.265547001007684,0.14765549417917395,2.2608243415197355,0.07588605118762597
223.97340644414135,184.37661348234525,233.76027082434757,0.0021961315030706702,8e-05,0.00624,0.0017288062413267828,0.00276,0.017979397849322138,0.12000858337538878,0.00468,0.012868476938738015,0.00719,0.01403,0.00065,27.364162163800167,0,0.25657,0.7496015943353047,-7.10546843967439,0.01716162565465265,2.2972583844620513,0.11728840711348214
118.59105209490625,107.81718744391874,132.26751530791975,0.01618559778653327,1e-05,0.014848217352703414,0.006382534523564272,0.01598966380360331,0.04998551140855025,0.41241699851880437,0.014326292149537215,0.015044552665050729,0.028500385111004358,0.06017277056839927,0.04549286167865317,21.225716999284458,1,0.5671962802553757,0.7463802129840621,-5.92080960376944,0.3106793803001705,1.867874365932011,0.1859846505370748
237.24563785387915,228.83607512075676,116.98241093263306,0.0136,8e-05,0.00624,0.00564,0.014809398693437208,0.023375842017311202,0.2143075452694504,0.022805499231955642,0.017780659956211222,0.00719,0.022290473348370296,0.05399862004124256,18.29837427375529,0,0.42692714806432847,0.62671,-6.108834190877067,0.06001145528820753,2.3969090382296674,0.1700857445175183
184.77866469040436,312.65203140706177,115.64290108342713,0.018212925582686113,1e-05,0.016887977354625914,0.0014314678683663728,0.015244351209045284,0.05754103461205026,0.6109391148505134,0.03939074139023565,0.012849807525785125,0.031943548817793696,0.11518388809800598,0.08487315401713603,16.127308574409184,1,0.4914324869055321,0.6215575299649778,-5.5538809702445855,0.23715379654438576,2.980461719114329,0.2321975601979033
168.75876922942976,121.29579484063359,114.43808242901693,0.004228502426510332,7e-06,0.00092,0.00106,0.01873,0.016888813757048853,0.21852035096597508,0.022725489912869837,0.00606,0.019962197521668147,0.02712430353684947,0.0239219394168649,21.12847454488484,0,0.46480609876592466,0.7373258997190665,-5.709622654154688,0.25566135063890494,1.8776093212124882,0.1727109328016579
109.12557948461429,102.145,65.476,0.008951264631103167,0.00026,0.001861878655648989,0.00092,0.02105992032532873,0.060136993576043594,0.5509276893368651,0.034667692154841126,0.03898817377334143,0.042782192589193566,0.09310218429632836,0.08135776553192227,14.053276430676439,1,0.685151,0.635786952409895,-3.665948821317973,0.2901730300810612,2.6105901971671552,0.3345272906021851
150.26757569984872,272.8731263619822,69.31006478714713,0.00168,1e-05,0.02144,0.00092,0.01610541855738676,0.05733274198736203,0.48738451438627384,0.04109830287187676,0.025529188375010937,0.05007125893000684,0.07900949865880647,0.007186369451115868,18.9213554893002,1,0.5134905858587712,0.6991851863842065,-4.2951898393434975,0.26303644328868603,2.5133531220278815,0.3098768709601383
135.77445979066454,149.51602684165204,172.88643517051923,0.00178,7e-06,0.0025338818402430214,0.0015508640628238072,0.00276,0.018221741318915036,0.1226624692227295,0.011091525912862466,0.006917044903376754,0.011513832385788134,0.025030815063589253,0.010010217374717783,26.80147756555207,0,0.5401720865194203,0.7010305446183083,-6.769751646983934,0.22265605453397475,2.172959011361926,0.10339604986938697
158.08707455553667,262.7942018349852,136.05874049684746,0.010197352442958696,1e-05,0.00068,0.006657434330998123,0.01096059091428258,0.01624258074793489,0.1605958896152138,0.00455,0.02350546459911026,0.019881227212908237,0.046035595239373846,0.00231,20.199412376149475,1,0.4630556957280939,0.7592003424436866,-6.202875643035322,0.21276748040373936,2.2489929727030296,0.1851042675651817
192.97556021812775,291.02974109257775,150.6109276366241,0.00178,7e-06,0.00092,0.00106,0.00276,0.015663597228745156,0.18450155779012323,0.02336,0.01544571400508176,0.02310532577021584,0.04725271309306876,0.00065,24.61345373579597,0,0.6274315893149209,0.6317867427410062,-5.899096121113414,0.21296031857245246,2.1975121009665877,0.159649805880773
110.739,117.86585842558166,134.46476207110305,0.004261768079150203,7e-06,0.00624,0.00106,0.00276,0.03939602033624806,0.12619152147447682,0.00468,0.017601154803108112,0.02196581031351806,0.016714048100268712,0.00065,27.857777387242223,0,0.40659407171631756,0.7674547418520753,-6.562521164770787,0.2224710965202214,2.112221428269331,0.1581807790900952
159.51145376910762,366.86686494968626,65.476,0.00168,1e-05,0.00068,0.00092,0.014987794932890278,0.03221888834173543,0.34675265828389273,0.024586538433283553,0.009912509885172328,0.04063329429628939,0.052105258251645865,0.00231,25.409721585870876,1,0.5599069621183995,0.6830433476415791,-5.508578858071321,0.28285637696714333,2.6288265718155537,0.2009958439723395
157.447,163.267,149.605,0.00369,2e-05,0.00201,0.00197,0.00602,0.03272,0.283,0.01813,0.01909,0.02571,0.05439,0.01018,21.693,1,0.447285,0.705658,-6.247076,0.180528,2.344348,0.164916
187.59201183217903,230.81095458520025,189.98778843741775,0.00178,8e-05,0.0055213637137262305,0.00106,0.00276,0.016975594217648382,0.11754801570777051,0.00468,0.00606,0.00719,0.01403,0.019011987853631743,26.696218860044628,0,0.38617902459342535,0.6966852856659191,-7.492676902987312,0.09793584195363386,2.37873689834623,0.10593863851531928
160.50422764848543,102.145,133.3242940394141,0.02001932772178783,0.00026,0.010011293264094868,0.011864073353815407,0.00204,0.0159723079645591,0.2498348927997741,0.012823333947099773,0.039982766996422406,0.012756803711715234,0.053364845486575475,0.01755720931025267,21.838746253234447,1,0.4765585787782208,0.7960569631631162,-4.067522000149765,0.14989671129969556,2.5037809035978866,0.31328949304357623
115.51516196109723,113.597,95.16123908973917,0.0136,8e-05,0.00624,0.00106,0.01654244118237952,0.035534728246744675,0.22561796372447762,0.008447479541799542,0.014851602120918059,0.02372527760747764,0.032317684246418725,0.028985954753633712,18.497076814246867,0,0.49201211634577324,0.7215267243052986,-5.198864,0.18275609862222536,2.6517064481956805,0.252404
168.7758912648498,207.06403325456108,79.60961838416077,0.0136,8e-05,0.00624,0.00564,0.007126901617202657,0.031546252009049605,0.2954082257065853,0.00468,0.015032780437987975,0.00719,0.049750264487251214,0.03564267084743056,18.306567263002357,0,0.5156180269694686,0.6910749699588429,-6.178669588127461,0.1219252860013956,2.40638584569243,0.16182110601974908
110.739,113.597,77.5359808889176,0.0136,7e-06,0.00092,0.00564,0.004221569085356014,0.020627044665199053,0.18226770705349454,0.00468,0.00606,0.01593148207958781,0.030024137949255656,0.04370105836004464,19.949769829265136,0,0.5758545557184678,0.7296184354750364,-5.198864,0.2376232613674001,2.3594846196859596,0.252404
238.26674332090758,235.6343648887026,239.17,0.00178,8e-05,0.00092,0.00564,0.01873,0.00954,0.085,0.00468,0.00606,0.00719,0.01403,0.00065,27.649287535458544,0,0.4225026349100618,0.6579741504272336,-7.24910399934004,0.1151623391341785,2.02754559679469,0.08433540250136828
134.6436616445839,143.85671677338735,148.30940014146435,0.026886186994284553,1e-05,0.02144,0.001986888284983404,0.041776389589303076,0.05768352516877309,0.5982429026682028,0.00455,0.03845708828552709,0.06011341394305701,0.08105826197246375,0.13268933339103392,19.898706623778075,1,0.4765327015821241,0.7424271413318373,-4.814213609028666,0.2240156619582972,2.3239537580700214,0.2943401859953039
93.82502061959502,154.4587437050762,110.8647807634554,0.004228927773607973,0.00026,0.0013452046265620427,0.005444026094642274,0.00204,0.020045020932552296,0.3485778905436326,0.024643566748306624,0.038844319223010584,0.0445242052415841,0.05231026540357783,0.009982808163984974,24.21953690141396,1,0.458381141186526,0.8133560427790805,-3.9977952397084295,0.39503947716034027,2.209858715364647,0.34421016760544276
211.03936240021557,274.7868235978841,160.93874282857482,0.00178,7e-06,0.00624,0.00106,0.00276,0.010284943255800406,0.20905498911543952,0.014263980557603783,0.00606,0.024482802580029155,0.0365656386206935,0.01587466681403523,20.91521437464918,0,0.5308369715949899,0.62671,-6.811855286049989,0.04716655154409864,2.316928544794487,0.13896063711534024
171.85067631630432,423.4828879204981,74.287,0.0136,7e-06,0.00624,0.00106,0.00276,0.04087,0.25188319183693536,0.017549657177231354,0.018453691849459677,0.022071766614775314,0.035476696849362145,0.02639948559162646,19.303354947326973,0,0.5317587921049821,0.6326932352947506,-6.063544726529881,0.14277765691660385,2.4840133668039606,0.16018970092052442
142.91955462103334,365.10386649600673,99.16917613570948,0.00168,1e-05,0.00068,0.00092,0.008253377373024421,0.031404199372530854,0.25776632162638835,0.00455,0.009303402182105479,0.03228368695618433,0.02547697334437369,0.05835317849729821,21.273854063515756,1,0.4831461890850692,0.7399517034413056,-5.47303195824564,0.3376269752483868,2.8504883076076695,0.25073127977706056
162.8835075244666,268.39751174332093,166.35492969962695,0.00178,8e-05,0.00624,0.0016372200930885462,0.005858072768035464,0.013783962309130196,0.17985654792180664,0.01273932972312352,0.01146212283975024,0.02745,0.02001168686852392,0.00065,24.754162271612945,0,0.5883187888852512,0.6839065799019519,-6.491073618541687,0.22673989928687194,2.1861762493869636,0.15778293562666762
189.59695528527553,247.82871888880305,116.18632942021459,0.008546101506125232,7e-06,0.00092,0.00564,0.01167736540377104,0.00954,0.2822097020625161,0.012107413202446371,0.01764430671918965,0.00719,0.05198153552895199,0.06007716884104765,17.883,0,0.3644206934001154,0.6871382944719697,-6.427661217958799,0.16071714059893047,2.6919213606025423,0.15322688109777496
243.4112079807199,247.9478113652399,161.76114675105808,0.0136,8e-05,0.00624,0.00564,0.008657318075491898,0.019986187778272834,0.1940375655246582,0.02336,0.015795943609383002,0.00719,0.01403,0.028553544079364078,23.94794900904755,0,0.4719092237301787,0.6632777035914362,-7.151600623964222,0.19191393928336853,2.1218184270455405,0.061959649760170016
153.01628115683593,102.145,120.82463298865605,0.00168,0.00026,0.0038446370073564684,0.0033427583803147497,0.00204,0.01022,0.09,0.004752205250725981,0.0057,0.00811,0.014604298902696732,0.00231,26.13413341528691,1,0.5795853990884818,0.7124486126374012,-5.7605671113118095,0.17612000525694357,1.9558709556217497,0.17099169405150622
142.27937039263273,102.145,77.12225551178913,0.015081456379533315,1e-05,0.00068,0.01958,0.009621496348433043,0.02436772236923722,0.3785546109654113,0.00455,0.0057,0.03978509444757115,0.05475312796082721,0.038115224129084996,18.802423145736466,1,0.5736825557772698,0.7093612167123822,-4.384352908435818,0.25384345506565625,2.4757426550700283,0.302038569400931
183.33529216297245,113.597,151.75953794974012,0.00178,7e-06,0.004517696684879678,0.00106,0.00276,0.02833555910226348,0.18282659898347553,0.009352614418827065,0.012438845632990293,0.01760715751120688,0.04290040006801314,0.007258335966802329,23.326757243926597,0,0.3748559948804496,0.7171185142780374,-6.317393942668442,0.20570621124366678,2.177000952321938,0.12393892949683678
214.10775952609052,312.66296816963427,95.6209599354282,0.009685581694268098,8e-05,0.00092,0.00564,0.004559765845466329,0.021273704437237327,0.2508407841423783,0.022523399984011747,0.00606,0.00719,0.07008,0.03627738027081246,19.496934319741044,0,0.36132914614286676,0.6269772907037647,-6.5062478184134624,0.1275997966347791,2.702782408565816,0.11911952637191969
110.739,113.597,79.69688306312406,0.00178,8e-05,0.00092,0.00564,0.00276,0.014727397892125745,0.13937297670089832,0.012435428949638448,0.011324757345114183,0.024483766445260978,0.03617111780215766,0.01124833062533085,21.09757214247736,0,0.5766427138836527,0.7217851136527729,-5.348525940935552,0.28148468158135165,2.223027744999413,0.2263728092542211
125.791,140.557,96.206,0.01378,0.00011,0.00826,0.00655,0.02478,0.04689,0.422,0.02542,0.0263,0.03908,0.07625,0.10323,15.433,1,0.57101,0.690892,-5.159169,0.202146,2.441612,0.260375
219.6692769649255,262.3195706446282,235.89909574370373,0.0060606478184156935,8e-05,0.00624,0.00564,0.00276,0.029736914253772496,0.20137625296361628,0.006463016809150473,0.02317604424829022,0.015765732636864576,0.03859108529056957,0.03475793613109421,24.139086791946752,0,0.48421475529600205,0.6407202241588313,-7.156583983527921,0.1478408438404234,2.3047457258221034,0.11508783581268997
190.692969708046,200.54830331549167,138.56297216838706,0.00168,0.00026,0.0022128647544314073,0.017212758134275526,0.00436877836204622,0.01022,0.09,0.00455,0.0057,0.00811,0.01364,0.00231,27.44183796885106,1,0.4098563624432713,0.6746446978954681,-5.724861895946915,0.2452560260348433,2.4829519406695764,0.17031305322968665
129.49754874516506,368.71619330326195,65.476,0.02469069907428532,0.00026,0.017226819644208195,0.00092,0.009685485298092758,0.037799653961266326,0.28178877255989426,0.02452067157315853,0.025628004975433903,0.008700853616100707,0.0813823680993794,0.014222525771208777,22.81651309163613,1,0.44463557733383885,0.6577562614474666,-6.619910472099512,0.23425794857108326,2.2232605991068586,0.093193
229.10366376531252,114.95437384108187,205.02127939695345,0.0136,8e-05,0.00092,0.00564,0.00276,0.017460615348369988,0.15024817090372083,0.013155605657876093,0.0228487426992961,0.00719,0.03169600009699155,0.010088042829454674,19.916934886088715,0,0.48240038694685444,0.6604852868361843,-6.161960809595594,0.15569248885016632,2.6418175907402373,0.18190210255158498
155.172944253736,275.7647518696902,102.2149479360356,0.011382831590666368,8e-05,0.00092,0.00106,0.002863764723167274,0.00954,0.1833780838910627,0.00468,0.01358847200632958,0.02020369005249969,0.03469112144514909,0.01797058791316213,25.634069092021278,0,0.5049998502789302,0.6901893539549808,-6.897014112680433,0.1833139370960699,2.106034308380248,0.09806019512951593
148.82966574898177,298.22970270455596,92.94286644018632,0.00178,7e-06,0.005236308942468418,0.00106,0.00527619501136527,0.00954,0.17273889901168382,0.00468,0.014508069937424326,0.007967116396574044,0.04725744900684184,0.007358365865534848,26.70958539928835,0,0.3836646392773537,0.7532969749645166,-6.824522722965169,0.16310354110215097,1.8311025730997932,0.12454318080449012
200.6348876044146,388.8135163004413,81.92097459044035,0.01193505696903763,7e-06,0.00092,0.002590606483722126,0.01873,0.017231070710526316,0.16819705307968824,0.00468,0.00606,0.018335739799385777,0.01996595850814205,0.011743941336524268,26.008687664992014,0,0.47567953414163483,0.7136996292760941,-7.299414375357978,0.2326268354413281,2.3296324762499614,0.08708261520480844
175.77428834407303,357.59041128011825,107.3369879961289,0.00168,0.00026,0.008606152324451005,0.0029504831986035844,0.00204,0.01022,0.09,0.00455,0.0057,0.010928504056152172,0.01364,0.00231,29.928,1,0.263654,0.7218956717989905,-6.7488340231793575,0.23965282702833934,2.3086786702088573,0.15035550598819356
106.516,112.777,93.105,0.00589,6e-05,0.00291,0.00319,0.00873,0.04932,0.441,0.02683,0.03112,0.03651,0.0805,0.03031,17.06,1,0.637814,0.744064,-5.301321,0.320385,2.375138,0.24308
166.56100189223747,256.2253128252193,121.91656759743388,0.00178,7e-06,0.00092,0.00106,0.01873,0.024535253818853103,0.20503981336064903,0.02336,0.006185763624636852,0.019124435998229355,0.02161344531629115,0.043832753677575956,23.812895408503028,0,0.5464311928482162,0.7132386577534513,-7.2537656728945095,0.2576903656492976,1.7842497527487449,0.09922791136857077
186.163,197.724,177.584,0.00298,2e-05,0.00165,0.00175,0.00496,0.01495,0.135,0.00774,0.00941,0.01233,0.02321,0.00231,26.822,1,0.32648,0.765623,-6.647379,0.201095,2.374073,0.130554
179.01681293835566,184.1870067567312,116.21862301804602,0.00178,7e-06,0.00624,0.00106,0.00901717193753366,0.01428470567281599,0.21396999750341938,0.005365381138980882,0.010249006208081566,0.01186472200231877,0.028131176170287563,0.03450355989093914,23.424065837443585,0,0.3710518894551866,0.7118540673709696,-6.562017343291223,0.16538494841753873,2.1821459016597875,0.11780082866231856
133.26809974463302,126.50797075852974,80.91280992265219,0.00168,0.00026,0.00068,0.00092,0.006674811310896842,0.01386434869438724,0.09,0.009742084768234746,0.0057,0.00811,0.01853174626320321,0.00231,25.234690492853492,1,0.4823797462490445,0.6984710392849272,-6.346397426087579,0.1410082046269313,1.765957,0.16874762340076416
180.48913419709035,253.61929953531506,77.80658658999252,0.00168,0.00026,0.01712729501026472,0.00819437720591281,0.0061665861499704995,0.01022,0.09,0.028854806509422907,0.0057,0.008700536946967333,0.01364,0.017440690108823605,23.638378752261765,1,0.3522127430385815,0.6852419146870576,-6.4714039603741425,0.063412,2.0513863928794676,0.14818135540053998
139.08083988223282,189.45134924668324,111.21099978288241,0.008019431593739941,0.00026,0.02144,0.0062957498248385505,0.012691274137345162,0.03045848438689418,0.223255880628846,0.00455,0.012136122092118687,0.015090174461734916,0.05185661290585636,0.023490593572806875,21.654113405388863,1,0.5365188240711367,0.7228568331307462,-5.923213036990909,0.11510454774513074,2.098577460537853,0.1530554299691848
132.43723656602796,236.30033456439816,70.17437029032311,0.010305221437764224,0.00026,0.020088176132785625,0.0024560941443595163,0.045276148200881966,0.06245829227744185,0.5491357077317796,0.0323417295126901,0.027052502651752793,0.03562654907225374,0.10243042474849626,0.09972224989382734,17.56744694679749,1,0.6007735127961946,0.6609914511563562,-4.302409521796871,0.28700793348284753,2.978565162494962,0.3313871017521058
138.56529558135742,144.42711384879078,123.21499021472948,0.00168,0.00026,0.00068,0.005938550393597092,0.005256226177475419,0.026114217642834826,0.1653378588116842,0.008605035063602415,0.0057,0.008581265009645764,0.01364,0.005480733439931888,25.614600973989607,1,0.4323715880967448,0.7340838311260252,-5.3181087130239195,0.2618469603582003,2.624707658698818,0.26497232256695574
159.42092623545528,328.9127498328385,87.19689492322533,0.00168,0.00026,0.013715142017710446,0.00092,0.00204,0.0400568754147181,0.32362435281642604,0.020287082444922003,0.020307442260128507,0.023166182436838784,0.04715150534347237,0.07555915949016291,19.411338856084594,1,0.6183277121074077,0.6548197616686983,-5.972345232142233,0.25453218492586643,2.0876065281485157,0.22899985341947157
160.06949986697174,248.8503193473888,119.69732655256624,0.008555681112191963,7e-06,0.00624,0.00106,0.01873,0.016518582820092248,0.19261435164009394,0.02336,0.00606,0.022255158214369783,0.03602755467041724,0.02190790623850396,24.286421602582305,0,0.49134103355789416,0.7234660186446127,-6.88242661205538,0.22075877479806738,1.9856568871837164,0.1079277033833001
88.333,220.05374078518562,88.12153999773471,0.013167044747289606,0.00026,0.00068,0.018578711169710625,0.02454565746531752,0.048283704247296645,0.5144889664068342,0.04428914656542737,0.029798394708670885,0.054894694851416154,0.08717355619933581,0.07980760195239316,19.538921570918422,1,0.6191750501282138,0.7688013202543983,-4.29764356317167,0.2672778182381289,2.594398267948005,0.3076160658167944
134.9707766711026,127.4009168783573,139.9460420638409,0.00168,1e-05,0.004039593843360638,0.007967862273463175,0.006470057676120534,0.05775538157102898,0.3425223892226876,0.013877193583225799,0.022118557489932456,0.032974151173138566,0.05770901549295626,0.02600701872251921,24.14455779432396,1,0.39363489637786486,0.7932948529103547,-5.495041593581973,0.10708377028783028,1.765957,0.2300781605460742
229.401,252.221,221.156,0.00205,9e-06,0.00114,0.00113,0.00342,0.01457,0.129,0.00769,0.00957,0.01016,0.02308,0.003,26.415,0,0.27685,0.673636,-7.496264,0.056844,2.003032,0.073581
152.845,163.305,75.836,0.00294,2e-05,0.00121,0.00149,0.00364,0.01828,0.158,0.01064,0.00972,0.01246,0.03191,0.00609,24.922,1,0.474791,0.654027,-6.105098,0.203653,2.125618,0.1701
243.2686164379183,331.95803331066816,127.51945549076684,0.00178,7e-06,0.00624,0.0031236852074962435,0.00276,0.00954,0.25069490531648486,0.02336,0.00606,0.02745,0.03825810321763012,0.04367684407076259,20.32605344914502,0,0.45024084736759573,0.6470673443756612,-7.331801831106679,0.1962108896042632,2.513133572201801,0.07038680382371049
156.7745543446597,248.30226533622465,144.78089044505438,0.00168,0.00026,0.00068,0.00092,0.026312949239579525,0.018481658402911792,0.24649080987879957,0.00455,0.008810292366256068,0.032687369962553614,0.02482798480223019,0.03439416682814813,23.911593431470806,1,0.30797925033825524,0.7553540585308773,-5.397057738385777,0.06908937233299792,2.195404581991844,0.2287172335950416
142.14852462737616,198.20194251865547,128.7659836943896,0.003035266273528431,1e-05,0.014047020644003167,0.007925901687696501,0.00204,0.012224596785206342,0.1779202035118309,0.01311210410214379,0.01247303967241184,0.012641138858108358,0.04083959767073511,0.01609880180797172,21.805822727584296,1,0.5101912024745179,0.7572078427831084,-5.758792201012412,0.3094444820587936,2.4099259508867017,0.23230948990367517
116.342,581.289,94.246,0.00267,2e-05,0.00115,0.00148,0.00345,0.013,0.117,0.00631,0.00789,0.01144,0.01892,0.0068,25.023,0,0.528485,0.663884,-6.359018,0.116636,2.152083,0.138868
186.52672539057468,123.84865292431941,177.73618173047683,0.00178,7e-06,0.00624,0.003435482059754605,0.00276,0.031023446688876403,0.18902077693488584,0.022046947120526808,0.007774658355050921,0.007924183458510085,0.04505291585198035,0.00065,22.858823989932038,0,0.4698496050836625,0.7299656526479634,-6.464583022496904,0.2143192688975687,2.453058777396573,0.1514274433297074
158.73973931072558,249.58023285814016,115.44849231792797,0.00168,0.00026,0.016656225668204027,0.00092,0.009715007815717488,0.0662378374556393,0.3053250094398275,0.012347505703224147,0.01420064104486397,0.01877262318652034,0.06954167454338306,0.00231,19.730920093858856,1,0.5407703697481338,0.7701204800231182,-5.616901059614664,0.20072491273668694,2.7364898128722173,0.16799158088424063
216.2697977655126,134.75715510513538,75.75467829388587,0.00178,7e-06,0.00092,0.00564,0.00276,0.029838383771353366,0.22260458828661353,0.00979841234636992,0.007119089085991327,0.027446200576847286,0.01403,0.023187724163622858,19.37390163228315,0,0.5644125586967907,0.62671,-5.764973162441389,0.18371481080912044,2.6724379409910948,0.1792504260252373
246.4562719946307,214.42081716689336,180.17468783002442,0.00178,8e-05,0.00092,0.00106,0.007294094205867258,0.0190462598717622,0.1765410869719592,0.0082353231778064,0.00606,0.02323965672809299,0.01627580776722478,0.058586499231979935,17.883,0,0.5712558682973476,0.62671,-6.268243001481187,0.14079934565081273,2.6784534825620296,0.1528559048921745
205.25302612966652,202.52136037886237,188.1531382534061,0.00178,8e-05,0.00092,0.00106,0.00276,0.01547368517151049,0.1685983251703881,0.01729764358272691,0.00606,0.020547051258864427,0.03941200137616526,0.00065,27.309538675261404,0,0.34423783772204286,0.7076068789519905,-7.586359779030242,0.03798261875160684,2.3686790041279298,0.09400194755329393
129.28029048913248,203.35776817221907,155.25099544852245,0.019876680326791872,0.00026,0.0014487464106075518,0.01585289582721308,0.004463735240207547,0.02922280627831128,0.11166113191276306,0.01553612530289101,0.006771728966891533,0.013155640038575164,0.027740230542222306,0.0428622193865759,27.02557201071555,1,0.3824384801893751,0.6838903367500258,-6.150160216416306,0.15205849697362472,2.0254848114223005,0.1370918552868636
110.739,187.4919299537783,108.5604167414806,0.00704125741620093,7e-06,0.0036062202565760263,0.0020824811190786373,0.005904670478239407,0.02647975458332423,0.08685570353826179,0.00468,0.013760628382457056,0.00719,0.02662700332063783,0.024177155872834144,27.116463384493848,0,0.3840778238044188,0.7578491508147511,-6.601977826563777,0.11541262119601103,2.245474210508367,0.1315561262530399
125.72808582752164,102.145,89.32310844294202,0.00168,0.00026,0.003996752752899227,0.01958,0.018299235554267844,0.07056464003395485,0.6679622564259213,0.03327890117975511,0.042190175720778655,0.05849194962213865,0.12285570086664208,0.06455252667603978,15.864643769872064,1,0.6072304624552934,0.7375182517229021,-3.979987524767601,0.302759765079553,2.7573611221490384,0.31511679226320627
254.1120550105886,264.3364567398892,180.67471648051202,0.00178,8e-05,0.00624,0.003857191901529765,0.00276,0.01416539720384085,0.10024271813942273,0.00468,0.007122859908586316,0.00719,0.023354715211497637,0.01145302250600034,25.91064238741775,0,0.38503389877446714,0.6529377079878671,-7.114258850425381,0.127594616152706,2.1130999376764312,0.10719009212081157
175.81594749938068,221.72195578405348,168.1576446397956,0.00168,1e-05,0.00068,0.00092,0.015264447570464218,0.03349553953535371,0.24671656807562964,0.01212968016983324,0.023076337824733287,0.019151646420946015,0.0513125213123587,0.03241199401127079,18.072929126773733,1,0.5586090440182703,0.7380201269034283,-4.7578212608048025,0.2587640646841301,2.4303601099780816,0.27788302728462794
137.4156337328628,263.4606509046678,155.3186116378264,0.0136,7e-06,0.00624,0.00106,0.008044720006282924,0.02663048799951505,0.21742278549223565,0.00468,0.017710789982285025,0.013579117845588946,0.025880083858500443,0.022221661931896015,22.65476476305862,0,0.488088363389905,0.7415568368681634,-5.830889624027106,0.23428122767894616,2.273046380204039,0.16496078723074026
171.46164639703187,177.3853153379204,124.82690529784345,0.01354563364217619,1e-05,0.01817048004281635,0.00492338057779982,0.023980565625992878,0.029669631108582183,0.43980098796253575,0.049182317404147066,0.02226005422541401,0.03191069440640223,0.06068226753531153,0.09309489848474045,17.040348449750873,1,0.5491708931418503,0.6719868180440925,-4.5684838469206,0.273348989848692,3.0633224953732765,0.34003436448202756
144.07083693426972,231.30815121178995,156.73838921728608,0.0136,7e-06,0.00092,0.00106,0.018489518958274224,0.03540016306875897,0.2165353555600541,0.02336,0.00606,0.014881739462790733,0.0415231198634684,0.00065,26.138265506460556,0,0.44031913249400045,0.7320207044882644,-7.642232732666577,0.17605190222228106,1.9230170214107762,0.0658871714815766
155.68204756842678,282.89083852352167,134.66328109219754,0.00168,1e-05,0.006221336313684854,0.0011902724443688503,0.00204,0.019790958247467044,0.16928340237726405,0.00455,0.02036995675982423,0.00811,0.02212551278833836,0.00231,27.59616640355066,1,0.263654,0.7397069367538498,-5.738920819374216,0.2323738816404471,2.2437059321331,0.17183351365620833
115.322,135.738,107.802,0.00619,5e-05,0.00352,0.00329,0.01057,0.03273,0.325,0.01644,0.01722,0.02931,0.04933,0.0281,19.388,1,0.577802,0.684373,-5.283009,0.226528,2.442906,0.238281
121.82914007308547,221.7991177091399,74.287,0.005207442495130809,8e-05,0.00092,0.005454219563103357,0.009628624483468112,0.020329016849678735,0.1561163732393619,0.00468,0.00606,0.00719,0.03675022415783627,0.010051258917993177,26.626125200311012,0,0.520764531452468,0.7576462921717424,-6.719344625325056,0.14760277829728938,2.128981865521245,0.13136673333297394
131.452085407836,145.75520488761376,70.43474860433112,0.00168,1e-05,0.00068,0.013187300067864807,0.01667422198851584,0.04769690081835318,0.3906983706945042,0.024013728708203508,0.020992969226883405,0.02291840273200424,0.07309640819734362,0.04249300742333209,18.34052844572585,1,0.6092496251989419,0.6073827765958422,-5.002262388650978,0.2590532453885697,2.38888854575645,0.2185515076878969
242.9144265616913,304.3741388073359,226.19232826603695,0.0136,7e-06,0.00624,0.00564,0.00276,0.022918589402590294,0.18505752675884185,0.011802027457107666,0.015559350068155283,0.011151322237448469,0.04664770850685254,0.014237926653167823,25.18863198759501,0,0.371220205672393,0.718125551404137,-7.080091930550844,0.0986654135240663,1.739474005652073,0.12503494891240174
146.3366983333387,252.85626717908934,98.49666439517196,0.0136,8e-05,0.00092,0.00106,0.00984665073649766,0.013789303501121588,0.1807337752719594,0.012296767286400988,0.02084664145026641,0.01739458017713764,0.017975379523930718,0.007550876257976597,24.563006001249928,0,0.5015916952870748,0.7093455045608427,-6.2956240445842155,0.1786303631425115,2.1238847658624365,0.1471724795791207
112.87087855164944,251.46483592125205,106.49867100004192,0.013180965671603265,0.00026,0.011220469273941,0.01628714668596176,0.011929928408388104,0.057749388902142915,0.49602020208157216,0.029377276910003386,0.03465400193490254,0.059708930653118664,0.07287903398469771,0.04454628695173071,19.33476472712883,1,0.6212338071150963,0.7396709770007721,-5.471303923035143,0.2862939608698861,2.3102175363724853,0.24653365559804238
251.27957380819848,282.8871202810424,234.9749077225935,0.00178,8e-05,0.0044670831841837864,0.00539982274147755,0.00276,0.022725443240260414,0.12103158721158531,0.005688193081503295,0.013044490657997593,0.01660867526779065,0.017726625505266567,0.00065,24.781368590088444,0,0.3940588305411845,0.6280272295092642,-6.581275386272759,0.016645058082980224,2.1165505285561586,0.1382690606935095
216.4846162658429,197.58070748775242,96.11756467164221,0.00178,8e-05,0.00092,0.00564,0.00276,0.029215549775892764,0.3035122981404557,0.02336,0.014735070944086884,0.024471389853374697,0.04924391204826657,0.04669702361727629,21.36681947009792,0,0.5556979267659985,0.6526646708233004,-6.831745861905789,0.13748670054864384,2.6061579467142266,0.09802100542922924
110.739,113.597,74.287,0.0136,8e-05,0.00624,0.00564,0.0029527376159725165,0.01960939012684535,0.26257877368693944,0.019880481914688525,0.007662473042388465,0.01692447577755116,0.044365307530650794,0.023125118034320033,24.493888389984182,0,0.617282543410658,0.785714,-6.179044325870317,0.2868794646739007,1.9596895392049907,0.14020406520991407
88.333,102.145,65.476,0.022564079248753782,1e-05,0.01652202898153312,0.006474730060277892,0.033229151971680075,0.037861331435013246,0.49007678828772816,0.02703498772175146,0.03187373250605584,0.05732476703172225,0.099329023525886,0.06683644338341929,15.036592322817615,1,0.6612899262651724,0.7146599761554425,-3.860125163386835,0.2556484746692881,2.7135777913493224,0.3293184143113092
203.184,211.526,196.16,0.00178,9e-06,0.00094,0.00106,0.00283,0.00958,0.085,0.00468,0.0061,0.00726,0.01403,0.00065,33.047,0,0.340068,0.741899,-7.964984,0.163519,1.423287,0.044539
197.00209433312338,113.597,215.46460571025787,0.005119152120091853,7e-06,0.00092,0.00564,0.009662079268881614,0.020134869353140968,0.11985642702227964,0.00468,0.008812489787020043,0.00719,0.024863932033587832,0.009293174463737525,27.71542123249207,0,0.41788128222106113,0.722083696818496,-7.061563973888247,0.16390546496675454,1.8118400399927523,0.1149555790119232
196.32716412465237,312.8937953285928,169.83649634816823,0.008380010685851442,1e-05,0.006663093228480348,0.001133483028429456,0.00204,0.035578652244354136,0.24554517520214728,0.00455,0.018018948362393903,0.042165646101664775,0.04063859462692201,0.01300861285073665,19.754587929801275,1,0.5011110153495378,0.6382896482036748,-6.245182776846659,0.3098259226797541,3.5977784007905544,0.14873563026963738
170.99487633465225,113.597,139.9010761741739,0.00178,8e-05,0.00624,0.00106,0.01873,0.03814636278063653,0.2419429116838998,0.013990172132827258,0.00606,0.016211326668977656,0.04674109920893887,0.0016677151206381004,20.669897573723,0,0.34147080182239076,0.6988365759655074,-5.940892611955703,0.16188605835664557,2.20912139508372,0.19252562033618212
151.955,163.335,147.226,0.00419,3e-05,0.00224,0.00227,0.00672,0.07959,0.772,0.04421,0.04962,0.0569,0.13262,0.01658,19.664,1,0.501037,0.71436,-6.411497,0.207156,2.344876,0.13412
209.5322528613343,277.51843616280036,184.498546317907,0.00178,7e-06,0.00624,0.004264899975602677,0.01130357045010355,0.028194500228917365,0.1961788259612404,0.019479046682136965,0.008086596707597777,0.00719,0.026526179301915677,0.03796240453482737,19.4178489857354,0,0.38389998489012894,0.6529991081548868,-6.216634943087501,0.06531131306242072,2.1484694264164808,0.15565686560365227
169.47169911480876,205.44331764172765,91.50603213902808,0.01589457226378269,1e-05,0.017831350397598613,0.00092,0.00847829904217006,0.032660504430002534,0.5001457567346402,0.021320957057094258,0.017303515461786455,0.048075846219733695,0.09029748362231722,0.036400837715318914,15.402367657174743,1,0.6592870682498164,0.7285532956146248,-4.950124244393609,0.32093037857777007,2.748975685173606,0.27034120688743085
136.0849965189715,198.68193686238698,109.89745458522057,0.00178,8e-05,0.00624,0.0017674304721678237,0.01873,0.026723483403463942,0.12127006179745779,0.00468,0.00606,0.00719,0.01403,0.00065,27.60710677864343,0,0.49954844814209,0.7574849123415263,-6.591360780513327,0.1434532316131513,2.459842430550586,0.1591830746604001
128.97498761250694,102.145,65.476,0.012423605020940795,0.00026,0.0025783196426045797,0.006060404056677893,0.004193745554817967,0.03550256190414789,0.19284057981022232,0.025919348705429703,0.011663686739158132,0.00811,0.05777883538109326,0.012171227632458693,22.124171652617353,1,0.6127972003082781,0.7555203801180789,-5.16845019298034,0.24599169365962353,2.199486784493726,0.21042862210570967
139.173,179.139,76.556,0.0039,3e-05,0.00165,0.00208,0.00496,0.01642,0.154,0.00728,0.00932,0.01797,0.02184,0.01041,24.889,1,0.430166,0.665833,-5.660217,0.254989,2.519422,0.199889
96.898655701743,102.145,110.46198215740084,0.0031814682951480594,1e-05,0.008966425655780118,0.0011990654256052126,0.019204771356524368,0.02269347188808224,0.34410465334031753,0.009800601805961427,0.015863060775393345,0.016478691945429724,0.07432718023579218,0.05263045768016413,19.14283349070591,1,0.522712228480648,0.7951417976388374,-4.088139182740505,0.23484921975820458,2.180192686968475,0.29937621827422434
136.94654359707653,270.1579562090641,87.1303062736297,0.01989334242079972,1e-05,0.008806403709414391,0.0030438865435992017,0.014076299961033425,0.026089669075826844,0.4670188511507062,0.019726846651077004,0.02066108177355026,0.04198939196595364,0.06297149798059418,0.11546819956028767,22.245633036837123,1,0.4347459068742572,0.68189436656832,-5.2343365121423515,0.19372097568196103,2.54234184813305,0.2536492801652845
211.63721900273487,301.7317852337123,97.33116747054316,0.0030691219376859065,1e-05,0.00068,0.00092,0.012743673069884599,0.01022,0.13592632679025904,0.006937810230370288,0.019148663367126076,0.021634764569560115,0.05387897246863724,0.00231,21.59844431480911,1,0.5694949689859254,0.574282,-6.005742646034619,0.2727190114830057,2.701036336327798,0.14460801301258763
237.323,243.709,229.256,0.00303,1e-05,0.00173,0.00159,0.00519,0.01242,0.116,0.00696,0.00747,0.00882,0.02089,0.00533,24.679,0,0.384868,0.62671,-7.018057,0.176316,1.852402,0.091604
148.74700910411914,113.597,143.35493322964354,0.00178,7e-06,0.00624,0.00564,0.00276,0.02109804730836502,0.1293891449628834,0.022742000328715345,0.00606,0.02745,0.027490217044930463,0.00065,29.384352765007314,0,0.37857878286516433,0.7786459312326944,-7.2789829273805475,0.2144166573101047,1.886168943393955,0.0739806737185531
153.848,165.738,65.782,0.0084,5e-05,0.00428,0.0045,0.01285,0.0381,0.328,0.01667,0.02383,0.04055,0.05,0.03871,17.536,1,0.660125,0.704087,-4.095442,0.262564,2.73971,0.365391
195.72425412920148,335.45372945535973,138.5429836766273,0.028640255085415584,1e-05,0.0035144510081450008,0.01832296366235749,0.014894286130376022,0.04570586319697739,0.5815624475866388,0.05647,0.027991533165959374,0.05673551154639922,0.08228529125236803,0.07039280353769238,18.026961567416464,1,0.5261050680982343,0.6994575366808552,-4.50874694404813,0.28388573972776976,2.866059651674287,0.3236017555866521
260.105,339.67015524882356,239.17,0.00178,7e-06,0.00092,0.00106,0.012800247501766539,0.00954,0.09653787336375934,0.02336,0.008790721067865674,0.021855924613030615,0.01403,0.019094439850331234,25.937494992261534,0,0.25657,0.62671,-7.964984,0.006274,2.334759388085901,0.044539
110.739,192.45712428704033,74.287,0.0136,7e-06,0.00092,0.00564,0.01873,0.02546516454650278,0.16592279905111812,0.01493353188048124,0.00606,0.00934773704357459,0.01403,0.035627308375688775,26.000064079014848,0,0.47071912698433516,0.7518934601532097,-6.0481779242009805,0.18520624495655374,2.1377529908086537,0.18561005100340405
179.45966685222402,370.79649644854135,114.76847503148508,0.00168,0.00026,0.019631338243087288,0.00092,0.0025803259965560595,0.01022,0.11793339142723647,0.017341547774170987,0.010307524669072789,0.019386683244557022,0.01364,0.0024195221120143495,25.210863765225938,1,0.46928508440268774,0.6087588192803942,-6.289437496597425,0.29918548687241114,2.793475416182173,0.10130022078415546
260.105,323.65906715274247,217.00924632821003,0.00178,7e-06,0.003410562592384103,0.001425344704001563,0.00276,0.021595509250905247,0.18654980325879905,0.00468,0.01035605770600349,0.014819731706920974,0.03285260952702629,0.005629700094940471,24.28151628583358,0,0.4316757259127814,0.62671,-7.546366939654837,0.09435118070971082,2.6298779035703115,0.07557423988711662
198.2945570276613,192.21336780768794,126.82460348368069,0.00714165291045428,8e-05,0.00092,0.00564,0.00276,0.03767959125080283,0.2338870129143364,0.0224768631281256,0.015483335970384489,0.013094861904893946,0.033135340890337435,0.02176380649915898,21.57765675386104,0,0.49499037593227885,0.6699378451543717,-6.801048372658286,0.15297162773351125,2.3452553700769623,0.12161628138669331
167.93267585755336,231.29342131181014,175.8243013808521,0.0136,7e-06,0.00092,0.00106,0.017094048857116333,0.02596389932195336,0.2330745491245657,0.01776215969046738,0.014692906393895082,0.015388452783242591,0.036728628588811915,0.03324048719110798,24.67845026577292,0,0.5190727758635469,0.6984873181745739,-6.924940700614082,0.27673576316381915,1.862148435777758,0.12142028131644811
201.774,262.707,78.228,0.00694,3e-05,0.00412,0.00396,0.01235,0.02574,0.255,0.01454,0.01582,0.01758,0.04363,0.04441,19.368,0,0.508479,0.683761,-6.934474,0.15989,2.316346,0.112838
237.7545007308638,113.597,232.8248186346271,0.00178,8e-05,0.00092,0.00106,0.00276,0.00954,0.11135506651549713,0.01654022844410963,0.017310502744401032,0.00719,0.02519602626670394,0.010841019554933445,24.470083718635067,0,0.4281885480778416,0.7173266836747538,-7.388224882323019,0.2421594608124653,2.19268843548002,0.0654960110896835
260.105,474.3538792482725,239.17,0.00178,8e-05,0.00092,0.00106,0.008399725525689287,0.00954,0.18441681284188166,0.00468,0.01621392805890416,0.0074481851957879895,0.03210859011277464,0.012066348506823126,24.602994369228448,0,0.4347377665420015,0.62671,-7.964984,0.02957538833009274,2.283869328244861,0.044539
180.5097766633653,253.07957107552568,129.0735701784067,0.00168,1e-05,0.018026356916680003,0.00092,0.00204,0.029161532467721837,0.4886970594902107,0.03230223918799156,0.025666341742143335,0.027502188419952275,0.09804029237449381,0.04325092088882434,20.307024945696714,1,0.42302041412574837,0.7602656292447079,-6.074560406618421,0.1882033623294052,2.704738566711083,0.16598864221104248
194.86487254471112,149.96394034748369,147.81337741574782,0.00178,8e-05,0.004852849684953087,0.00106,0.01873,0.011584183108816128,0.22524117492614582,0.01962453303903937,0.014191973102457183,0.00834912474667213,0.051066880989032476,0.03326670173123537,21.81214252182504,0,0.4357036403697293,0.7364664982850903,-7.036936999386871,0.1569818529368132,2.24971977603042,0.09546586803555006
156.70643171270285,181.98917694753476,141.4010059298078,0.00168,0.00026,0.00068,0.00092,0.004838451968048458,0.0568017337124071,0.3977152302613651,0.016716585394858985,0.03959620624068822,0.030730278325699887,0.0855612614599695,0.014647618655535056,20.70056462894362,1,0.45120829111885813,0.7533917276625329,-5.426149473443577,0.2590214234328799,2.6980989559126476,0.2036943301446527
216.85501596261244,212.34773334956142,134.5221475484993,0.00178,8e-05,0.00624,0.00106,0.00780786679664361,0.022255417706789227,0.26871939280438256,0.00468,0.01791678492202225,0.00719,0.04642083526609508,0.05443302720772126,18.68066566638683,0,0.4145226570434721,0.6674741394849657,-6.290113348120023,0.13364774183699704,2.5299988712999806,0.16742828930088122
243.9228181118759,241.4485148425858,167.7910695563618,0.0026252170133684556,7e-06,0.00624,0.003036371883732447,0.007006375079152543,0.021421266350847918,0.13158707551485602,0.00468,0.00606,0.00719,0.02922850215087414,0.019981584541422542,25.872912274304205,0,0.5071459442460438,0.646706805212361,-7.473461946455878,0.2043456621332586,2.4761216081263973,0.08706388911162703
129.6741365498057,102.145,65.476,0.0018266286380950354,0.00026,0.00068,0.00092,0.00204,0.03746021203619597,0.2601895741619553,0.023166709837924432,0.010197401961381608,0.034321037571091464,0.04037772577515534,0.00231,22.996666530617496,1,0.5564628979035419,0.7330302406590085,-5.166301433389039,0.24141657727352706,2.3193529695710318,0.27177604059303695
153.88,172.86,78.128,0.0048,3e-05,0.00232,0.00267,0.00696,0.04137,0.37,0.02021,0.02591,0.04525,0.06062,0.01849,19.493,1,0.629017,0.698951,-5.18696,0.237622,2.557536,0.259765
117.91430866057078,102.145,81.78737024918095,0.00168,0.00026,0.00068,0.0035156591263511405,0.00204,0.01022,0.09,0.00455,0.0057,0.00811,0.01364,0.00231,27.6462384798919,1,0.5904293443985728,0.6588606829874258,-6.60045360680427,0.12323832600545874,1.765957,0.093193
186.68233677087738,317.66694411312085,129.4831933880013,0.00168,1e-05,0.004873373444040199,0.019543612133466857,0.03171450679770428,0.08471351789686665,0.7059404356792964,0.021058597271618556,0.04548382339229133,0.06105721941207459,0.11314489017696987,0.12986373259913891,14.05884502115211,1,0.6427080503789724,0.6387013172263811,-4.191529961404552,0.27390534424307894,2.801728420725307,0.29951657920681196
127.1140461047032,332.348086335098,74.86947946118202,0.00178,8e-05,0.00092,0.00106,0.00276,0.0127511874489544,0.1353943447085123,0.00468,0.007478906765893099,0.022257142355051635,0.025787950474562844,0.016676011551135586,26.524837268042454,0,0.5115989492616266,0.6964400097557639,-6.235795421920413,0.20587260159869625,2.0834551335825164,0.1470191235843043
114.42559787566466,168.59544573273106,103.6477063170506,0.032484262917614734,1e-05,0.00068,0.00092,0.00204,0.08222571583409806,0.6508443483369317,0.031586992942198744,0.05256005013227284,0.0625489689426162,0.11309595699373509,0.09411223294615313,19.009004459918792,1,0.4638827641873061,0.7855118780794218,-4.483142792589538,0.244775378662359,2.5657493958340516,0.31896528189086437
199.7246040948931,307.88538639237,182.32596903523267,0.00178,7e-06,0.00624,0.00521002190595388,0.017001674754757053,0.02795359319782989,0.15159063017207602,0.00468,0.00606,0.00719,0.03149657591681499,0.011853045714114802,24.52159353376751,0,0.543523313524532,0.6674549215960475,-6.549983712920664,0.21282857626046522,1.9801263714901383,0.11012593529553708
164.77826726593236,265.5856501706187,70.52480899341461,0.00223614957869271,1e-05,0.00068,0.00092,0.00204,0.01022,0.09,0.010009981394648256,0.006546494616489743,0.00811,0.01364,0.00231,26.72833757331025,1,0.48576692144638917,0.6093747342401568,-6.082586876733869,0.3256090170918558,2.335071144274835,0.1445254868504597
162.30027286939261,221.3037231030523,74.287,0.00178,8e-05,0.00624,0.00106,0.00276,0.04039722985426279,0.20165700105657908,0.02336,0.019511563535711977,0.008243160135155041,0.030746336003275098,0.033354520603013506,20.336071082813163,0,0.46606458045395266,0.6860092897655382,-6.187908755796072,0.10418290518849753,2.6998988435935587,0.17678801649455497
120.289,128.143,100.209,0.00492,4e-05,0.00269,0.00238,0.00808,0.01412,0.125,0.00703,0.0082,0.01194,0.0211,0.0161,23.949,1,0.46716,0.724045,-6.135296,0.20363,2.539724,0.169923
234.44472682959784,195.9922989242781,186.27674533100443,0.0136,8e-05,0.00092,0.00564,0.014244001718577762,0.00954,0.1591096091458667,0.00468,0.0073843712348175775,0.012238159229915802,0.0443026699144215,0.01427600993530076,23.70620149413158,0,0.4238175395429955,0.6916986826829428,-6.74171567267667,0.144954973089553,2.2683442557702778,0.13048843510379873
160.1157318127362,168.618107453098,198.96981863259342,0.00178,8e-05,0.00092,0.00106,0.011811888039718686,0.00954,0.09715078971753145,0.006166491095428469,0.00606,0.009404052111369795,0.026231313917603187,0.00065,27.716218966066794,0,0.39613329936126007,0.785714,-7.285819152088648,0.21300418261811885,1.7520118446819468,0.10106394187148558
176.281,227.381,125.61,0.0052,3e-05,0.00287,0.00312,0.00862,0.06511,0.58,0.03671,0.04159,0.04683,0.11012,0.04824,13.922,1,0.602874,0.740837,-5.515071,0.299549,3.13655,0.220968
149.00953270113112,361.49464542676014,126.10885916554888,0.006281849113789295,1e-05,0.00068,0.00092,0.00204,0.01048689059202092,0.13040263544321862,0.023677734024944812,0.017300024265471375,0.00811,0.01917384889274138,0.01370698854479169,29.337758404631465,1,0.263654,0.781336697162643,-7.027107476660342,0.19034696000483126,2.126047354783862,0.095042188850334
139.13880161726,187.0682844197611,65.476,0.011747651816136934,1e-05,0.00068,0.00092,0.016136726931308083,0.034622102512103035,0.25951513480841554,0.034488171817671574,0.01634104803313317,0.03528404164766719,0.04757486589462201,0.00231,21.359292654239294,1,0.5024084567574699,0.705608320650821,-5.965155603655673,0.26238142636178086,2.655777712386344,0.23795141665910519
176.824,215.293,83.961,0.0046,3e-05,0.00209,0.00221,0.00628,0.01169,0.117,0.00534,0.0063,0.01104,0.01603,0.01161,27.166,1,0.400088,0.656182,-4.711007,0.281618,2.655744,0.234809
178.44746130074856,257.71446713114403,127.87468340890257,0.003613308093269463,7e-06,0.00092,0.0051964561088673495,0.00276,0.025618831371281455,0.15076728537846695,0.009982923644443104,0.00606,0.021039986706130737,0.017762786946757293,0.005824024900309881,25.999143366059283,0,0.4560266944244238,0.6811769268354205,-6.969590662873549,0.12495628808627726,2.0116910399640666,0.10736716799601925
179.88741735696075,113.597,147.30742270591523,0.004262775012427698,8e-05,0.004053924437698702,0.00106,0.01873,0.01801167835348911,0.13526258491459522,0.00468,0.0120829411094854,0.00719,0.016778160653343345,0.04732216539813957,25.41019393874045,0,0.37791647478747614,0.7704916292608175,-6.38284752339913,0.20185420557795766,2.2212292410228933,0.14807624389442903
110.739,154.75065155750002,151.67620827934488,0.00178,8e-05,0.00092,0.00106,0.00770860184434953,0.02315111596570313,0.085,0.00468,0.00606,0.00719,0.01403,0.00065,27.981722623990716,0,0.3634292900248071,0.7556584790713681,-6.797796983143216,0.16965160491989073,1.7054718387906862,0.13539488180301454
144.6154100763433,311.6166172939511,93.16482861410886,0.00178,7e-06,0.00092,0.00106,0.002910510586873355,0.021388530121719176,0.21050831043872195,0.00468,0.02498,0.017349531767353,0.04299131874816911,0.052448462901812,21.958368058507737,0,0.45804218067755026,0.6858706863399041,-6.021379711623585,0.15576693364735783,2.292448952400434,0.19033010664491573
260.105,242.28404263729263,182.66320168121436,0.008247888429075199,7e-06,0.004546212822385256,0.00564,0.009559797745771339,0.00954,0.17125626342775271,0.008757856903472926,0.015477017633283189,0.024492192767539573,0.02756129368158104,0.00065,22.707741788061448,0,0.3705669144886541,0.6569434710367323,-7.3131684613907435,0.09823400935394919,2.5196381548648663,0.06326176854432009
