Pregnancies,Glucose,BloodPressure,SkinThickness,Insulin,BMI,DiabetesPedigreeFunction,Age,Outcome
4,114.32939962040912,90.66165514930162,45.06073994986745,132.0681909991236,34.98956358262642,0.135674535048039,32,0
1,90.0,62.0,12.0,43.0,27.2,0.58,24,0
0,166.40927710288733,87.86337488194032,48.609462378595865,138.9101637406699,52.55825435800439,0.9851880780451602,34,1
13,86.21617146644422,81.7532153932249,46.023123655287606,200.71231115395526,25.344155945428522,0.435794133557276,40,1
2,133.45624293424763,58.82373068697497,30.128760867466237,282.3253632577499,28.200972282171747,0.7250327829739345,24,1
5,167.082774940369,58.84404388040808,41.316285140028775,204.55516795539324,35.83535001286781,1.6801422717362262,26,1
7,158.30151260489453,69.51143670202016,36.71927350936209,184.29459189008503,32.77843384524271,0.2177604284079152,49,1
5,102.96645448256888,83.0455900290529,34.59385518002392,58.897435209835145,39.24134864097058,0.8179181073959951,45,0
5,99.0,74.0,27.0,102.5,29.0,0.203,32,0
1,135.11884583013284,92.41626772885435,24.35978472804007,59.674789619275046,32.096137000269344,0.5319957994585881,28,1
7,187.0,68.0,39.0,304.0,37.7,0.254,41,1
0,89.0902751596323,40.60672947218176,38.696333334678854,314.8751959887387,25.33198587515968,0.81299227450976,26,1
6,199.0,81.1508434061588,32.99950153097416,197.23633996342986,24.285266337519886,0.1988000010405489,48,1
8,124.0,76.0,24.0,600.0,28.7,0.687,52,1
2,122.0,52.0,43.0,158.0,36.2,0.816,28,0
2,100.0,70.0,52.0,57.0,40.5,0.677,25,0
1,147.0,94.0,41.0,169.5,49.3,0.358,27,1
1,117.0,88.0,24.0,145.0,34.5,0.403,40,1
6,115.46279623604732,74.343652272426,40.99235511395824,204.1856017661049,39.07802396768032,0.5850887519265795,24,0
2,84.86410958641851,59.70340526458715,22.19794716750572,116.33122620805142,24.73733077495985,0.9049570992404216,30,0
8,91.0,82.0,27.0,102.5,35.6,0.587,68,0
0,124.44917526204506,67.89399797803148,30.2338747491224,199.1348689467875,30.27722489053804,0.41538909325446627,26,0
9,129.01176096815914,77.98154957088104,37.358282726289175,155.9003175535359,41.6355846542987,0.28311198647521596,55,0
7,199.0,79.95571299428761,38.58777851148583,195.5798563697758,39.405469135039304,0.8259448505296452,49,1
5,111.185165010622,90.50513187033133,27.12687331858023,121.99839027649264,41.67259078499593,0.7796961264161264,30,0
1,122.0,90.0,51.0,220.0,49.7,0.325,31,1
7,127.31731550311792,73.93893082277782,28.437939659472335,128.98458626069777,28.79901315041416,0.088,69,1
9,112.20901068737943,78.14498762821955,30.70431375154417,41.983758287444374,24.51915421653198,0.45745576270133836,48,1
5,109.41426174700888,78.8592567027912,27.61222767840843,211.42023603095436,35.80012180222026,0.0908265517094215,32,1
5,117.0,92.0,27.0,102.5,34.1,0.337,38,0
5,128.0,80.0,27.0,102.5,34.6,0.144,45,0
4,130.67748471289926,87.96174856487772,33.89829224718375,158.07641826604396,49.06790310067143,0.9213079256635415,47,1
3,111.0,58.0,31.0,44.0,29.5,0.43,22,0
6,163.84797278760254,71.29555468985866,51.224124714918844,267.89668069759017,41.22617313225978,1.0319976568255735,46,1
5,130.87967454168427,82.03008897629577,35.970247591850914,162.2016760841695,42.59432644385045,0.3504862728028497,43,1
1,82.0,64.0,13.0,95.0,21.2,0.415,23,0
2,55.056001885610904,83.98921447302612,29.72995420083722,44.617421253457266,36.73122655950997,0.2531900535578767,30,0
5,148.95955652268802,92.49313241136181,34.63890194309186,185.94171133578683,33.32477324231029,0.27465250398125457,55,1
7,182.759359722431,96.99241245701643,25.120979491817813,125.86535755474748,36.95509198905239,0.4603217383674857,57,1
12,92.0,62.0,7.0,258.0,27.6,0.926,44,1
0,113.0,76.0,32.0,169.5,33.3,0.278,23,1
1,79.78725015576067,68.0239843844947,32.101994612486,44.308487228827374,32.623918037780506,0.41305183503833326,21,0
2,129.0,84.0,27.0,102.5,28.0,0.284,27,0
1,93.0,56.0,11.0,102.5,22.5,0.417,22,0
4,132.77299588095175,70.67680081640563,25.120305800098198,139.48293156200037,22.34739487268795,0.32147101591213634,35,0
2,107.79347595242544,80.08302136366342,28.638458180984067,142.48027586956098,39.65504606702775,0.2640529847953326,26,1
1,130.0,60.0,23.0,170.0,28.6,0.692,21,0
5,101.92649702687004,68.60831282663864,35.33423205883513,187.69915577567704,30.293034102530235,0.088,44,1
2,100.0,66.0,20.0,90.0,32.9,0.867,28,1
2,94.56309253715561,81.41625058304565,41.136296024593335,163.32394731482177,35.87382097628693,0.43513665924732575,21,0
1,136.1672441671913,80.68565534507846,23.071579866919997,150.2859059325575,34.47434595169115,0.5765197917536056,25,0
0,165.0,90.0,33.0,680.0,52.3,0.427,23,0
7,129.74667156944386,63.19147113939175,29.400229802339442,129.1513854513659,36.65298371829322,0.3071700256680255,29,1
7,179.0,95.0,31.0,102.5,34.2,0.164,60,0
5,150.22155354724944,75.79707844712522,44.71549000530157,180.57507695355667,42.435833660364345,0.9841287068887598,43,1
3,111.65494494546603,75.1520681433508,32.45980291798894,131.91335231584839,28.808188433229535,0.6357500203504017,27,0
0,172.09969062669816,70.65007074875304,29.241593199901878,247.0052081107918,35.94881486341541,0.088,26,1
1,79.3670543859924,70.53550605589274,21.82924069452341,15.0,35.8027191470917,0.7683871398241828,21,0
7,134.08729924929796,70.79130637601929,36.47175333471328,386.7695691197447,32.052320507775306,1.370686676391597,32,1
5,158.0,70.0,27.0,102.5,29.8,0.207,63,0
0,136.54947015858315,49.920410947882516,46.83175148796603,263.0864470949356,32.85722764401946,1.264727270196738,21,1
3,121.0,52.0,32.0,169.5,36.0,0.127,25,1
1,137.20531503017207,58.91891314867936,24.072715840023157,171.23918992067647,31.369640350815512,0.7160089314299887,23,0
15,144.37557453108633,68.69332290808362,24.286823135503795,268.8744603037274,28.210348186841124,0.088,45,1
4,91.38488528711196,62.117776209419375,14.779965507738433,37.21387367707692,24.54076051844379,0.5460696047412111,34,0
0,108.31451177467025,68.12466984497202,16.477656683009343,235.18485976557758,33.48145457596544,0.7127163703650963,21,0
9,84.22253376166768,83.48016006670797,35.06250234426384,131.494707798193,45.04307234743892,1.0492913521514877,29,1
6,82.57522566745214,67.64520728561605,27.17723077236564,66.16245223346476,26.432725682544014,0.078,38,0
8,155.0,62.0,26.0,495.0,34.0,0.543,46,1
5,118.049866330676,63.10327718334854,31.693858255241114,322.0628171479556,29.481277282771853,0.8170060839797306,45,1
4,173.68442422836947,82.31261020688946,16.673185834791337,370.95385503382124,35.0498865442972,0.612621383400633,33,1
1,90.0,62.0,18.0,59.0,25.1,1.268,25,0
4,179.0413512454576,85.30898833907278,36.30208515820284,14.0,34.835871191737006,0.088,34,1
3,174.25032048956467,101.4256718830514,40.80064299670419,127.67432344935384,37.99629077004168,0.7432798179428703,45,1
1,128.0,88.0,39.0,110.0,36.5,1.057,37,1
2,112.0,75.0,32.0,102.5,35.7,0.148,21,0
4,109.20487674241612,104.02078294805533,19.273777987517963,67.93299687249814,25.7693788905271,0.21627802868069831,38,0
3,141.9440995075011,69.7443708135778,40.515595674981384,122.70973588705728,37.83379915174881,0.8485445770078348,51,1
3,81.0,86.0,16.0,66.0,27.5,0.306,22,0
6,104.05780151223753,59.89743112143888,31.051009025338956,69.66409644001678,29.703083588062317,0.3049296269716687,39,0
4,146.0,85.0,27.0,100.0,28.9,0.189,27,0
2,147.99014166665384,80.77784907277436,38.39408533793424,135.37150688228564,41.3250374992852,0.5938105433644879,30,1
0,187.139385676009,70.7932048152018,29.964474508625457,141.84537982650184,26.764139091228596,0.4743378485797863,35,1
0,125.24922018008428,72.56954759804461,25.72167797683104,42.6812705673718,37.0169961583187,0.11745406344767079,30,0
0,101.68630918992157,67.04492142357799,23.71013452688663,99.5060371106045,23.941338388879842,0.4161848455261098,30,0
2,182.3764265765256,73.8828791876091,30.999158897001998,321.16112887188575,40.90404685759266,0.2806999518503409,39,1
5,113.31355838140071,59.405025758819875,24.934432157522746,133.33472924446696,35.069097800671095,0.6198306970817585,41,0
8,126.0,74.0,38.0,75.0,25.9,0.162,39,0
10,129.0,76.0,28.0,122.0,35.9,0.28,39,0
13,131.98601878318613,76.97070636128714,38.775980702785645,152.20922270389286,41.42590623524905,0.6619886700264075,58,0
3,68.60000842508057,53.55232438570629,19.648840294077832,15.0,23.748369591001573,0.078,28,0
1,110.82950326616368,84.11797118250823,19.35558620406491,99.03109915401336,28.250274141736913,0.078,29,0
2,81.0,60.0,22.0,102.5,27.7,0.29,25,0
0,126.0,84.0,29.0,215.0,30.7,0.52,24,0
1,97.00455170600249,65.01874402198985,21.821593042497753,41.56076049009094,31.807123546162924,0.43910018550836577,30,0
2,105.93178342715765,63.07255887979591,37.57814418499302,99.46940540908567,42.5335221542192,0.3733936790789689,21,0
1,117.0,60.0,23.0,106.0,33.8,0.466,27,0
6,199.0,54.03529013910298,19.959455422082826,276.1464260340903,28.796403512078903,0.9220294095557955,37,1
7,131.04590816342565,84.88817354717675,47.02639090346338,141.22205194336743,41.289933874234976,0.3194540661326625,38,0
0,99.50269848589062,75.39191660705869,30.186850613565834,196.06880720560795,27.85721938441521,0.8061657203681148,36,0
4,160.14586723503263,65.93695085025632,37.20867398551668,91.71758137321503,30.84314753029465,0.11404813821663473,32,1
5,159.9933905141236,66.25089021825696,17.344200881759775,366.5600104598177,22.9,0.5877549098620903,36,1
1,95.0,82.0,25.0,180.0,35.0,0.233,43,1
3,129.85956041373043,78.26144773713109,30.736115337897573,314.3127623471006,33.00698034425825,0.4854747753241004,44,1
0,104.0,76.0,27.0,102.5,18.4,0.582,27,0
10,177.79775540084148,83.35631297066985,41.11105186365136,240.08551189919808,45.80547423726856,0.8387558361808569,46,1
2,112.0,86.0,42.0,160.0,38.4,0.246,28,0
3,111.0,56.0,39.0,102.5,30.1,0.557,30,0
3,174.0,58.0,22.0,194.0,32.9,0.593,36,1
1,88.0,78.0,29.0,76.0,32.0,0.365,29,0
1,141.35249647351094,68.01543596393893,30.53984894183821,136.11546612920154,34.03789459678392,1.2655606808360744,23,1
8,134.51584151710634,72.5263675510283,25.21094745006587,90.80169281246505,32.2157055128688,0.6970049824551148,43,1
0,165.60833335114046,65.09360120007024,26.92576280969985,14.0,35.91978372270099,0.8018370814767743,26,1
5,105.09076426158482,59.97529349720811,17.488022927431018,59.98159224877693,27.393536407437303,0.08180339403272058,37,0
6,190.0,92.0,32.0,169.5,35.5,0.278,66,1
1,109.0,60.0,8.0,182.0,25.4,0.947,21,0
5,140.4403923440024,72.80704894311604,37.73640856134393,252.4014288066659,40.306790643605616,0.088,32,1
3,182.02320841901306,82.2404913775356,27.862210312343336,186.07572546964045,38.10520086928721,0.9177733344160623,32,1
3,61.0,82.0,28.0,102.5,34.4,0.243,46,0
5,102.43489109612406,65.81895769860378,17.562009588552236,196.0341873583937,28.309884771494286,0.7929309471318742,21,0
3,124.1869067899334,51.77492501061028,21.46509511238384,193.3154904709176,37.48543134559645,0.9091960848178764,39,0
3,183.59193963015284,59.83795542195419,31.888383766435645,162.205397102097,23.85980692469517,1.174740311066971,30,1
7,108.0849391909415,63.3827645516618,24.252326767303263,238.22660209815572,30.681810890181527,0.5182754072704445,56,1
3,80.0,70.0,27.0,102.5,30.1,0.174,22,0
4,116.0,72.0,12.0,87.0,22.1,0.463,37,0
1,128.13682723335538,60.28488600609232,15.3105051830079,155.1605242256647,27.194027575605308,0.587805330177847,24,0
10,115.0,98.0,27.0,102.5,24.0,1.022,34,0
3,131.69837331489262,52.66654952808027,28.096682543557748,364.1262602676939,31.864162531089285,0.6746401439045017,32,1
7,162.64847053315967,78.38315167467002,41.06006886386945,232.23307769753654,24.747162129415635,0.563328365049248,40,1
6,124.0,72.0,32.0,169.5,27.6,0.368,29,1
1,96.34117360569982,80.96077873523349,32.63241804101832,178.3311395144006,43.0531953944593,0.18738670754009876,21,0
3,87.15145328132316,69.90989212310839,21.609400318656288,66.15620717619663,31.56027617909434,0.3554221058521049,25,0
13,153.0,88.0,37.0,140.0,40.6,1.174,39,0
0,111.0,65.0,27.0,102.5,24.6,0.66,31,0
3,154.4766757558024,66.29130528070839,37.63836041856094,296.986054900497,34.48321122740068,0.4474333514483147,28,1
4,133.6123103660003,68.5169680852928,28.82558704672174,141.39541146700924,28.14976925705635,0.6133707809581561,25,1
9,132.82148970407727,85.86041857087191,40.58694495997435,82.40946913213438,33.788814113784206,0.7530446624660948,38,0
2,121.76316555237636,76.82154156194579,33.056974276148885,17.373441537939186,28.001557979089363,0.078,34,0
6,132.18920567183042,62.19692985517251,35.727240720530006,209.67968966141353,30.421483318979075,0.7532023889615593,33,0
7,120.81763051498866,79.35212700220376,30.599143669134232,110.3445695612492,39.56448025412375,0.9135534805269148,43,0
2,121.68417503683006,81.83396696682956,29.664400173315332,219.08236232467732,48.86340177139819,0.5981689379752513,31,1
10,161.0,68.0,23.0,132.0,25.5,0.326,47,1
2,102.01393133852879,36.60402112133137,11.597576625168825,122.50878977852362,29.689890671248143,0.5127491971939248,30,0
0,162.62214549474092,78.967728677173,48.090293390235075,93.0965810916736,48.64590796936801,0.9928064265606675,21,1
5,89.5549686754029,77.10032963616717,26.413766880646104,154.55072536817107,29.017600969740418,0.33850942239130805,21,0
2,122.0,60.0,18.0,106.0,29.8,0.717,22,0
1,106.0,70.0,28.0,135.0,34.2,0.142,22,0
5,134.73024269624364,87.17587216666573,44.102153435382924,76.36266114505538,47.63634294339131,0.788715824468781,35,1
4,122.0,68.0,27.0,102.5,35.0,0.394,29,0
0,162.0,76.0,56.0,100.0,53.2,0.759,25,1
7,137.30781014967152,65.75617707979579,31.320952461062312,148.67692142166828,33.17670485992402,0.23035273658931035,34,0
5,153.89134555415535,82.32281205668744,37.661059882149814,304.26456283550056,55.262246261907435,0.088,33,1
2,68.0,62.0,13.0,15.0,20.1,0.257,23,0
0,137.10842646219788,61.58704988488564,22.36636940329975,106.56295017690358,42.014220702585106,0.5536223335180995,21,1
0,137.0,68.0,14.0,148.0,24.8,0.143,21,0
2,125.0,60.0,20.0,140.0,33.8,0.088,31,0
1,84.0,64.0,23.0,115.0,36.9,0.471,28,0
2,131.36657014572907,70.86999046570828,21.168197350867768,167.33125715699967,31.935599160329637,0.46011402457960826,21,0
8,100.0,76.0,27.0,102.5,38.7,0.19,42,0
4,89.23420617562252,87.02462926034448,49.183241848424345,144.74703586589374,39.09527329177025,0.5837359490915844,24,0
6,165.0,68.0,26.0,168.0,33.6,0.631,49,0
6,119.30100722201249,73.38574476178042,26.439403203463165,214.41984290017658,22.9,0.4501075110929846,51,1
0,95.0,85.0,25.0,36.0,37.4,0.247,24,1
0,130.71217120960495,71.09934694209787,24.54052744140344,179.82649775415908,38.499641885897475,0.2939340202162074,22,1
4,112.85604495164984,66.5954318967958,35.82324297196742,130.22872808816294,37.32509149780275,0.6525050910250498,50,0
2,117.1915806594992,71.99295087979434,27.967337822890688,216.07349516241115,30.260797598631708,0.088,39,1
6,133.89916082969285,68.71419183069133,18.67134549174436,155.19816008280662,20.237991638056123,0.27155511258238124,43,0
2,138.09080263349844,73.48317317252821,29.455127795353103,212.44864893137847,34.486126768156026,0.16307414596379782,40,1
0,147.0,85.0,54.0,102.5,42.8,0.375,24,0
0,111.78619152401947,52.20408347423235,15.998750602284076,244.5394732978732,27.706293872435943,0.078,39,0
8,157.30565192261466,70.77370555509732,20.449560587158786,231.6944474783797,30.573939891189724,0.088,54,1
2,101.0,58.0,17.0,265.0,24.2,0.614,23,0
4,115.5227089848146,83.55764184667585,29.203036354305926,176.7752438315917,33.54981204009421,0.39087174084282233,37,0
2,87.82934903009944,66.16413065478433,44.823136287402676,89.25265160704251,39.70081318325698,0.3229590189464153,40,0
1,112.0,72.0,30.0,176.0,34.4,0.528,25,0
9,189.15981192498697,66.52338660181493,38.49174165676133,228.40544300137708,36.929234126849444,0.7086649267854292,43,1
7,199.0,80.58774232097566,38.08428753333272,186.39870971656532,32.49815936938927,0.8502974850027589,35,1
2,78.0,68.00979636887553,23.99478844384571,303.4178748471612,40.51803492383044,0.7947814727609788,37,1
9,122.35006085471238,66.71546143153986,22.61221850957012,129.04771950501313,36.57993114344445,0.3240766540652997,32,1
4,65.79590397273202,69.86577618653935,22.66337921753113,18.24332310591946,18.2,0.3741305958109983,40,0
13,127.49789405723145,77.806826296278,33.05680497774924,248.92395924599734,28.9066350434882,0.47384064137728976,67,1
3,125.2983910581228,76.07402614712622,25.16515319338306,114.67580869044856,36.51360410752733,0.5844300320591704,53,1
0,86.42342252753939,78.10439795970822,14.340351742092576,139.12829307731081,36.965359708040445,1.061690997925676,30,0
3,125.89500044870067,81.63591172626329,46.89372296080262,203.2198442799005,38.32141812737787,0.31381355791343446,29,1
8,171.42686455756706,87.81217730822942,39.2724809575188,263.0166695470589,36.47532306557045,0.48196411691745555,51,1
10,129.0,62.0,36.0,169.5,41.2,0.441,38,1
8,109.00161891336201,75.03033265989127,34.70215255626768,148.31735190011534,29.661626289416514,0.29989789600750705,39,0
3,85.20795578604296,68.85877323366333,22.790490652971492,136.31960556304435,28.60360504388695,0.26640691790984283,23,0
8,112.15612551007439,67.61652470509652,40.445694432501945,163.71580316582435,41.11193196016917,0.9696724559519592,53,1
4,83.47129909490926,84.91679559151137,40.9749609947094,194.54805568189,40.45797361265539,0.6913529505056948,21,1
1,124.0,74.0,36.0,102.5,27.8,0.1,30,0
10,101.0,86.0,37.0,169.5,45.6,1.136,38,1
9,125.31460150983617,71.35390598777313,29.71255164394178,66.21181321926132,33.9705849483559,0.7154652469060322,65,1
6,134.0,80.0,37.0,370.0,46.2,0.238,46,1
7,105.0,70.0,27.0,102.5,30.1,0.305,24,0
8,74.0,70.0,40.0,49.0,35.3,0.705,39,0
11,115.008193888712,82.19762706482287,39.18720086694125,293.28029450736045,46.68001233463545,0.946708822841505,35,1
4,109.6455335824578,81.89799911865337,25.640082062772972,221.8991786291131,38.35618991786443,0.088,44,1
7,129.0,68.0,49.0,125.0,38.5,0.439,43,1
5,99.55917179863329,69.67804215890622,18.324580503866887,72.69617819483449,22.068599569608807,0.15979470582753214,37,0
0,82.43908349633907,71.07678712634939,28.86730345125566,83.69576997960584,38.54429839057339,0.32390842835346156,34,0
1,97.0,64.0,19.0,82.0,18.2,0.299,21,0
1,79.0,60.0,42.0,48.0,43.5,0.678,23,0
4,83.0,86.0,19.0,102.5,29.3,0.317,34,0
0,138.0,60.0,35.0,167.0,34.6,0.534,21,1
0,179.0,90.0,27.0,169.5,44.1,0.686,23,1
3,152.39885082138414,65.36337548385987,51.95351676074583,200.8613774111619,37.244429675778115,0.7582437842866726,34,1
0,135.9890686205408,77.36814840425392,25.071317979459543,209.01548894614007,45.40893891310562,0.36426211053472524,29,1
0,96.11507605629234,63.66384571578456,28.74761426164085,94.67306216881121,44.54717897287276,0.088,21,1
9,119.0,80.0,35.0,169.5,29.0,0.263,29,1
1,130.84840579873955,79.46103453009741,28.940366195608558,132.35554001368249,29.338012535670984,0.46943222362145254,34,0
2,141.0,58.0,34.0,128.0,25.4,0.699,24,0
5,108.0,72.0,43.0,75.0,36.1,0.263,33,0
8,109.0,76.0,39.0,114.0,27.9,0.64,31,1
6,125.0,78.0,31.0,169.5,27.6,0.565,49,1
2,126.77935162769437,72.46412524659449,22.94031655851378,240.53601341240324,43.61973079176927,0.6243235931523954,21,0
5,189.5984312069728,73.52942108104568,48.73399246471038,227.33049005760589,43.85107110925086,0.2862397129928167,23,1
3,90.0,78.0,27.0,102.5,42.7,0.559,21,0
1,97.0,68.0,21.0,102.5,27.2,1.095,22,0
6,135.97987871980408,66.76384127816007,23.441710139801195,151.78488478431868,30.357974777922706,0.5753484909342381,40,1
4,142.65134231930847,79.39027201900097,27.971312086234033,275.01377802144066,40.149081522923986,0.2552022428217073,37,1
1,105.0,58.0,27.0,102.5,24.3,0.187,21,0
2,197.0,70.0,99.0,169.5,34.7,0.575,62,1
9,184.1559389681071,84.60072580924543,24.303838086971503,333.3827871121657,37.14973598883654,1.0154479630889148,47,1
0,117.3482240737723,63.94055997030804,19.58713244996199,167.2102805660399,25.59827948119157,0.3499413303704867,21,0
3,96.00759357509007,81.55090393687664,38.27132541783114,136.6112549178741,33.38783865906939,0.493734963217687,37,0
2,139.0,75.0,27.0,102.5,25.6,0.167,29,0
1,163.0,72.0,32.0,169.5,39.0,1.222,33,1
3,93.51933358111437,49.44171722053238,33.251342029138925,124.23058627146577,25.68658016409193,0.9580331688868581,38,0
4,158.0,78.0,32.0,169.5,32.9,0.803,31,1
3,97.31907210766195,69.78824334400002,16.192967676911177,229.82099266972412,34.11648781515118,0.14296825459526696,25,0
0,177.0,60.0,29.0,478.0,34.6,1.072,21,1
4,96.01491313114695,58.55298362183622,7.0,113.85025482422176,18.2,0.078,41,0
1,154.84866714936993,82.42325136168355,15.129339734969147,81.64301203130375,37.21247688714446,0.2901195643237232,35,1
7,102.94673642982424,65.9043711287241,26.440189614553454,104.54061010194994,20.217953371388433,0.3561310883639477,31,0
8,95.0,72.0,27.0,102.5,36.8,0.485,57,0
4,149.2822140301753,64.78183223440102,32.719579969237195,195.22948188846917,40.165338622808285,0.43811720571345947,38,1
2,185.09306641932378,81.66432047780198,33.67555760982201,244.44036557879363,45.57703341547219,1.2653376082910088,38,1
5,112.80876030768731,68.11593737306848,38.490598572422776,160.3597497775311,32.818963640059,0.38441164645801207,48,1
6,114.0,88.0,27.0,102.5,27.8,0.247,66,0
9,140.0,94.0,32.0,169.5,32.7,0.734,45,1
3,123.85823758653106,71.91100622938725,28.905968107091223,110.45817950974309,23.708691313096026,0.7591341645465222,47,0
0,127.0,80.0,37.0,210.0,36.3,0.804,23,0
6,123.53773690037103,73.95816657628218,19.446518594160196,294.72657727196963,38.121639710310355,0.5497382775661999,49,1
6,129.57213835974912,95.63024478345298,36.81487634264358,119.17757190986853,38.54277858752956,0.3398035597187619,43,1
4,146.0,92.0,32.0,169.5,31.2,0.539,61,1
8,182.57401945338705,82.89208190505663,43.46859984180195,344.0734284872625,38.672005557197494,0.7818351066371018,29,1
2,101.61882829364697,49.72013899651196,14.810973267977733,41.15321438563683,18.2,0.24766553694895696,21,0
4,160.2735555846163,81.90178036328592,38.80637894511247,195.42674465596468,37.29873081933031,0.8930522638166001,21,1
9,142.7122891744924,51.857316008125146,36.16996917183935,29.647326853562276,35.48663284975179,1.0315872679057212,24,1
5,136.89679066507532,82.74417052428426,29.99246661489496,143.1690763551934,34.51900374048593,0.3836656308045718,39,1
2,120.0,76.0,37.0,105.0,39.7,0.215,29,0
6,156.62339347325755,86.72734950739574,29.649978262673237,82.6135286666879,32.36175327599659,0.17968875510180593,29,1
4,132.0,86.0,31.0,102.5,28.0,0.419,63,0
4,116.75417875210918,81.45502425181355,41.815322823227554,180.44623326305677,39.978411472851015,0.088,41,1
7,142.85825444105626,82.66262592056695,34.003574769004196,132.46945479559454,41.40372410192101,0.11880665314490046,38,1
3,78.0,70.0,27.0,102.5,32.5,0.27,39,0
9,112.0,82.0,24.0,169.5,28.2,1.282,50,1
3,141.51306522606507,73.89652152070124,30.394721926456942,150.25975490444455,25.351611544369977,0.45476117159784224,39,0
17,187.13713125634436,72.88592811009579,34.926909219111714,230.92266383312472,41.57674746869536,0.14937597970150124,55,1
0,131.0,74.5,32.0,169.5,43.2,0.27,26,1
2,143.05258358163508,74.90917519334104,33.07153569192946,78.62220707228286,31.625773743986624,0.347836460173424,34,0
3,88.0,58.0,11.0,54.0,24.8,0.267,22,0
5,117.4420923819579,76.93068396872884,26.93781369794804,56.02178616866335,34.42033619101183,0.8776089826495238,44,0
1,187.13255660824862,72.80674995488556,31.88708630698974,412.30898963144733,37.03045244037536,0.952648210377842,44,1
4,85.3832547089357,56.871105412013044,7.0,16.8825643135238,23.360283739884803,0.7361958630988135,21,0
4,137.0,84.0,27.0,102.5,31.2,0.252,30,0
2,100.0,64.0,23.0,102.5,29.7,0.368,21,0
2,99.0,70.0,16.0,44.0,20.4,0.235,27,0
10,106.15330944211038,84.13353381474295,23.186933147581108,27.171038365793038,32.78091401239451,0.37169772663174594,48,1
0,174.37324762946722,69.5593652073013,33.06839693690487,281.98946882716547,32.5813764961407,0.8388181249104152,50,1
4,156.5949762319508,70.46292579725112,45.533916437779176,198.6624801286918,36.538847955497516,0.6201459344948305,48,0
6,166.0,74.0,27.0,102.5,26.6,0.304,66,0
1,166.14806213320438,69.40711081841911,25.376701659958584,304.42508139765346,41.342703967090685,0.11418206452354024,22,0
4,78.83863498978826,63.73520706752169,8.735031793729341,15.0,27.199920494684324,0.2270587734945635,21,0
7,122.55623508064403,52.353053099017444,32.897035687314016,158.5734186734961,27.90561609740584,0.5581494929118842,46,0
3,106.0,54.0,21.0,158.0,30.9,0.292,24,0
1,80.0,74.0,11.0,60.0,30.0,0.527,22,0
0,157.24486799527727,89.87780977244589,30.370967173132588,173.3957875111191,41.603109626550264,0.088,21,1
5,85.0,74.0,22.0,169.5,29.0,1.224,32,1
1,116.81803812383158,81.36910148954891,29.230659066285195,57.171120204577164,28.13420903239767,0.8779829250240418,27,0
9,142.54970167215419,55.58787492726739,42.781093842527845,123.92496660781032,42.63577755029671,0.8256627327586277,33,1
7,114.0,64.0,32.0,169.5,27.4,0.732,34,1
4,175.0659504722772,65.96096366675141,31.375676024045134,245.40561228226198,27.147493923584072,1.0145169785776669,43,1
7,155.87025046540023,72.65878234559626,14.19291481209504,180.43026578338086,29.193728438288936,0.24992367547456762,50,1
0,105.0,64.0,41.0,142.0,41.5,0.173,22,0
14,100.0,78.0,25.0,184.0,36.6,0.412,46,1
1,153.2441499965136,75.35986765017827,22.575559712205965,77.05836957079657,28.02999804548069,0.078,32,0
4,129.0,86.0,20.0,270.0,35.1,0.231,23,0
0,114.0,80.0,34.0,285.0,44.2,0.167,27,0
1,152.89359622510287,67.79026516439731,36.108140494595006,176.6054013148688,37.566543823681684,0.691234620646118,33,1
7,90.8373435723888,75.1115522282917,23.728931282819136,20.199822249755897,36.61397234468047,0.32897930848539103,41,0
5,109.78636174345235,84.25471172860985,34.55448390677868,212.08727173452482,36.72987349769624,0.5946996231555495,44,1
0,107.16537034734013,64.81329971949691,25.915258832301554,97.28086827722413,29.34117279206279,0.39015762849620617,21,0
2,112.0,78.0,50.0,140.0,39.4,0.175,24,0
3,99.0,80.0,11.0,64.0,19.3,0.284,30,0
0,180.0,66.0,39.0,169.5,42.0,1.893,25,1
0,108.57003292358188,88.16138285763408,42.47981248006286,87.63939361990496,44.98352952437694,0.7424899247441319,21,0
4,97.90932380309891,82.64024621514329,36.87967005531719,15.0,33.09656192263795,0.16286350438971858,34,0
1,181.0,64.0,30.0,180.0,34.1,0.328,38,1
6,109.0,60.0,27.0,102.5,25.0,0.206,27,0
7,62.0,78.0,27.0,102.5,32.6,0.391,41,0
4,115.29323989819588,53.22050495692184,24.806017823739527,103.59750949624542,20.008489279988908,0.8715599526190604,21,0
9,103.64383190896966,73.13498722635393,24.938485930805687,118.61826907525682,24.24438921862318,1.1078455057599887,43,1
3,152.61393627537157,79.28561223596657,23.331745740499546,214.84666214862955,30.144849827215545,0.19000438920611717,34,1
1,99.67771853655,63.95930615696541,17.59831421637476,138.42349553938706,23.98606318583691,0.078,21,0
2,199.0,68.50831147007565,36.514340510170136,180.7477252021887,43.58519123317675,0.41998445356981556,21,1
4,172.70265484474606,74.88470283447117,31.20219337087208,236.10741029231565,22.9,0.7209341205109592,28,1
2,169.89927696682926,59.67583933364254,16.342249695657674,236.03179442978512,24.667200989777122,0.5347921664670691,50,1
5,109.0,75.0,26.0,102.5,36.0,0.546,60,0
7,136.78808091271281,61.176927583458195,26.245538304085855,292.4812774910132,31.742611721166533,0.360913818151524,25,1
4,111.38609166849558,83.6912845684487,22.764112206134428,184.64163282864808,29.900835746322667,0.5451560681985078,33,0
8,149.29670878145552,78.54768841663748,43.20925104104266,308.05797549496606,46.24873740430174,0.4923611069600162,42,1
6,199.0,86.49816236682763,38.7595216175795,292.10261452712484,37.17468061777642,0.4587318783806558,44,1
5,129.93892504463875,70.96019951294382,34.016715620744655,384.118884216161,27.85727685898892,0.3651391834981824,50,1
3,99.0,54.0,19.0,86.0,25.6,0.154,24,0
2,159.20871683890277,75.1150371195246,19.651961482028177,217.48149751613204,24.033728643402576,0.3718486480762763,25,0
1,108.29312112850747,59.517110173994,16.954509584835822,15.0,29.155502296924457,0.8327038251811183,34,0
0,127.50880936707603,77.63911630907872,27.484090844916963,39.19251288039227,30.13055477900268,0.8507993651125674,38,0
4,94.56727640163348,55.12534856882603,10.595302571754392,15.0,23.455923830427828,0.459076806365235,28,0
7,159.0,64.0,27.0,102.5,27.4,0.294,40,0
4,130.47094300210935,69.87779832142219,37.81641140975711,78.8883715693753,29.86794030921906,0.28555918005360625,21,0
4,110.0,66.0,27.0,102.5,31.9,0.471,29,0
5,115.0,98.0,32.0,169.5,52.9,0.209,28,1
0,136.19984150566958,72.55796064022167,19.694325710537285,130.16547603510085,29.203637298448434,0.7764375200963363,33,1
7,124.0,70.0,33.0,215.0,25.5,0.161,37,0
4,164.0638390928747,59.87271513405819,22.870753815806403,211.99522848827894,33.914224177829894,0.7110406799606712,46,0
1,92.0,62.0,25.0,41.0,19.5,0.482,25,0
5,125.46046286446771,39.5162972824202,20.289460690132955,41.82367822999781,23.92018110984266,0.17420189691724697,31,0
0,123.0,72.0,32.0,169.5,36.3,0.258,52,1
1,97.0,70.0,15.0,102.5,18.2,0.147,21,0
12,121.0,78.0,17.0,102.5,26.5,0.259,62,0
3,114.16905259188465,65.64012893906144,28.245484087002946,30.33494820285337,26.313808033423495,0.7866011711901557,23,0
3,116.0,74.0,15.0,105.0,26.3,0.107,24,0
1,107.0,68.0,35.0,102.5,32.0,0.389,22,0
6,127.66940372821483,89.26209887722965,30.091559111182015,144.26258047004688,25.765273357515145,0.3213053087049225,46,0
0,101.0,64.0,17.0,102.5,21.0,0.252,21,0
7,194.0,68.0,28.0,169.5,35.9,0.745,41,1
7,129.06009167150415,62.30742352642339,22.44971845161061,142.57349032935912,29.049344424841447,0.3028514651363382,37,1
10,122.40838095193682,63.33886936445542,31.47554471039496,160.52988573464376,37.71084354610928,0.6060646728375465,43,0
2,118.75172278861915,63.664108485569145,51.07003981151557,150.94618532091883,41.682568735358345,0.8656830666329687,21,1
0,167.0,74.5,32.0,169.5,32.3,0.839,30,1
0,75.10468001037091,67.47110333127421,14.20182788233878,114.79384138724491,25.649929294487787,0.078,25,0
4,115.03828982746342,70.59555697903946,40.71822562297579,167.72022544053837,34.44156581014842,0.8685797761432239,27,1
4,84.0,90.0,23.0,56.0,39.5,0.159,25,0
0,62.70958803267501,64.80249526522395,16.11620233323621,26.619507789697224,26.870430788746116,1.1895963450647469,26,0
4,92.0,80.0,27.0,102.5,42.2,0.237,29,0
2,126.68399314419966,77.0690515323009,32.04531095639183,197.87919331612915,41.32151085934519,0.7998999006134772,21,0
9,153.94712975668506,72.95726205046107,38.4928659694643,205.30009479231617,31.51405767848452,0.9692889319399375,66,0
1,146.42655674275696,69.75387571135079,23.782030680003643,225.7399053475725,39.54604369166884,0.6389163773112618,25,1
8,179.0,72.0,42.0,130.0,32.7,0.719,36,1
4,85.0,58.0,22.0,49.0,27.8,0.306,28,0
4,133.32931422670822,61.822744468676945,27.03920865913576,237.72597895996344,47.89020174242026,0.20344054008224877,34,1
10,104.56530255070909,95.82879056848608,50.81385598294686,180.08890946477936,48.64839785194384,0.8678640209008563,45,0
5,132.0,80.0,27.0,102.5,26.8,0.186,69,0
1,109.0,38.0,18.0,120.0,23.1,0.407,26,0
6,88.1700651289944,67.79342765466323,28.935372587505764,37.062097034989776,35.39623359783258,0.32588907890355273,40,0
5,124.09999376186805,70.95233301974669,22.90350779110998,70.36754346944971,23.186689650620956,0.2715414860062325,32,0
1,190.69712778420123,69.02645369033259,41.167277895550775,277.17302595168957,36.55068716140005,1.2178211368953626,33,1
0,124.07796127838688,87.68398722110159,45.82437192093035,59.77491685095188,43.721715848303546,1.0956995329614947,30,1
0,135.0,68.0,42.0,250.0,42.3,0.365,24,1
2,87.0,58.0,16.0,52.0,32.7,0.166,25,0
11,153.9623014209274,82.32733461339053,34.84109868106775,93.58559797671374,36.39070275071977,1.231535104463596,54,1
8,85.0,55.0,20.0,102.5,24.4,0.136,42,0
2,94.0,76.0,18.0,66.0,31.6,0.649,23,0
0,137.0,70.0,38.0,102.5,33.2,0.17,22,0
7,112.79645024760362,79.2164174097127,20.356286517691657,15.0,34.04694879499404,0.7443310444146904,50,0
0,124.0,70.0,20.0,169.5,27.4,0.254,36,1
5,154.48078882976344,85.52841318726786,40.051208148269396,17.713467271878756,47.93574349752207,1.1512492600467925,31,1
0,138.0,74.5,32.0,169.5,36.3,0.933,25,1
10,119.15104249251621,82.2504631515717,41.02294959005418,72.74120204140777,28.095060623645224,0.3435574427009165,68,0
0,76.61064614005902,84.24499077935272,45.53535599749357,97.35585658861987,39.38220030599106,0.6580976846943271,21,0
2,109.0,92.0,27.0,102.5,42.7,0.845,54,0
8,135.65005287353426,70.96973865771784,40.38012014630327,175.92055903530613,26.45046778474718,0.748389627759495,35,0
7,146.7884168416325,48.19064684578393,21.930403175584004,225.78866344157504,30.169116754400434,0.078,30,0
3,98.37873356365125,65.4335139580094,18.384088581402537,189.24959176183057,18.2,1.0864762234000664,26,0
3,158.0,70.0,30.0,328.0,35.5,0.344,35,1
2,125.19165628271887,77.57932977652797,26.102220316198345,201.16438430121167,27.613203615204473,0.30746718524937666,29,0
0,111.34815777336414,70.62444736357519,27.517274397953383,194.2700358804459,29.34898775412715,0.16381681622833444,23,0
3,103.51454891889705,74.76082998307204,27.025810116187582,435.929509981136,28.407258081327672,1.0442504853354067,44,1
7,123.26099440842239,60.49226860598374,43.96975066293958,89.1685427380003,49.14123193482213,0.6437894870781586,26,1
5,170.47830320842024,82.02831858288302,39.832929330155295,65.93529438991851,43.65086056353231,0.8087544825106853,30,1
0,102.0,64.0,46.0,78.0,40.6,0.496,21,0
2,118.32307954693492,86.06294263580749,24.065777878278546,15.0,23.402566103268285,0.078,33,0
8,106.32227464731437,63.88237159718099,45.87868932978293,221.509822724219,32.93827524943892,1.1021441027965126,37,1
2,122.0,70.0,27.0,102.5,36.8,0.34,27,0
6,129.0,90.0,7.0,326.0,19.6,0.582,60,0
4,170.48504426398574,75.54368408376668,26.19945860574204,160.31470465340593,26.336299426209926,0.948345455288197,39,1
6,105.0,80.0,28.0,102.5,32.5,0.878,26,0
6,94.83480765313135,73.08543954456943,32.96967585313168,30.84181413237954,32.75262254358685,0.21376265660781427,27,0
4,119.85024145365104,62.611909682207624,31.427043662548144,15.0,29.42082554386864,0.3170580902867731,30,0
3,124.83283300334539,74.01120673598972,12.212397528760073,81.30393953132791,32.357354350435166,0.2643834179464196,30,0
2,119.0,70.0,27.0,102.5,19.6,0.832,72,0
3,130.0,78.0,23.0,79.0,28.4,0.323,34,1
1,77.0,56.0,30.0,56.0,33.3,1.251,24,0
2,160.37215476560954,65.95342099213991,27.588760016451893,32.18069552120835,37.37732362185795,0.628594272367819,38,1
5,181.64854806913203,72.17303248257497,37.90418474212984,113.64854905738056,43.59395834826594,0.5063945468697449,41,1
2,91.22557762162762,75.51490340376304,33.549435973918065,173.84243780083077,33.21561803175498,0.3114571316818433,32,0
3,141.0,74.5,32.0,169.5,30.0,0.761,27,1
4,132.0,74.5,32.0,169.5,32.9,0.302,23,1
5,179.85046984567958,70.09930038509329,28.33440995464109,166.43173192121253,26.983892733330475,1.1224413303958056,36,1
1,91.0,64.0,24.0,102.5,29.2,0.192,21,0
8,157.57742005244629,81.9057179153333,15.145468428922552,197.51566834002193,34.19583510623167,0.1727523843001746,46,1
2,121.0,70.0,32.0,95.0,39.1,0.886,23,0
1,119.0,88.0,41.0,170.0,45.3,0.507,26,0
2,178.51262229960642,67.03110498170781,31.49716483930139,276.8203620825558,28.409570740946293,0.43982276865339354,26,1
0,71.40147317358225,64.48377357255954,28.98128559855602,37.497832274581256,33.43302679809711,0.2974259789148975,21,0
5,99.0,54.0,28.0,83.0,34.0,0.499,30,0
3,159.07607436715065,98.82745089887923,50.374393923622875,231.4546499701528,46.93673340512293,0.088,29,1
0,92.76044838137179,53.46224214705415,29.604986016447803,18.651829337197,31.4027845055418,0.18491536646584106,21,1
3,176.0,86.0,27.0,156.0,33.3,1.154,52,1
0,126.0,86.0,27.0,120.0,27.4,0.515,21,0
9,131.4836366737689,84.86728124629958,22.91305475466433,145.7775793759204,28.50213057558579,0.12218088954860162,48,0
6,155.97466515273263,96.43787444655247,42.853027436115056,256.92094334775896,39.963963115502004,0.30373492456906476,37,1
5,139.0,64.0,35.0,140.0,28.6,0.411,26,0
0,102.47649910854814,68.9139943815145,46.2945386244352,187.7114721221648,37.15127547648391,0.9211482635703214,38,1
11,155.0,76.0,28.0,150.0,33.3,1.353,51,1
1,101.0,50.0,15.0,36.0,24.2,0.526,26,0
4,109.0,64.0,44.0,99.0,34.8,0.905,26,1
0,87.76740145929908,69.03820490725754,48.03375580730503,109.56481216265817,26.530701202865853,0.20926137500281633,35,0
1,91.0,54.0,25.0,100.0,25.2,0.234,23,0
1,180.0,74.5,32.0,169.5,43.3,0.282,41,1
4,159.31910533757076,64.37322880763767,24.85499792179604,337.3872723601795,34.760440969413814,0.8893842819857622,27,1
2,82.0,52.0,22.0,115.0,28.5,1.699,25,0
0,193.41793711893604,73.34793548883252,30.464091399808172,236.07521420979973,47.34492180194931,0.8840031853235342,41,1
4,120.05620006687852,65.08006604697303,34.10107393188624,202.71527309020024,26.192547949801813,0.4714540765003234,30,0
6,144.23423160814875,59.11994927323239,21.96798269162373,123.62325365285992,30.748744321288434,0.7876177082481386,22,1
13,110.09253042575324,72.90041583155647,29.107436060997628,14.0,30.114601613155003,1.09410859069015,43,1
9,155.87696398025614,58.44291811573842,19.00643565253418,176.10365173638544,28.25625309183397,1.3285773892257728,28,1
7,103.5616280706601,83.50343695910479,33.80444508931973,136.42352152797625,39.175184737503656,1.0064700158693438,39,1
0,94.0,70.0,27.0,102.5,30.1,0.256,25,0
5,126.13954472111664,59.21312745826972,23.937041281767932,210.45995231890006,35.77806087457657,0.3608746624530633,39,0
6,115.45339750784919,58.49916896988944,29.154686840665256,213.3889858914368,27.36198161070714,0.088,35,1
11,111.0,84.0,40.0,169.5,46.8,0.925,45,1
2,127.48122838943986,89.0628353057924,22.92456579321106,190.42981665558568,25.15041924741075,0.5268356030288633,21,0
2,77.00861603731525,62.991375547601784,33.17511153982317,76.52660822223737,32.59732877682766,0.2865047190447129,23,0
4,155.36105948546415,92.98064435041879,39.38384233536882,117.05122915119307,47.09316252693499,1.0945825351693703,30,1
4,101.1139572804643,92.28322136896588,39.60087086646017,91.83665326574966,42.15205735772897,1.0002367187766237,30,1
3,82.0,70.0,27.0,102.5,21.1,0.389,25,0
3,100.22231784158322,49.55593536336117,30.055150334947573,157.06417300994974,38.82236727825749,0.5258805165529149,34,0
12,140.0,85.0,33.0,102.5,37.4,0.244,41,0
7,159.0,66.0,32.0,169.5,30.4,0.383,36,1
0,115.29789096740402,77.09294067146764,27.469118947573946,141.83013817617103,38.28722889747789,0.358410157554352,25,1
11,138.0,74.0,26.0,144.0,36.1,0.557,50,1
0,138.16848028984265,75.0379467659126,48.5191901210656,216.15649050043015,45.67919662422445,0.5591582221374131,28,1
6,108.0,44.0,20.0,130.0,24.0,0.813,35,0
0,138.91346210232493,87.41692177154862,34.11106031380257,99.80547972218599,43.09470897472602,0.8375765289766973,43,1
3,140.83525154112957,73.27326364344461,21.463322231239573,111.41010202937073,30.32836247814584,0.7109739629176319,27,1
10,115.0,74.5,32.0,169.5,34.3,0.261,30,1
9,167.00570998350864,64.18996236525803,24.83725030246309,361.31100226665757,26.184239942253406,0.6319479456565804,46,1
5,106.0,82.0,30.0,102.5,39.5,0.286,38,0
9,155.8108853951738,67.77242009826801,46.35577890259633,224.90024835469558,44.89952221892277,0.6919972890449222,48,1
8,183.0,64.0,32.0,169.5,23.3,0.672,32,1
4,134.72382752879068,72.18682604792522,27.32890745263706,369.0228576933662,32.32629055167443,0.2730615312912363,21,1
3,99.3614298968304,68.71175981672604,27.709152783492502,156.81186695730847,27.757276528352186,0.43430122152180467,31,0
4,93.86371713530953,82.10773120939118,19.674586195887866,30.355047649331226,36.69601910445629,0.44424211244742356,24,0
7,178.0,84.0,32.0,169.5,39.9,0.331,41,1
4,85.5625560215637,61.494839609929706,24.522576396864277,97.04930043637192,28.961335366826845,0.078,28,0
0,122.53897332099466,68.82714527491191,40.16829231438613,160.78617631859527,37.10038370452603,0.787191260875597,32,0
0,84.0,82.0,31.0,125.0,38.2,0.233,23,0
5,96.0,74.0,18.0,67.0,33.6,0.997,43,0
0,98.0,82.0,15.0,84.0,25.2,0.299,22,0
3,102.0,44.0,20.0,94.0,30.8,0.4,26,0
4,148.9746425278191,82.42174588381368,39.56703125477576,181.7242734597545,40.076899146026406,0.5310760218371641,39,1
6,107.0,88.0,27.0,102.5,36.8,0.727,31,0
2,108.0,62.0,32.0,56.0,25.2,0.128,21,0
4,141.0,74.0,27.0,102.5,27.6,0.244,40,0
7,113.35504727401495,85.81456326059077,34.35670763884113,148.8081065923788,32.907461967598834,0.45341538378518786,21,1
2,146.0,76.0,35.0,194.0,38.2,0.329,29,0
5,122.16580850003406,69.50510834400752,38.43638620364059,240.50374451017265,38.94986873843782,0.8800181650309422,42,1
0,180.0,78.0,63.0,14.0,59.4,2.42,25,1
0,67.0,76.0,27.0,102.5,45.3,0.194,46,0
6,180.01194371945192,94.04517008731955,17.35703353456141,58.438747610680025,38.04459900195691,0.9389867817434303,44,1
3,78.0,65.4267166714389,38.40443654680212,87.34637425645252,37.7097402568398,0.35260903735701643,22,1
9,120.05099513265458,81.26494292467218,26.769230775241407,104.0913429173835,35.17027698964823,0.3153253009440577,41,0
1,139.0,62.0,41.0,480.0,40.7,0.536,21,0
2,56.0,56.0,28.0,45.0,24.2,0.332,22,0
3,173.0,84.0,33.0,474.0,35.7,0.258,22,1
1,71.0,78.0,50.0,45.0,33.2,0.422,21,0
1,155.3585834677246,83.65834822630815,31.772744263466734,349.5444456323105,39.99888205688223,0.8550642992122374,33,1
7,129.39851856990958,89.97259486851806,34.56213827182019,158.00069036138714,39.830510605100514,0.21547271692908523,36,0
5,125.04733383921962,75.00210222304403,30.058098874748726,121.90214994296679,48.212958306555485,0.15306045511001676,26,1
9,106.0,52.0,27.0,102.5,31.2,0.38,42,0
1,143.0,74.0,22.0,61.0,26.2,0.256,21,0
8,175.9462460540125,79.5850615673054,31.479116128643504,184.2659415659635,30.46943765327436,0.2310810967363931,57,1
3,157.99883660263262,78.6127392063504,28.02321813904836,233.28789487565345,42.90974412956104,0.45383312071620285,25,1
7,187.0,50.0,33.0,392.0,33.9,0.826,34,1
6,80.0,66.0,30.0,102.5,26.2,0.313,41,0
9,104.95280711000804,68.21666832217944,20.04981285760401,207.45572350036656,34.96306530870439,0.7047357357972508,39,1
0,105.0,68.0,22.0,102.5,20.0,0.236,22,0
5,110.31491685653374,86.69518111957287,12.688540113838814,145.01345784631428,31.403074697880612,0.49107733896633066,36,0
4,184.0,78.0,39.0,277.0,37.0,0.264,31,1
5,84.99042061764345,81.86859188582774,40.90716895868252,81.7772082714656,49.67514834329086,0.6507120282477311,39,0
1,86.0,66.0,52.0,65.0,41.3,0.917,29,0
3,108.0,62.0,24.0,102.5,26.0,0.223,25,0
5,121.0,72.0,23.0,112.0,26.2,0.245,30,0
6,142.74821805021134,83.78607330304438,37.30420623675753,242.23274524889246,35.51831726046901,0.7336527861877986,56,1
8,197.0,74.0,32.0,169.5,25.9,1.191,39,1
6,144.19630138510803,64.71721332917258,42.01001231021907,239.40400587253578,45.99700022714279,0.29591930165243596,36,0
2,90.0,60.0,27.0,102.5,23.5,0.191,25,0
0,113.81854116317017,62.61474277142346,13.234428306734902,219.03314312731794,23.56791946757484,1.09013451139969,24,0
1,164.0,82.0,43.0,67.0,32.8,0.341,50,0
0,112.35995269661849,54.17223108092648,27.027475629417474,281.1898292120518,33.84976022706773,0.088,21,1
1,178.57157327655284,98.67876545447015,31.185666273125545,156.04634098358972,25.53681480583296,0.088,46,1
0,127.59234120622459,54.5562276121705,13.89213043051804,226.23319701530147,24.061602575210678,0.31850274641912396,21,0
3,119.35604870585938,54.24541766113394,28.24222323079708,191.58863941623963,30.056320477671953,0.7463428622232051,21,0
6,79.8931610136101,83.62535203502205,23.73565130087745,161.37859289438666,43.55118001177519,0.1240511772088303,39,1
1,107.0,74.0,20.0,23.0,27.7,0.299,21,0
5,61.08862018217535,59.7799125630297,19.524650932211674,15.0,30.369834689796555,0.5930999914362022,24,0
6,122.3120420673881,75.32554657114768,41.23913244949721,279.94396175662246,25.926055072781363,0.2814162157877799,44,1
6,102.0,82.0,32.0,169.5,30.8,0.18,36,1
2,128.0,78.0,37.0,182.0,43.3,1.224,31,1
0,198.0,66.0,32.0,274.0,41.3,0.502,28,1
7,162.95995998169911,55.56194705443325,19.45524474660069,139.3253076766722,22.9,0.75743900342741,45,1
0,88.64448602863386,73.18354262849245,26.592156312722146,157.0063415493663,39.19335288365885,0.4953901046450823,22,0
0,134.6850911218024,77.62954464234146,11.75270670416341,131.8035579351601,33.59689537109173,0.7963267942554777,30,0
14,157.4858685880447,102.86078667052746,39.718830512335984,164.29719939938556,36.5235035874705,0.5225237584668961,41,1
3,122.0,78.0,27.0,102.5,23.0,0.254,40,0
2,70.57247692810395,72.92410932681335,7.0,15.0,18.2,0.9244126249847151,21,0
5,168.5842922608518,78.04518891392686,36.903384294582565,252.8512081330996,39.89973676924653,0.3659534478364754,45,1
2,117.68547480001551,63.42846085046098,23.49768011745159,51.55582759920489,30.334959218267823,0.078,30,0
0,118.0,64.0,23.0,89.0,30.1,1.731,21,0
6,63.501579507524795,84.27660135180284,41.21688902437727,25.53833944549018,40.76772218705368,0.21690128998217692,43,0
1,114.0,66.0,36.0,200.0,38.1,0.289,21,0
2,106.0,56.0,27.0,165.0,29.0,0.426,22,0
0,188.05252353602094,55.26635570379902,38.07871331147533,179.7486010870037,36.95924958060321,0.088,21,1
13,76.0,60.0,27.0,102.5,32.8,0.18,41,0
1,95.0,60.0,18.0,58.0,23.9,0.26,22,0
11,163.21171399402104,84.61988440119484,28.36905002311591,196.01965437830654,37.838041921838354,1.00932820115525,37,1
0,117.62902039030124,83.84702447311706,38.74715677185212,154.91539945417037,47.27166995538191,0.6855829206559673,29,1
7,138.16472274775478,58.5672788657174,33.834843865205244,123.66206588650613,25.952109755215346,0.7250554497567414,36,1
1,122.06897517125401,75.71369192462889,31.528521486934125,175.7093171321845,39.04113743628829,0.7823788786027559,23,0
7,100.0,74.5,32.0,169.5,30.0,0.484,32,1
2,127.0,46.0,21.0,335.0,34.4,0.176,22,0
9,174.2570346702581,81.52911752325683,42.99583756054775,181.86258722701493,23.22088579114099,0.088,45,1
3,102.42111004379586,85.82511971296238,11.303378879750817,117.28153322326233,24.402076790546843,0.6318532365850131,28,0
3,121.47009973431308,71.95719443404602,36.4021420659889,15.0,36.03614550213537,0.22736699999995844,37,0
5,129.02516337900843,79.67750785026504,43.809605899823985,156.0417169856568,46.870752022147265,0.7433088887170175,21,1
0,124.0,56.0,13.0,105.0,21.8,0.452,21,0
6,129.82105532359904,70.65443951523896,35.76394598765487,34.486634492441496,24.496135071740156,0.3719019008556259,55,0
4,148.0,60.0,27.0,318.0,30.9,0.15,29,1
10,98.91646181188315,74.94756969784432,35.82592513311196,144.25866516029967,33.19037163673985,0.20585400153991223,38,1
6,184.96021257639123,74.9296434486935,35.8647279982548,222.76491613371766,27.11033718967193,0.603523986386869,57,1
4,149.60598812764601,68.77586017045797,21.41255849666377,42.6076028991485,35.34026107632198,0.6813093285609924,40,1
1,163.3894290704485,64.09314511315746,23.544791769182453,207.034574533501,28.20248548899196,0.5162409831720485,38,1
8,89.13317363842921,66.90126498523112,34.865835385300606,180.7993694098092,30.282572744067764,0.21391825478139115,29,1
0,141.0,84.0,26.0,102.5,32.4,0.433,22,0
4,79.93364655763943,51.36174419902774,31.084081246843052,15.0,29.075649614986474,0.078,25,0
10,91.09988265049064,69.95804444464393,24.217831725790887,164.65995352585975,26.734638608729014,0.581750139697093,51,0
5,116.71882240373597,76.45167520571141,44.07490580721337,163.1816476173548,44.468520132395405,0.4783833600640538,32,0
6,92.0,62.0,32.0,126.0,32.0,0.085,46,0
9,171.0,110.0,24.0,240.0,45.4,0.721,54,1
13,106.0,70.0,27.0,102.5,34.2,0.251,52,0
7,120.62287066623406,92.71808605396394,34.08227266243507,228.85110704336748,36.055905512835416,0.6589828564255487,41,1
1,151.0,60.0,27.0,102.5,26.1,0.179,22,0
0,149.62689197838,75.55423475411084,41.73903518222926,173.64625534019697,42.087847291896495,0.17083131674043167,27,1
2,121.43070657057093,71.52794562034664,43.95932438440329,326.10345815782,39.866787540814954,0.8786588593917617,41,0
5,104.58552730022487,60.8216774814383,34.402202933359035,136.62208759562967,27.828677235756757,0.078,28,0
4,144.0,58.0,28.0,140.0,29.5,0.287,37,0
5,133.87473303140663,71.55859872309803,17.18871582952617,182.97443458697458,18.2,0.078,41,0
2,81.0,72.0,15.0,76.0,30.1,0.547,25,0
1,95.91504428786399,86.61425523354964,37.524784742198804,128.65071052339604,36.442730506962484,0.4265381067404896,26,0
2,146.51519771279445,60.79103748046599,35.69005276620237,205.37208754936475,48.69746769784107,0.7634179331536126,26,1
7,137.0,90.0,41.0,102.5,32.0,0.391,39,0
0,119.0,74.5,32.0,169.5,32.4,0.141,24,1
2,173.6937005388256,78.42827927640329,28.027668940115845,208.15105662836658,42.47257494589584,1.1346467085745853,40,1
0,131.75652449698134,69.27778839170291,35.75870271267241,221.51830051357854,35.997704260855286,0.4340241029611514,34,0
9,166.02591595007257,72.0187396727495,31.069462850620017,244.4344519773743,28.817396069390348,0.45061308586577603,44,1
8,150.4695294666772,61.33202148484297,27.786288828218716,188.7928772493706,29.945864535552477,0.7483480628747198,29,1
13,126.0,90.0,32.0,169.5,43.4,0.583,42,1
3,131.60227310638774,86.33465734520918,37.8480050886435,130.92101572200605,32.44179618514896,1.190224542052759,43,1
8,127.680503847139,60.28056027491521,39.679903764065116,124.40931055259195,39.996241418552934,0.11750352902185668,38,1
6,125.96902545905012,79.5757106345542,42.02478606817537,184.2877606143677,36.38096629300799,0.342727590357581,32,1
10,116.30673112190331,82.69005632960123,24.878547192202582,119.37657115146006,28.645696053833394,0.4552821870353914,41,1
0,123.0,88.0,37.0,102.5,35.2,0.197,29,0
1,140.76253111075036,62.94644684927124,39.23310202831988,118.94857149296232,42.80438043466795,0.9635486549974899,42,1
0,180.0,90.0,26.0,90.0,36.5,0.314,35,1
8,142.90985343622492,54.932592324472445,19.74055075806742,306.36301143509627,35.362018520796546,0.5028617889126377,48,1
1,150.66850926470178,67.59301428691019,43.44348887290144,269.45652163262105,42.86424981948544,0.43994845201716815,34,0
0,169.64473526351827,34.105494509695816,25.560287032033155,162.82064791565506,29.4219138355918,0.078,21,0
13,97.02421488095283,87.55571890054998,21.056148667057045,146.1207364488708,41.41784461217884,0.49576129294781085,29,1
9,89.52151021268998,78.82894623422327,21.92601307955799,27.12859513888469,31.554361231484908,0.42080999688326365,31,0
1,124.63161563937739,56.3538817230952,42.68763820542297,177.34371833219387,44.43402425305473,0.20702642531958587,21,1
0,106.0,70.0,37.0,148.0,39.4,0.605,22,0
9,110.97134633932787,71.62635844782858,41.24466920266278,107.31562745738054,34.516225349724046,0.48376530554594055,33,1
2,123.0,48.0,32.0,165.0,42.1,0.52,26,0
0,167.2757048910441,54.402087148742496,23.05990021149902,108.5952904519688,22.9,0.70330098573383,24,1
5,116.58493811708546,85.33322751307867,21.982114031229983,17.672143735839015,25.16109862733021,0.8534232976796557,45,0
2,124.0,68.0,28.0,205.0,32.9,0.875,30,1
0,101.0,76.0,27.0,102.5,35.7,0.198,26,0
4,99.69941277248067,81.20044148023167,23.852414075091264,28.35587883072381,27.05440155949989,0.6153415002200755,45,0
3,158.0,64.0,13.0,387.0,31.2,0.295,24,0
4,132.72506980817442,62.19807807322469,23.69904080899823,169.5060058099399,20.007787252466095,0.4907377078975463,21,0
2,165.56659598301454,86.13791031429844,44.476482573470264,343.476425859531,40.680644449673096,0.674024655593228,36,1
5,92.01000258160636,48.27283850520876,22.124485105116147,49.985878315666056,30.204082882050223,0.4913039277302597,21,0
5,147.0,78.0,27.0,102.5,33.7,0.218,65,0
8,134.5686218204984,65.6763845975058,21.790067994178195,226.01418854554584,25.26218523714733,0.2745901970784473,41,0
9,111.58235143086094,62.56810496965806,30.80513852309667,260.40389322284324,29.49303524380657,0.7344697600394723,31,0
6,170.54623100336067,65.36431603558025,36.76380867312858,343.66203071440526,36.21539515515764,0.24309487304795357,37,1
7,165.74811489202085,76.0059230868718,27.56178852098064,376.7868949219052,29.38987401612464,0.23816103220926949,30,1
7,96.03479189818499,80.15234043188042,34.010447778099824,14.0,32.432303867137826,0.48399225192173007,39,1
1,119.0,44.0,47.0,63.0,35.5,0.28,25,0
8,110.0,76.0,27.0,102.5,27.8,0.237,58,0
7,134.3428026591203,67.02971864822933,20.03106550989255,144.83618856025663,30.2299523286559,0.5523974766321367,40,1
3,136.88598982299285,63.19544495696107,37.70256151346681,113.05760325605993,40.80066111197189,0.8110077988723396,23,1
1,170.64974945324403,55.481079586149015,25.15264975239205,221.07516341422786,22.9,0.088,54,1
7,160.46363589563703,66.36820738364551,30.759038536534657,226.82447159131112,27.82123392799281,0.3900690205698488,36,1
0,148.5720251698964,63.34664160031433,36.13890044071164,196.83132186104893,41.80141698073339,0.776760307004293,24,1
5,155.0,84.0,44.0,545.0,38.7,0.619,34,0
2,103.389412400515,79.12217345165699,31.76547035171364,15.0,30.230523493526,0.6441031349441315,33,0
4,157.45883601837346,82.78127023348789,42.129332051248014,207.89022420269902,36.578812142856,0.17255523734790373,43,1
1,173.0,74.0,32.0,169.5,36.8,0.088,38,1
4,171.49927706460258,72.78458589887605,20.916040954268148,316.7398328705434,26.61161009617527,0.3829829774288268,45,1
4,90.05256498904578,95.78902504077854,28.120006816956632,158.21709232679527,43.05563194449004,0.6381946266546155,47,1
0,111.52801050343638,72.68985217817861,31.274143877355034,15.0,23.799723126392948,0.3388668621891057,21,0
0,133.01812702210754,78.3131305400331,34.57511579790485,144.24441302330337,30.802116126922623,0.078,21,0
7,130.1591344289346,98.71464155147203,32.25059606539857,36.04074874744131,34.85186780621353,0.9922700262156802,50,1
4,145.1077908839975,80.34806464463523,35.86135156139126,132.80469987402148,43.48723233932477,0.2822247249965896,51,1
7,144.15750984459302,84.35780868403779,34.33934743438715,185.2795753856818,33.65350674773742,0.9077444078228941,53,1
8,134.38460981392208,71.87412212378581,36.9955092935451,163.721270259608,36.606272010312054,0.5455013451975241,38,1
0,131.27134138951473,44.45568287294432,22.768247254699855,181.14250172786814,33.776403926459174,0.6229407827513112,21,0
7,89.29694855016024,67.500078687705,34.48339923060673,105.0433617991727,31.965197790501445,1.2568524389159919,34,1
1,93.0,70.0,31.0,102.5,30.4,0.315,23,0
1,111.0,62.0,13.0,182.0,24.0,0.138,23,0
5,134.42647674480523,62.61754073748041,24.023574778899977,127.64830344174524,25.548121294293853,0.7855389560678223,40,0
3,110.71674325729165,75.17199418717891,21.41577093519788,53.74443301304869,20.667474383760407,0.078,28,0
3,124.44508667209709,91.76414011815471,30.271871917443796,89.44712461330691,47.651010704768325,0.8986876870678846,21,1
7,156.6006238810693,86.96086022803428,36.78007534907913,210.24348085610833,35.510431960820895,0.40016630594327196,46,1
4,125.0,70.0,18.0,122.0,28.9,1.144,45,1
12,91.20207090507317,53.97790263423768,32.14560214496137,217.295165028546,22.9,0.820609281099081,51,1
0,104.0,64.0,23.0,116.0,27.8,0.454,23,0
7,118.8258129881261,65.2153124611225,18.403463022835837,195.36498759773536,29.517439766949025,0.5489054810012444,34,0
12,88.0,74.0,40.0,54.0,35.3,0.378,48,0
6,146.82404465512397,94.46067254432106,39.11226596058753,155.3238691139058,43.118438194789356,0.7665804105345889,45,1
7,181.0,84.0,21.0,192.0,35.9,0.586,51,1
3,84.0,68.0,30.0,106.0,31.9,0.591,25,0
0,122.06197221525031,68.53341011827517,34.51865845343187,120.1370598892606,31.68158337220455,0.08641882786256044,21,0
8,91.6851073121764,83.47152117165066,29.671745921235477,153.13410220984343,37.05610701049594,0.6466930693889836,52,0
1,96.0,64.0,27.0,87.0,33.2,0.289,21,0
6,189.06793203729364,62.833543737055045,24.09328898907888,348.92074549167853,30.77950918610819,0.9690350820419634,43,1
4,128.08151844155645,70.80788356275089,35.030226083307056,167.76533632081313,36.21296979382367,0.5217511639158322,35,0
0,146.0,82.0,27.0,102.5,40.5,1.781,44,0
0,102.0,78.0,40.0,90.0,34.5,0.238,24,0
4,127.66045417468769,71.73603232554524,28.64533219490752,223.4590406200483,42.752766077983495,0.5726980766519276,44,0
6,122.09589802258445,68.95658364393067,20.36866519856497,147.3972519894521,37.39732443087356,0.6279445836621894,27,0
6,137.88025809244735,86.80574057355949,33.76403976211394,121.97678831396745,40.91181923718044,0.5312027321420891,54,0
4,146.0,78.0,32.0,169.5,38.5,0.52,67,1
10,75.0,82.0,27.0,102.5,33.3,0.263,38,0
3,113.10890691294253,84.44135007316143,39.78187669685566,51.084083911626436,42.0717588207711,0.47661716032911605,43,1
1,187.91768238389378,88.52364910101043,40.86322465359913,177.8726542155194,36.65193326936668,0.23274725414998593,53,1
11,100.04865712691138,57.49770136267931,29.450394126417375,69.98403879967466,25.32296928133676,0.5751939129894452,67,0
9,107.71828032114735,57.7344638809662,36.31659394681495,197.66271694336376,30.66669104148534,0.7753200306903778,40,1
3,135.04468860735187,93.98344372224977,32.845456611909526,44.34117283036741,40.19874822403256,1.1619688434965325,51,1
7,122.01419480540815,76.23036397824347,28.166787091018634,132.1440605056183,37.62676480571647,0.36576806455873345,21,1
4,94.23613352573503,66.85686794083125,39.0815186212188,58.71094586967783,24.138647682059585,0.3791969819150589,44,0
4,97.0,60.0,23.0,102.5,28.2,0.443,22,0
3,101.11795982801513,66.44419576635244,44.65628934382875,177.45859635442181,33.84180337219372,0.5494160191237443,32,1
4,104.05194867044028,99.21437849904075,29.319621187392652,190.0727709405669,41.8757788817955,0.22128546831033805,38,0
6,114.0,70.0,27.0,102.5,30.1,0.189,26,0
2,91.0,62.0,27.0,102.5,27.3,0.525,22,0
2,74.0,70.0,27.0,102.5,30.1,0.102,22,0
8,124.80272409126849,59.41196206296754,24.70342078807568,28.367201729875887,36.43791854971094,0.088,36,1
3,132.98493737329153,71.71076025650025,17.59084743944655,124.5862821325018,31.169237425132394,0.20153521406972857,25,1
1,107.0,72.0,30.0,82.0,30.8,0.821,24,0
8,178.07007775521873,82.29659858097875,41.59947396728283,140.91530958087318,33.611123731119726,0.5473195721021687,39,1
0,84.0729392019839,84.9403134389193,25.307362269203676,62.4159654500602,26.36693807470458,0.5487671759999457,31,0
5,137.0,108.0,32.0,169.5,48.8,0.227,37,1
5,122.1476419032896,85.10064497551065,42.03594821816291,184.9394072367731,41.22981092554092,0.2569817943299699,39,0
6,105.0,70.0,32.0,68.0,30.8,0.122,37,0
3,78.0,50.0,32.0,88.0,31.0,0.248,26,1
12,100.0,84.0,33.0,105.0,30.0,0.488,46,0
8,104.56745968205874,71.08803911091326,29.862496987728022,126.81814551787087,34.78570798370118,0.2339382301288005,46,0
3,170.87196362397904,85.27749593149227,35.85415846797174,241.2472196993965,37.395299373043926,0.4468548343848127,44,1
4,161.69201829965567,65.9267677715692,34.703487294602944,181.00957816902505,39.21351551773232,1.5236344316599713,27,1
2,134.0,70.0,32.0,169.5,28.9,0.542,23,1
2,83.0,65.0,28.0,66.0,36.8,0.629,24,0
4,117.66784790047103,76.20239127439083,35.162323573424565,152.1810924174702,36.68908858281383,0.3462584164970285,31,1
1,119.0,86.0,39.0,220.0,45.6,0.808,29,1
5,181.41579013950027,72.15117169205199,31.59504492278494,246.45939619128774,28.051130682705132,0.726354809615541,50,1
9,123.1766094974397,75.85745580744117,32.70416675707395,147.33228424924621,40.0702992064708,0.3924694542704573,44,0
1,147.11238360872542,59.3361721690466,30.551061785962297,235.30122293128028,23.713873316545772,0.7735299149663504,30,1
0,113.38118301517999,81.71883088425,30.182826817559135,14.0,36.549675013421755,0.3308451837726035,32,1
6,80.0,80.0,36.0,102.5,39.8,0.177,28,0
0,111.15847044088548,62.06137385635876,25.824525992526,186.44825003336746,31.282234740294314,1.0837190371047458,21,0
1,155.51052552192192,73.09430282877443,34.77612833395677,273.6104979139751,33.62392564004407,0.6504971007687517,30,0
6,116.2799329904631,65.71167698019694,22.462597414608354,130.86886165828483,32.77568184150167,0.078,24,0
5,119.00664232912271,72.25702938137486,36.0348362303877,201.39164614474245,35.319999281191876,0.078,30,0
0,98.39717214442153,69.96629259102095,14.739236222886888,130.44588689315012,28.966203281313945,0.5023842956670982,21,0
5,120.08705584734584,61.117873621905794,38.139382016915754,274.26274981061306,38.71988082099749,0.6289168981381053,35,1
8,101.08447817329032,91.79982791803886,21.85957439144636,97.70885001573077,24.887094618961314,0.33763462467727645,49,0
10,179.0,70.0,27.0,102.5,35.1,0.2,37,0
4,117.0,64.0,27.0,120.0,33.2,0.23,24,0
9,96.27025432153468,74.64521326150269,24.166165654832316,224.9428176796092,34.6673646438034,0.8153597401362616,38,1
3,172.00956393530024,76.25785942203922,18.565704269341715,362.7982371415785,32.87798746482834,0.8237712707206482,21,1
0,123.67278001989634,95.98224305846864,26.720577933918978,96.0210584742912,39.145573514688834,0.534321742463977,35,1
0,139.86172671018775,74.90041131862883,36.775993176370775,224.4745340993035,33.422120818091656,0.23628576895441042,21,0
0,129.0,110.0,46.0,130.0,67.1,0.319,26,1
3,129.00558872779854,68.1254736693937,43.836181994843145,210.4636318943036,38.66391504132274,0.8125621303311049,32,1
4,110.0,76.0,20.0,100.0,28.4,0.118,27,0
13,106.0,72.0,54.0,102.5,36.6,0.178,45,0
5,126.07350685054895,56.99006982757763,34.93746337893634,245.25325193476905,32.90004568680244,0.5516359922358087,21,0
2,116.65023212716677,94.90584807839056,35.13028995107295,93.84039883131119,37.59958926817623,0.4577228322880514,35,0
5,86.0,68.0,28.0,71.0,30.2,0.364,24,0
3,101.75624131484554,103.40489274327669,24.596684007765816,93.37247691328372,27.801958134501596,0.6580605137018589,33,0
7,150.0,66.0,42.0,342.0,34.7,0.718,42,0
4,119.28942582501159,67.19230183842114,30.39716882722681,71.7616734913978,34.54880156673333,0.3209282311382602,24,0
4,90.0,70.0,27.0,102.5,28.0,0.61,31,0
0,93.0,60.0,27.0,102.5,35.3,0.263,25,0
2,158.0,90.0,32.0,169.5,31.6,0.805,66,1
4,76.0,62.0,27.0,102.5,34.0,0.391,25,0
7,145.88003372454222,71.62420145916036,33.62238822425713,14.0,36.525183342549006,0.44876570727988113,32,1
12,120.20758964140387,81.85698293018125,43.80129117890008,83.56636694861422,38.079233296893705,0.6894679383467961,28,1
4,163.80275346380884,79.83352594638004,31.91130705306649,277.93382630430654,45.16664002485322,0.3545231893049943,21,1
2,75.0,64.0,24.0,55.0,29.7,0.37,33,0
1,149.98159640115796,95.65976587308704,36.01149402445163,171.4398038382007,37.59860047559187,0.5124366427377894,53,1
0,73.0,70.0,27.0,102.5,21.1,0.342,25,0
4,121.43796653022589,88.82854435030963,39.08136243528354,222.80850700742133,42.055874728874535,0.4732437161363774,31,0
1,103.0,30.0,38.0,83.0,43.3,0.183,33,0
2,115.0,64.0,22.0,102.5,30.8,0.421,21,0
4,164.5279884834442,103.82757474336854,33.262736359699645,165.08740767873547,39.652164362064326,0.6978405997608341,38,1
7,136.0,74.0,26.0,135.0,26.0,0.647,51,0
4,108.66097214396659,67.89600418316965,16.3168331527663,90.8619703900296,22.30402069281304,0.40335248487018033,34,0
0,135.0,94.0,46.0,145.0,40.6,0.284,26,0
0,119.67943047100376,64.98041946471116,21.5079412406383,207.25594574042304,41.271825923401636,0.47644041530388265,21,0
3,177.65062802990997,69.19143060745328,32.42406945262775,230.42209340652283,40.48073140511132,0.4710169861384133,30,1
9,154.0,78.0,30.0,100.0,30.9,0.164,45,0
3,158.0,76.0,36.0,245.0,31.6,0.851,28,1
9,165.0963761232988,78.44785622718055,47.319401910333745,121.91756619653113,42.65798249425149,0.44566042899208147,21,1
1,149.0,68.0,29.0,127.0,29.3,0.349,42,1
4,152.51455322650764,68.24741844119784,41.99110332969357,36.15971793780702,42.98026682051014,0.3499762312036464,38,1
9,112.0,82.0,32.0,175.0,34.2,0.26,36,1
5,189.9201771596129,76.77675859240892,41.26692263135102,232.14259357013822,37.22455529954942,0.6088021119931053,38,1
1,122.0,64.0,32.0,156.0,35.1,0.692,30,1
6,125.0,76.0,32.0,169.5,33.8,0.121,54,1
2,133.7973372822666,72.5751741924174,32.97180597481288,144.13117000057787,30.178898295584233,0.7691262673897992,39,1
2,122.0,76.0,27.0,200.0,35.9,0.483,26,0
4,165.15849540441494,75.88464216371888,28.591527497307776,162.47278630147477,19.186257968124636,0.7877026875188512,29,0
2,149.91667031786537,62.71295485368705,32.93556227123759,224.5632583604428,40.6729264621913,0.22222352681689228,53,1
1,95.0,74.0,21.0,73.0,25.9,0.673,36,0
4,94.0,65.0,22.0,102.5,24.7,0.148,21,0
2,106.0,64.0,35.0,119.0,30.5,1.4,34,0
9,146.75332304859256,72.14256663456129,32.42546296673686,348.4284171876267,32.71285545908386,0.25272939245987786,55,1
5,189.0,64.0,33.0,325.0,31.2,0.583,29,1
0,101.0,65.0,28.0,102.5,24.6,0.237,22,0
7,103.0,66.0,32.0,169.5,39.1,0.344,31,1
8,120.0,74.5,32.0,169.5,30.0,0.183,38,1
7,152.0,88.0,44.0,169.5,50.0,0.337,36,1
3,112.0641303728977,77.06603085387937,31.70029446604535,189.20448913461175,22.9,0.5201719947571527,50,1
1,132.3255203898377,84.73214702341885,26.75361836706775,251.78297852668885,28.741676159601283,0.6264744154915262,46,1
8,142.2256439925291,61.38560359584956,34.582743174035,290.7397730683334,41.468739720346655,0.9550296257759507,54,1
6,104.47266819870828,73.21215932897064,30.523427533380804,249.3519815532317,39.97002622893237,1.0772054915513134,38,1
10,114.18115014607605,58.60323943202998,36.53591623222758,195.2117382961036,22.9,1.015241794021999,40,1
1,126.90707848850224,85.21066624127249,24.751858035491058,58.63176318271482,30.302344791814306,0.5092212585087622,23,0
2,117.0,90.0,19.0,71.0,25.2,0.313,21,0
5,76.14367672829755,75.24121240728275,32.39524666082667,91.00590167135707,35.87113359037278,0.34811500274420926,44,0
5,130.0,82.0,32.0,169.5,39.1,0.956,37,1
1,149.52758750188394,70.4381244482233,37.63355439610807,14.0,34.048401502340205,0.8910674412918249,21,1
0,133.89943295857958,55.99280420640068,33.69115828569214,216.5092182594338,41.13200134222013,0.8934209935621205,21,0
5,158.6044011047601,93.27853919212359,38.4692782685631,257.63602105287146,33.625763244307024,0.19773667962983726,43,1
8,126.33004873934124,60.295583355241746,24.878125223956687,131.32880017504553,31.317859321967514,0.8289946686151543,41,1
6,133.56900696760744,82.51091752729772,33.95478339327849,83.86231971925119,46.79768398641926,0.3518522035633448,30,0
0,117.0,66.0,31.0,188.0,30.8,0.493,22,0
1,139.0,46.0,19.0,83.0,28.7,0.654,22,0
7,176.90799183334912,73.06027333532008,23.649107508847607,259.0249821039157,34.306567223391596,0.6833109431577964,51,1
0,83.60905668734344,57.11389650630688,18.642582108412206,59.85233736064364,28.469579372421187,0.5852523544962467,21,0
5,141.56406724071283,46.15176401509772,35.04864307772846,272.0175579532531,37.054687185434176,0.25390385106401975,21,1
4,122.85291206451997,79.77276931896154,34.96789205270224,91.93450526435495,28.62777296633293,0.4013356682424005,22,0
5,150.09633587318646,87.51970646336702,21.886671369445416,266.8260062963467,22.9,0.4183676842169508,52,1
6,96.0,70.0,27.0,102.5,23.7,0.19,28,0
6,148.50328975788182,79.5099296102882,37.47992999319635,181.2377645052261,42.07961897828075,0.32128494220437953,25,1
6,119.0,50.0,22.0,176.0,27.1,1.318,33,1
9,162.23348481249698,73.71249696569322,36.23581754058357,220.7524404331987,35.06078711543817,0.8663617091156706,38,1
7,110.5460752332948,71.41561620113077,20.64232361371802,48.55255731675746,22.9,0.47612270871653045,39,1
7,149.4308595082299,86.34767256238388,31.834232351401816,282.8058748536025,29.01797959924958,0.088,52,1
2,155.0,74.0,17.0,96.0,26.6,0.433,27,1
0,141.0,74.5,32.0,169.5,42.4,0.205,29,1
0,106.65320238562904,81.20764415972877,32.27565513500223,134.1386844913796,43.662432407724616,0.5231510881661382,21,0
4,139.66627881770114,72.24185629403576,37.87406002077584,74.47879499832746,30.264123009891563,0.3764378069452292,24,1
0,128.0,68.0,19.0,180.0,30.5,1.391,25,1
2,99.0,70.0,27.0,102.5,22.2,0.108,23,0
10,162.0,84.0,27.0,102.5,27.7,0.182,54,0
3,173.0,82.0,48.0,465.0,38.4,2.137,25,1
1,99.0,72.0,30.0,18.0,38.6,0.412,21,0
7,137.1850531204279,76.80793324177273,39.09458876691626,214.901407622841,28.99194913038614,1.2281224547485254,47,1
0,119.0,64.0,18.0,92.0,34.9,0.725,23,0
1,129.34510984608744,74.11217658409842,20.90241181639175,166.69854878961252,39.33464397643037,0.8077524547968884,26,1
2,92.0,76.0,20.0,102.5,24.2,1.698,28,0
1,110.45120168843108,76.58318976666494,27.45684064714595,39.349551370727,37.331425319935256,0.5065952643874697,33,1
17,137.87565617014883,86.07898561518586,27.012617582862497,180.77169381886472,38.06643326413043,0.3084467131662292,63,1
0,142.05237411708632,70.38719620000218,33.73931944905388,175.00042532485372,39.44426124594243,0.4510055816731299,27,1
10,140.53723801685715,65.5057271361156,37.1228946545624,466.77078607156284,41.83494733044969,0.7492309197265004,36,1
5,138.977663278603,51.689085223418324,16.940843841066926,114.4007326103303,27.192364188861273,0.20852974588446588,21,0
4,199.0,75.00784828670004,54.321066260358066,172.06463533085653,43.80383388806256,1.3253567191427478,28,1
3,198.65457733860018,67.77139604277785,33.40759886222477,348.3601607195365,38.613505995101015,0.5195079155906092,25,1
2,146.0,70.0,38.0,360.0,28.0,0.337,29,1
2,165.69095196522005,78.88056428174117,25.8989800447972,226.03728046504398,33.13800219345266,0.088,40,1
1,71.0,62.0,27.0,102.5,21.8,0.416,26,0
2,101.4315760108226,55.79367660371845,28.282356767431796,62.74995587403268,27.814549468555587,0.7095164871250903,21,1
3,199.0,66.42496659218449,32.411466617584246,244.58993018596772,37.376830742704975,0.2848677873449273,37,1
1,87.0,60.0,37.0,75.0,37.2,0.509,22,0
2,130.9720645868801,88.98389592425154,29.254232783287236,113.66990841103218,35.92567723185222,0.2868526943347758,30,1
6,131.2295660390653,54.78424821895592,28.30029009715245,213.25369124002773,22.9,0.3902687951641576,42,1
1,126.0,56.0,29.0,152.0,28.7,0.801,21,0
3,120.0,70.0,30.0,135.0,42.9,0.452,30,0
5,114.81766659631896,56.48961103659521,19.62658902868786,125.80485676080575,23.209675919900068,0.5412601501026605,31,0
0,199.0,83.12926722778262,41.606085361884894,208.92195755880064,35.65197050445368,0.21704958880441305,54,1
9,165.0,88.0,32.0,169.5,30.4,0.302,49,1
4,125.40826459705245,83.58786418754568,43.698131691595634,167.36575841271048,38.3176089251912,0.572813214881522,32,0
0,95.0,64.0,39.0,105.0,44.6,0.366,22,0
7,146.27309908771238,69.68050308774879,28.629960788220966,268.608297772431,29.53818793347773,0.191268678121773,44,1
5,125.19009295722881,58.87677449317209,24.974269486166914,51.11343080968922,29.828731251560377,0.3038216101577943,40,0
7,184.0,84.0,33.0,169.5,35.5,0.355,41,1
8,148.96562004481717,62.41911918115215,53.40017073761318,214.86639090505335,39.008931636972115,0.4277942630185788,47,1
3,128.0,78.0,27.0,102.5,21.1,0.268,55,0
4,105.72001407556557,78.69226131376585,31.228947475671546,142.34968425328503,25.113132181485792,0.078,43,0
2,157.03012049768984,64.55165260047022,38.190859821570356,324.01035863344464,32.44321357032949,0.49057896667125045,39,1
2,94.59362631320676,80.51067036209034,17.799225348347225,15.0,28.524547359936268,0.6846240295811592,48,0
8,77.0496348944182,55.7120596330396,26.7031965923086,15.0,30.612892847152605,0.5825036778145616,36,0
2,181.4638575225597,78.07484224701531,47.338667887573024,288.09366110817393,40.826737487858026,0.7896130429850166,49,1
6,127.48092842741868,53.589665785108984,37.631441407885674,148.78969284914933,28.17219844040026,0.7764218230851772,25,1
5,111.39834527015748,80.01432205260728,28.15595551416568,15.0,28.54721302760884,0.078,43,0
5,126.0,78.0,27.0,22.0,29.6,0.439,40,0
0,44.0,60.479203803516796,23.842105625657215,15.0,28.796914870460643,0.6950193999954797,21,0
3,121.77751388919516,56.37713659946192,40.976587586812805,165.9741200616998,39.164824303047276,0.8576984668442704,38,1
10,115.50087811894868,71.87937207036781,33.60987365131067,138.89128101053416,23.904129288847876,0.6567473133339696,43,1
4,110.0,92.0,27.0,102.5,37.6,0.191,30,0
0,59.533383351176994,73.62832323162299,29.638307278366202,15.0,28.68576207258344,0.9126269314402291,36,0
0,150.77746911350633,82.79991978168307,29.093274737086446,73.02390623515201,30.730795329725233,0.5750376858389591,22,1
7,133.0,88.0,15.0,155.0,32.4,0.262,37,0
7,125.34242664980394,79.30599837616265,23.606006255335885,110.89565782202482,32.694443042661156,0.30337839508645387,40,1
3,172.5563120985372,94.92566980552735,37.275437066047694,166.81290661293997,35.01929592125541,0.6122579009081522,38,1
0,107.0,62.0,30.0,74.0,36.6,0.757,25,1
8,154.0,78.0,32.0,169.5,32.4,0.443,45,1
0,125.0,68.0,27.0,102.5,24.7,0.206,21,0
1,145.76852425010145,90.29839360811992,44.46266410216937,87.71618906144072,37.86639222417024,1.141808983226301,44,1
3,127.01028778542829,74.97534978043511,27.63140971039601,238.33231269412968,24.424362691240557,0.088,40,1
0,105.0,84.0,32.0,169.5,27.9,0.741,62,1
2,112.48646813299882,94.21786256928071,37.27909667936705,107.05584382310886,41.95504399827577,0.9930370634692318,34,1
13,152.0,90.0,33.0,29.0,26.8,0.731,43,1
3,183.21824672042456,85.55748723951335,44.109341752394464,322.78201220247,46.2216346832905,1.077667212296594,33,1
2,122.4492735087714,85.14299716953863,37.86246509408268,261.620448999323,50.63878109068542,0.1479736237034996,39,1
1,123.39166168608678,50.99819539496844,41.08459415268163,187.57901671251676,37.46418252131717,0.8690352330418548,21,1
1,94.98096271924075,53.76746226609923,28.11361058701722,123.98304687575175,25.865201755964858,0.8938250873599438,38,0
5,128.39495811169033,78.14910015511796,39.111328316244624,119.99454101736218,32.31615961867218,0.7889779768478492,30,1
4,136.78579777210712,69.98362364025846,33.57166675941787,170.40703948770795,46.286733846742464,0.11514344863691894,44,1
7,142.0,90.0,24.0,480.0,30.4,0.128,43,1
12,151.0,70.0,40.0,271.0,41.8,0.742,38,1
5,98.38004317521094,60.950234808553745,43.51474807086913,208.14545911990072,44.00859799756926,1.0637959388307028,33,0
6,163.26666569965977,86.9165493041734,36.188309135211114,146.41545525410652,31.85819317119718,0.2268411512984727,36,1
2,88.0,74.0,19.0,53.0,29.0,0.229,22,0
0,167.2670686288451,88.36248865069507,40.02246195420106,227.03070316682556,46.44213700409462,0.48217344392924544,32,1
13,179.01873777137826,70.14463073372737,26.541294431623854,339.6237046824723,24.52366361575179,0.37864844544889364,48,1
6,151.53725849900968,65.08574695057332,36.008834130928356,203.7936540549426,29.045339553346544,0.3774732282246167,42,1
10,92.0,62.0,27.0,102.5,25.9,0.167,31,0
9,145.0,88.0,34.0,165.0,30.3,0.771,53,1
2,153.1625398887857,85.0273348997909,45.806696263337884,125.44469830430734,43.63605914569661,1.1295878925718954,48,1
3,123.7395732083294,81.31127174528811,26.08739379481336,164.75451355041554,32.36639566334041,0.5451024305527473,27,0
1,89.0,24.0,19.0,25.0,27.8,0.559,21,0
5,158.0,84.0,41.0,210.0,39.4,0.395,29,1
2,148.1343841839888,79.04471706378345,35.203934349500564,199.4496867582322,31.49893076666414,0.7778625307541265,40,0
9,129.42262217842918,63.79860175655602,39.67223648447893,308.04926765996936,36.30824567171737,0.088,44,1
6,102.0,90.0,39.0,102.5,35.7,0.674,28,0
2,92.0,62.0,28.0,102.5,31.6,0.13,24,0
7,148.22870532278017,77.48690442195011,31.898700707687457,319.3818388262415,40.04070221650039,0.088,39,1
4,68.06473564068563,59.31073580892849,16.197770237014893,15.0,35.4901269804727,0.11442485807511144,36,0
2,99.0,52.0,15.0,94.0,24.6,0.637,21,0
3,129.0,64.0,29.0,115.0,26.4,0.219,28,1
4,115.6749960579488,69.52275739665286,7.022512379234726,75.75764552160072,18.2,0.078,24,0
7,114.0,76.0,17.0,110.0,23.8,0.466,31,0
6,169.3900607494391,88.95135477024432,21.638104958252512,289.6143940929862,34.46776335253119,0.3084732497694091,25,0
6,98.0,58.0,33.0,190.0,34.0,0.43,43,0
1,132.9076938157684,49.77570096113026,37.330239890607814,241.27565744233908,32.29632389360334,0.9608401860819686,30,1
4,153.64680730322013,66.3860364112209,18.514506295402825,179.05396613601891,32.5059812232661,0.6733798576855008,31,0
7,144.20621863326292,87.07883005751566,37.8420280568915,234.26245220698377,32.43922706923197,0.8864095436009333,44,1
0,95.0,80.0,45.0,92.0,36.5,0.33,26,0
1,88.0,62.0,24.0,44.0,29.9,0.422,23,0
5,143.0,78.0,27.0,102.5,45.0,0.19,47,0
1,100.0,66.0,29.0,196.0,32.0,0.444,42,0
10,133.0,68.0,27.0,102.5,27.0,0.245,36,0
4,199.0,66.1190276445321,32.50026823595879,119.21921061642499,42.35650649438485,0.48164405456819603,31,1
0,150.42175461198406,80.95786608382346,35.360355747179426,58.75450969565437,37.72448814512134,0.078,38,0
5,121.24002298334241,81.68246018349981,35.88065865751448,197.81438482319408,33.44717342091473,0.5458250994220291,47,1
3,94.76933079823966,72.97298125689386,24.15881067106173,224.205101404422,27.005503712434738,0.3493794947744079,26,0
4,124.89045092024948,71.96609031802922,24.88691746976977,123.46495660358617,39.17584629151607,0.5574372835972311,29,1
7,158.7767747016145,78.63780883776323,44.0704090576232,333.08483347358447,47.90185694921776,0.962216435745185,57,1
4,99.68639571973847,46.55524547441929,23.77929597970533,58.21855128696396,30.358509107925798,0.16352389582680443,21,0
7,197.422021322908,74.94701610989448,32.94118186015643,216.93325245868914,33.200812276198064,0.088,39,1
6,180.89070311940353,69.36505826345395,40.698641798388344,81.99490493215455,35.457013944514905,0.18852147757047383,31,1
6,115.0,60.0,39.0,169.5,33.7,0.245,40,1
2,108.0,52.0,26.0,63.0,32.5,0.318,22,0
1,144.27891365060728,68.18950604690312,23.032664629345337,235.26861745871997,31.617626621051524,0.4544798915283916,28,0
10,160.47370594550964,101.32272025714981,27.81504185809203,128.48210895919732,32.177478290012466,0.3925398032851135,39,1
9,186.2972008212655,81.14627694452588,33.4333685442632,123.43503530915982,39.678096601270816,0.088,50,1
2,94.0,68.0,18.0,76.0,26.0,0.561,21,0
5,104.0,74.0,27.0,102.5,28.8,0.153,48,0
1,152.87629708556324,68.25279151170251,25.562191749355794,224.72737503481503,33.5467112301055,1.4790250778125398,26,1
0,171.08024335107103,58.37461566294966,49.483697141964356,352.3554749428422,47.11291676345477,0.5458361350926215,34,1
7,136.75016103179127,67.22364328716597,28.784119412789465,93.4926409461149,42.86117539003871,0.7734407962698022,49,1
3,106.0,72.0,27.0,102.5,25.8,0.207,27,0
0,161.0,50.0,27.0,102.5,21.9,0.254,65,0
5,133.95684047303507,67.59772810944803,25.59348447361895,152.40985331710178,23.826507428991064,0.20588185080246013,35,1
0,133.16979596559366,82.09359906741946,24.05869095429323,106.6524953950512,37.72895603630096,0.32010616120215885,30,1
10,52.268503838462394,73.72758099761977,25.885162379312252,15.0,33.96645909833437,0.8507869913588142,53,0
15,136.0,70.0,32.0,110.0,37.1,0.153,43,1
7,133.0,84.0,27.0,102.5,40.2,0.696,37,0
7,86.33308864809024,80.16483464872702,37.15985483614908,15.0,31.793406133215925,0.078,30,0
4,114.72378546469959,75.32169877618107,42.48409977305573,81.25494038353665,38.60204367046427,0.078,22,0
9,122.0,56.0,32.0,169.5,33.3,1.114,33,1
1,107.04722200997398,90.56395515814889,31.284809021688595,315.34958247379757,36.49728625629663,0.4059661984240456,34,1
8,105.30068388605925,79.59924929469491,33.37854719085183,162.8222106559249,32.48952997521004,1.1147491108487555,35,1
9,186.0670434809749,79.02640390825141,27.433020877698482,268.3244131160563,30.987990720052245,0.7254434630273692,51,1
4,129.9836211989872,77.78854251542701,26.637674833404407,271.9974076293934,33.00962025707409,0.280856690131963,35,0
8,125.6893785625828,60.289592760379215,33.37274544536335,254.1197532436434,26.26325446924519,0.3844514669311766,56,1
15,114.40484603315602,45.603794510269914,27.524871855744628,224.22587116383906,23.35260758065403,0.1339278616156565,39,1
0,131.0,88.0,32.0,169.5,31.6,0.743,32,1
1,111.0,94.0,27.0,102.5,32.8,0.265,45,0
0,78.0,88.0,29.0,40.0,36.9,0.434,21,0
1,78.12467369624986,70.51239134281009,37.177597271639634,242.1629949161829,34.56725957888163,1.3273801433366272,21,1
1,77.99954062269356,56.67802292110153,22.92083220528654,99.21846093404088,22.85434230560739,0.5228302909694702,36,0
3,97.12508486276693,59.828006142381334,18.74126109890583,123.2738400238197,28.55284053076605,0.5318201733374346,33,0
3,110.86077090482743,48.142454069332175,15.908963873416345,20.50367134849074,20.84709088440249,0.1307146168143824,40,0
10,149.86490623404237,72.34520081896613,22.130940007368658,339.28831977512573,29.492828051260034,0.35127058513718146,44,1
10,148.94787884047267,91.87985118438866,26.565523834810783,166.07834720388672,30.57009299562958,0.5636822304658399,48,1
6,114.27380997624402,83.3258310593092,42.33860360916597,14.0,42.30632503140357,0.088,24,1
3,99.0,62.0,19.0,74.0,21.8,0.279,26,0
4,77.56872763513952,71.89307646283854,23.210383227102255,92.21658529398663,31.870047948708656,0.6172658380159621,21,0
2,130.0,96.0,27.0,102.5,22.6,0.268,21,0
3,147.03253100789493,61.66686880191679,32.996954410330524,130.0795762866334,38.963607070283224,1.1369620793404445,22,1
4,155.00796515269894,58.41337552187259,34.897367619367046,309.44767156143746,36.41090257200088,0.4587014502112532,38,1
8,103.46972405854481,75.34924146765066,19.059043389885744,76.51136800374019,25.565434412184793,0.6541010926522898,43,0
0,137.49220488681436,76.06039194507927,39.304267678981105,170.27358750566734,41.20113278877857,0.48503092898893263,31,1
5,123.08306895914414,82.99104853817492,40.9295769934594,238.32781915030063,39.03946025420614,0.8511542190488695,40,0
11,130.16633635835078,79.91452699305992,22.329776439719403,219.60462947394373,23.792467138577816,0.748289679370775,48,1
4,98.21809591065508,65.20543081446114,19.775189940473034,15.0,24.608781382939142,0.5837377022789856,36,0
0,100.0,70.0,26.0,50.0,30.8,0.597,21,0
10,148.0,84.0,48.0,237.0,37.6,1.001,51,1
12,140.0,82.0,43.0,325.0,39.2,0.528,58,1
6,86.91707521805418,70.9552064261523,27.642148875858187,245.1125719462711,40.39873089629511,1.008474142068503,34,1
12,106.0,80.0,27.0,102.5,23.6,0.137,44,0
4,131.83564063474861,77.40610679261269,17.63840438220825,195.75430827280604,38.71062709194303,0.6643103414165128,31,1
8,44.0,67.7861620244876,42.30028279909009,15.0,36.66522665876715,0.13448463732443827,31,0
5,154.65079784435343,78.32222058582802,28.185717196912886,246.6742280938058,33.171300967504244,0.088,61,1
0,138.30304900609855,86.00491819414113,48.941706834872875,115.98403094530104,43.0370156646655,0.8355340061114429,30,1
4,132.3210739145841,71.65194658547101,30.69898778495902,139.49499090909154,24.596866855616273,0.3993732995439106,38,1
10,183.91101326961905,81.10260051912763,37.844815594637076,158.71204892781057,34.92586597635907,0.6932902763059947,46,1
3,116.21831351926211,75.04291249952114,16.50723927157172,251.68535577225134,31.023221970620117,0.6712460402769505,32,0
6,98.55249161016435,70.03737991225641,31.00317328149189,81.79069522126332,30.652511652734958,0.713970308191318,31,0
0,70.57280155164668,73.29759694175287,7.0,96.27640989286347,26.83047693967706,0.078,24,0
4,118.58772525234139,80.99641299006944,30.99844059019872,303.1299192730961,43.95702865528709,0.5862847970184771,38,1
0,93.94983740511535,53.58057782085231,35.29313343418711,121.38642672805558,32.196009105398915,0.7957299650335454,27,0
3,127.83722939686717,89.69074480056756,28.889532894082105,120.88863744687318,38.11874139433092,0.7661085109464715,43,1
2,102.0,86.0,36.0,120.0,45.5,0.127,23,1
2,113.3342913799589,55.613338881160345,37.24922406780044,288.82175580303795,36.16267308509477,0.4837311044288669,38,1
3,115.0,66.0,39.0,140.0,38.1,0.15,28,0
3,105.43709796779235,71.06357932437804,24.850418546859757,18.159669771199944,38.22115247493951,0.078,37,0
5,166.36801427380246,77.3356320857663,38.07505781580431,280.90692112516365,22.9,0.30399598622123436,38,1
7,96.04866247448696,75.72961602392958,36.47317609496987,100.13700919698715,29.24213792300685,0.7492617316620793,45,0
4,120.0,68.0,27.0,102.5,29.6,0.709,34,0
10,139.0,80.0,27.0,102.5,27.1,1.441,57,0
0,86.70967635141726,82.05515793221743,16.841208076262795,48.64196098171584,29.07763205942856,0.078,21,0
6,134.0,70.0,23.0,130.0,35.4,0.542,29,1
0,107.0,60.0,25.0,102.5,26.4,0.133,23,0
9,153.14031927044837,68.45981734646804,33.76686437664715,14.0,31.265949048713093,0.8078687216087125,39,1
3,191.0,68.0,15.0,130.0,30.9,0.299,34,0
5,159.5998675486389,83.51297515903141,17.211550793395272,447.8361348767318,28.429244194867508,0.24280305214645975,43,1
5,123.34420654904365,79.60301430073305,34.60164039496119,98.16696855321086,31.277276080018563,0.2568365869872523,53,0
2,108.69297816173167,66.65998521822566,33.05716367421264,156.78275900456214,39.96542804734914,0.7904214743161205,21,1
10,68.0,106.0,23.0,49.0,35.5,0.285,47,0
1,193.0,50.0,16.0,375.0,25.9,0.655,24,0
14,166.5619718710077,86.25007197379462,37.2919401518795,16.120661509167377,31.775224354476997,0.5889559721355474,40,1
2,110.08943341724421,65.87840075573332,34.91052738692711,216.82376979745482,41.78733891616571,0.6278119865697467,21,1
1,138.67678962171803,64.76754398826827,42.98895728092583,374.1085780352222,48.52050291507982,0.23682294112215674,21,0
0,129.0,80.0,27.0,102.5,31.2,0.703,29,0
9,181.43514681925768,70.96194315297637,34.71032170548429,316.4950407218619,35.982871583907965,0.7811726366345663,47,1
5,113.61385588847483,78.46264356744732,37.63389851101999,157.42518923029587,25.94712834064922,0.078,39,0
4,189.0,110.0,31.0,102.5,28.5,0.68,37,0
6,194.0,78.0,32.0,169.5,23.5,0.129,59,1
2,120.58114908126447,61.9743898021644,14.828169880158551,129.96819606364795,25.332979520956176,0.9178477155967089,34,0
5,125.99900068676948,69.75585729075067,14.64571753244265,268.1247333570607,27.314654630769734,0.4877219948059128,34,0
3,171.2200932028566,69.06808002993358,47.20978512098373,268.5083637614057,43.795357478733536,0.8844633651587335,27,1
11,103.0,68.0,40.0,102.5,46.2,0.126,42,0
5,105.0,72.0,29.0,325.0,36.9,0.159,28,0
5,106.44246001163377,82.08713471575369,34.47866635787657,146.41406701572922,35.37708240310684,0.9487346075121257,44,0
0,107.0,76.0,27.0,102.5,45.3,0.686,24,0
1,100.0,66.0,15.0,56.0,23.6,0.666,26,0
5,117.0,86.0,30.0,105.0,39.1,0.251,42,0
6,168.1277706679183,55.82758284630977,29.50731639183205,209.5193002082474,31.37022562729762,0.6976404918393672,39,1
2,99.67618506981475,80.79002294951239,41.209584498987525,59.71429955350518,44.24313896565532,0.3846922059701319,40,0
2,164.3904050563082,57.69362192957222,26.204456111651226,246.09248076479108,27.946322736681665,0.37903221956527094,25,1
1,172.0,68.0,49.0,579.0,42.4,0.702,28,1
1,157.0,72.0,21.0,168.0,25.6,0.123,24,0
1,84.1819381042806,72.95345970899139,35.68670662460136,44.39784924289201,39.21296858197865,0.078,21,0
8,112.0,72.0,27.0,102.5,23.6,0.84,58,0
8,179.7465515086976,66.22651154069226,30.853289008197237,391.35731016820773,31.369729702611508,0.5863281214626007,39,1
2,122.86630855683046,74.39367293492381,28.649478923259984,249.62560858146003,32.09946721346083,0.48952865808114926,28,0
10,125.0,70.0,26.0,115.0,31.1,0.205,41,1
0,101.71670651580182,70.26199689672129,26.88402558016425,94.56332552744473,31.837676095476635,0.2779885895847628,36,0
3,102.0,74.0,27.0,102.5,29.5,0.121,32,0
11,199.0,69.37638435042581,33.83850381653085,285.71234389621304,36.546842874856324,0.088,25,1
11,135.0,74.5,32.0,169.5,52.3,0.578,40,1
0,189.0,104.0,25.0,169.5,34.3,0.435,41,1
2,98.0,60.0,17.0,120.0,34.7,0.198,22,0
10,78.0,89.2282416212476,25.356296378726373,94.89437277729635,29.25312702922068,0.706200127160705,55,1
3,160.0272065886983,73.90075342149582,27.003124270133206,276.5873967598312,35.2638199479687,0.4619418338823003,28,1
7,94.0,64.0,25.0,79.0,33.3,0.738,41,0
1,124.0,60.0,32.0,102.5,35.8,0.514,21,0
5,138.98428580950332,62.19421244076447,20.675252356279863,164.37644449675483,25.696942870470714,0.2617397147276303,32,0
3,150.035528916606,73.87418244851162,25.241550781202584,129.27243274121483,22.9,0.5408107189137472,32,1
5,121.12274156001158,70.1585983893043,22.783616171027386,199.71568354067603,30.597625962045512,0.7014020397604867,49,0
0,144.1317400291915,61.05876914599101,30.039759755970913,338.80351950886734,38.92802368679215,1.146009168176651,34,1
1,89.0,66.0,23.0,94.0,28.1,0.167,21,0
6,78.0,76.36031066585778,25.940835868187975,52.20202068872641,34.197203313158546,0.9107151526616188,34,1
5,160.3674844525422,83.23056022931826,31.47200566703098,163.42197471811025,38.27045177538276,0.7201794985106886,38,1
0,97.0,64.0,36.0,100.0,36.8,0.6,25,0
3,112.0,74.0,30.0,169.5,31.6,0.197,25,1
5,116.0,74.0,27.0,102.5,25.6,0.201,30,0
7,119.0,70.0,27.0,102.5,25.2,0.209,37,0
2,152.32086784014805,59.80082845032141,47.42846608330545,133.5308051796227,46.91400135891201,1.6235104293629854,21,1
4,131.0,68.0,21.0,166.0,33.1,0.16,28,0
4,197.0,70.0,39.0,744.0,36.7,2.329,31,0
4,111.0,72.0,47.0,207.0,37.1,1.39,56,1
10,90.0,85.0,32.0,169.5,34.9,0.825,56,1
3,139.0,54.0,32.0,169.5,25.6,0.402,22,1
8,144.4439606968647,83.61244555380223,30.273924933429903,347.40886583944166,39.36436463270025,0.088,47,1
4,156.4663533811745,74.5246213258429,32.602744896044904,117.8580087543677,36.63462924572801,0.6581084897448243,36,1
1,119.78284316708837,61.1336480427488,34.494964320448524,132.54547303552943,32.437661020107406,1.2367749569756785,36,1
7,123.57468197870293,76.68626270230544,19.445897861332202,51.82441954329073,35.836792781201325,0.422949304410156,45,0
5,155.249553913854,85.51023793080918,31.19817902074735,231.776949917205,29.06362164037734,0.6115791974529926,48,1
9,124.32614848128917,71.50364679310682,50.05099774571519,157.82107935270915,46.52791917209418,0.4823924327652611,41,1
0,91.10007498456824,60.64726092891804,23.275871528915953,146.81394004525,40.494307447321454,1.0512137125299397,21,0
5,82.25039296277467,63.19427810522312,22.809194008989024,15.0,36.28784079166549,0.2811919809225361,36,0
1,199.0,76.0,43.0,169.5,42.9,1.394,22,1
8,126.16861146334264,69.54403638045108,30.854857360823264,253.70274529639124,41.38081338182385,0.16253352191580217,40,1
7,109.0,80.0,31.0,169.5,35.9,1.127,43,1
13,158.0,114.0,32.0,169.5,42.3,0.257,44,1
4,50.98833075293425,72.29485835613454,43.467360089538076,15.0,30.94898112083466,0.45998390327708283,21,0
8,151.0,78.0,32.0,210.0,42.9,0.516,36,1
6,123.0,72.0,45.0,230.0,33.6,0.733,34,0
8,121.33669590747391,73.722241089085,22.29500851775917,91.04944565927471,26.049269162076733,0.24012804967292137,49,0
6,183.0,94.0,27.0,102.5,40.8,1.461,45,0
7,112.69140156086038,74.05542443838004,26.406806260594138,33.4033730664612,39.5354578621202,0.8296752571613948,21,1
12,153.88151271720196,77.30680891435499,20.136649741281914,357.860891489309,30.518780084009563,0.5468437753135192,50,1
3,162.0,52.0,38.0,169.5,37.2,0.652,24,1
5,112.68875679875714,69.32331791119928,35.267632081198045,151.20959063076535,24.13959013035254,0.6174513656926363,42,1
2,149.95999979356358,82.53972206614016,38.73596159759217,166.42894551191523,37.97487879576246,0.963938061409887,44,1
4,176.6297927141234,80.02807994071951,30.121762191684933,14.0,34.15728784458314,0.6458626427853681,44,1
0,109.0,88.0,30.0,169.5,32.5,0.855,38,1
11,143.0,94.0,33.0,146.0,36.6,0.254,51,1
4,154.0,62.0,31.0,284.0,32.8,0.237,23,0
0,105.0,90.0,27.0,102.5,29.6,0.197,46,0
5,146.24403288380174,57.12129184471817,21.183207572466902,142.40905111077416,26.169212283522327,1.0591912072823013,32,1
6,134.39198775767966,48.43657198013686,24.00147651166467,298.89618654800563,31.434843310569157,0.4223484955229314,57,1
2,110.0,74.0,29.0,125.0,32.4,0.698,27,0
5,117.24757249001912,48.07128388178513,44.55630294398535,65.40895294251516,35.2833358880903,0.918503144073153,44,0
6,124.02807415527849,93.28224703117934,13.81276277378967,112.27892979234095,32.69781469185297,0.4269108333207467,43,0
5,142.68761793623764,69.31498181311578,20.995176973906432,63.468140547401475,18.2,0.0911617163158312,55,0
2,138.88934371999568,64.84160130293417,18.26019445895435,235.105412558816,25.177213115826035,0.5505020686790693,32,0
1,81.86160963214837,63.31339222738847,18.560730031606763,28.29483789965802,28.988412664268765,0.4609467572937727,21,0
0,139.31327399284197,83.91507314915297,33.41737161680901,291.1190360118962,32.48503006619206,0.9029642339284549,23,1
5,103.0,108.0,37.0,102.5,39.2,0.305,65,0
1,121.22105597805725,59.81464439670548,25.349398385007564,38.03411098643903,28.673032038910257,0.6434478493399028,33,0
1,78.52095688825018,75.48522939262752,37.31964646701118,95.38827380004624,31.664046684373503,0.770496917263547,35,0
6,130.93464566185855,42.969498107016285,38.561064456360384,213.86417302403134,39.638472030068215,1.1310906390831652,24,1
0,120.04067402643388,60.09587070122253,39.924405075229714,253.67187299235354,34.1209575203207,1.032398747091491,21,1
3,118.63424912182148,89.26030266822106,31.865816832765532,389.0889925475792,39.27171712155629,0.5536301810290353,39,1
7,182.78403530162421,80.80802803106741,28.048350069661822,232.08566441863945,25.80756109645092,0.687818312196862,38,1
7,151.06115060579356,79.83722562423264,19.808629541783258,190.78867693260662,32.72103868415961,0.20970255922622374,46,0
1,112.0,80.0,45.0,132.0,34.8,0.217,24,0
4,147.0,74.0,25.0,293.0,34.9,0.385,30,0
5,95.0,72.0,33.0,102.5,37.7,0.37,27,0
1,97.0,66.0,15.0,140.0,23.2,0.487,22,0
8,187.03005851522343,71.94758688540045,9.853283858630185,151.76470350849434,22.971343129424113,0.5568792825983464,43,1
3,87.0,60.0,18.0,102.5,21.8,0.444,21,0
0,135.76718977973982,74.7671537638687,29.895686670064485,191.524511055819,27.28282138761914,0.2613902087853513,21,0
1,73.0,50.0,10.0,102.5,23.0,0.248,21,0
7,97.0,76.0,32.0,91.0,40.9,0.871,32,1
5,77.0,82.0,41.0,42.0,35.8,0.156,35,0
1,108.0,60.0,46.0,178.0,35.5,0.415,24,0
2,108.0,64.0,27.0,102.5,30.8,0.158,21,0
10,115.0,70.0,27.0,102.5,35.3,0.134,29,0
9,160.2858800631807,82.05179374172121,45.93158513037026,196.18381700872877,26.112529545194505,0.7247641804630702,65,1
0,166.0912207434164,87.51475988892874,30.724902030234,167.57416066551812,39.86913788989921,0.7141339478946684,22,1
0,117.0,70.0,27.0,102.5,33.8,0.932,44,0
2,71.0,70.0,27.0,102.5,28.0,0.586,22,0
0,70.27401328791521,51.02316184319996,23.49062742007037,74.94316152983043,29.55667798085029,0.5686504230245824,25,0
1,96.0,122.0,27.0,102.5,22.4,0.207,27,0
5,140.0,80.0,32.0,169.5,41.0,0.346,37,1
2,89.20028303813446,68.42752673478006,21.681397850798625,195.33215525596836,37.02082493400266,0.806730213815068,40,1
9,164.0,84.0,21.0,169.5,30.8,0.831,32,1
0,140.0,65.0,26.0,130.0,42.6,0.431,24,1
6,117.69736944688778,79.09254923875201,30.35840402766823,121.99595691910876,33.206281609023925,0.078,25,0
7,118.17062399035711,60.8275283419915,35.36551763671856,111.45481457860109,31.055530391620312,0.35813344958709836,42,1
6,160.15460720606822,97.22619605850466,31.433018277508545,220.08385407446096,34.44164274432604,0.6779194369727986,33,1
1,125.00183229410983,63.415982381861895,23.483769820880575,121.50959344126576,26.267522815028826,0.078,21,0
9,107.81431601240051,82.98137510248858,17.417126647914316,58.687576210963364,25.49528620840742,0.16423569599387733,25,0
6,134.6316965641454,75.48286423266032,28.342376483290177,112.43825881427256,28.054803367262128,0.078,34,0
9,130.0,70.0,32.0,169.5,34.2,0.652,45,1
1,79.0,80.0,25.0,37.0,25.4,0.583,22,0
3,103.0,72.0,30.0,152.0,27.6,0.73,27,0
0,118.14451821180252,75.25076481966687,20.3441504742821,213.40014667037238,39.0169343102094,0.8726552530063763,21,0
6,91.0,70.0,27.0,102.5,29.8,0.501,31,0
4,95.59778586221442,57.087787600237306,13.423111017348564,64.12535471681775,18.2,0.078,36,0
7,150.0,78.0,29.0,126.0,35.2,0.692,54,1
9,150.6521705605614,76.37258356976079,25.703070541292796,270.4653913869089,28.33577278272263,1.0705055576315878,45,1
7,116.77557552580961,62.13559066763915,28.7021573034607,115.65744659618441,27.502524372753296,1.0738443831227134,32,1
9,173.34438478611688,83.21056332595673,22.523954540836144,328.0132059297673,30.62286673536127,0.088,40,1
2,84.0,70.0,27.0,102.5,30.1,0.304,21,0
5,187.94101222094568,85.24141959444967,32.61821224628385,113.63949781324935,40.330165591595254,0.088,31,1
7,81.0,78.0,40.0,48.0,46.7,0.261,42,0
4,145.0,82.0,18.0,169.5,32.5,0.235,70,1
0,146.0,70.0,32.0,169.5,37.9,0.334,28,1
7,125.06272505686735,77.91308628110399,29.602590952983736,249.04534202585558,36.88968150989504,0.6674715204801481,50,1
1,196.0,76.0,36.0,249.0,36.5,0.875,29,1
1,78.0,77.94644044607239,15.04532848266173,14.0,29.07395278153224,0.9819164993721864,21,1
11,162.36821810427506,75.50671031064829,36.04122910903417,270.7905188964286,40.8449012386265,1.1958589143463398,63,1
2,130.20359229251346,53.83930265594239,29.30346470789019,173.54197235349395,28.935959011939964,0.088,43,1
7,102.00604816892866,79.63784566224112,46.37301331420963,93.1838933507156,46.048570936727316,0.49139660839164223,29,0
3,171.0,72.0,33.0,135.0,33.3,0.199,24,1
7,106.0,92.0,18.0,102.5,22.7,0.235,48,0
1,88.0,30.0,42.0,99.0,55.0,0.496,26,1
6,103.0,72.0,32.0,190.0,37.7,0.324,55,0
5,88.0,66.0,21.0,23.0,24.4,0.342,30,0
8,186.0,90.0,35.0,225.0,34.5,0.423,37,1
1,95.0,66.0,13.0,38.0,19.6,0.334,25,0
2,146.1134805731809,76.82648272168156,36.10824601520779,191.9861346675509,32.147270807468146,0.078,27,0
7,161.86532780111838,70.28132108636595,29.919614364502912,94.79355922200094,30.34360953200959,0.3050692012051606,48,0
5,73.0,60.0,27.0,102.5,26.8,0.268,27,0
0,93.0,60.0,25.0,92.0,28.7,0.532,22,0
2,195.27035331374867,70.37162685676178,38.640854227347276,322.58249103277376,39.409756697698256,0.3714842659909361,36,1
4,168.48748750351996,75.07405081739252,21.908681815537513,140.0597166653368,32.96837005070099,0.5921408900682368,44,1
3,170.0,64.0,37.0,225.0,34.5,0.356,30,1
3,113.0,44.0,13.0,102.5,22.4,0.14,22,0
3,104.64998725233848,71.33152875572178,37.52367523546618,162.30174380993387,32.30520396871006,0.3611841808613581,21,0
11,128.88871607520417,89.24547029119637,23.059803338199295,102.02198206278237,29.810839152310706,0.078,54,0
3,128.0,72.0,25.0,190.0,32.4,0.549,27,1
3,108.96096263937595,75.64728691980811,44.592128101223224,127.7382650601775,40.611594485516164,0.078,32,0
3,139.12100542850672,86.75901905613196,27.373306141094922,236.8393128728821,41.71245296984488,0.8214882991291965,37,1
6,104.0,74.0,18.0,156.0,29.9,0.722,41,1
9,124.0,70.0,33.0,402.0,35.4,0.282,34,0
1,100.0,72.0,12.0,70.0,25.3,0.658,28,0
3,124.10673384710252,84.36909798412921,21.45675843211216,141.02816421605434,39.57476494143527,0.7034953148338896,41,0
2,98.66226320488961,60.920742653840215,36.25059978927394,221.375192082603,36.516956942545306,0.7299231505560619,21,1
2,163.13966883552052,92.12098489786915,33.345437443486716,316.59760744188566,40.384793735453904,0.088,31,1
1,71.0,48.0,18.0,76.0,20.4,0.323,22,0
2,81.44190081900702,69.2841410827621,26.32664622368712,15.0,30.428884899479698,0.372713715346886,33,0
8,65.0,72.0,23.0,102.5,32.0,0.6,42,0
10,174.94495925087165,83.50187665819936,32.409043789556826,316.8573168706484,36.18161140873948,0.16795100492423148,38,1
0,125.0,96.0,27.0,102.5,22.5,0.262,21,0
1,90.0,68.0,8.0,102.5,24.5,1.138,36,0
1,79.0,75.0,30.0,102.5,32.0,0.396,22,0
4,137.34237817481255,80.80277252826552,25.767718318855053,117.18265876042578,24.589021761784146,0.5505387983616926,45,0
9,78.0,82.88767658710769,13.24916316516941,81.43217681705241,28.373804244558237,0.3454021696775891,37,1
2,131.2125312789473,77.93325406627837,35.23951376503583,200.68318355960454,37.931288390508165,0.3250230932057372,35,1
1,113.5834655406692,78.59360069965271,29.62048930072643,198.7388151879241,25.68222057623685,0.078,21,0
0,74.79508107108012,66.68818661793753,13.690532339903413,77.0831181052641,36.81082894863085,0.078,21,0
6,118.85025766967152,85.92983573111539,17.873160900653552,15.0,18.2,0.078,30,0
9,89.0,62.0,27.0,102.5,22.5,0.142,33,0
0,158.4223097052824,86.36856488384332,36.62717164848018,197.95655104122966,42.98930275788132,0.12242608357792839,25,1
5,144.0,82.0,26.0,285.0,32.0,0.452,58,1
4,171.0,72.0,32.0,169.5,43.6,0.479,26,1
0,110.22286553114057,90.8652882879434,20.309927013104996,47.72060914145486,34.5138337021966,0.39212998306910885,21,0
2,128.0,64.0,42.0,102.5,40.0,1.101,24,0
5,149.16301401632037,69.8182380893819,36.90746944084988,227.64084545485366,24.91792789505729,0.1701282089846855,32,1
5,78.0,48.0,27.0,102.5,33.7,0.654,25,0
1,133.61876620383856,76.62669948827285,15.680353819477531,94.42320809447484,25.70083777127507,0.078,32,0
3,123.0,100.0,35.0,240.0,57.3,0.88,22,0
1,111.0,86.0,19.0,102.5,30.1,0.143,23,0
1,124.55313911718372,81.08744153298153,38.712007988885304,154.14033685536918,41.903899605831676,1.015669221782627,23,1
2,92.39647561142621,70.11281095754802,24.904900321522994,15.0,22.6630444041895,0.2057314270871634,22,0
2,142.0,82.0,18.0,64.0,24.7,0.761,21,0
6,92.0,92.0,27.0,102.5,19.9,0.188,28,0
7,132.12549099511227,72.45290612038394,34.44953484887946,89.3907420801874,41.50105501042146,0.8683562625363586,26,1
0,85.79011793463421,74.44296532679655,24.582997461819303,114.76457892427396,29.889477802860206,0.9215877029941625,35,0
0,104.0,64.0,37.0,64.0,33.6,0.51,22,1
3,173.0,78.0,39.0,185.0,33.8,0.97,31,1
2,113.97311843407608,64.45474228238568,24.139521786182492,121.28368308505011,24.057167162622193,0.3517128290175078,39,0
3,84.58820832311946,79.52052471090218,17.085772757457427,43.92860171148877,31.16043488287407,0.7570350069144943,36,0
6,148.0,72.0,35.0,169.5,33.6,0.627,50,1
2,176.9723306148045,79.29207706620846,31.57558719867041,266.8981841460295,30.74559399276419,0.088,39,1
6,107.924044706872,72.9129192870386,28.591582071981566,234.8607870366365,33.55211109798636,0.6988932570716476,54,1
6,147.21645524453922,62.52745539046312,52.94726067410729,372.8160172501311,44.48568954224914,1.1778845949243495,28,1
8,117.68619096017565,82.21497229364695,33.76288377248783,303.5219045436435,39.178606373405785,0.8331949997884318,38,1
7,83.0,78.0,26.0,71.0,29.3,0.767,36,0
6,156.61058152342792,65.53595789832706,19.630735458194103,187.21495887096688,30.116235291568145,0.4008408169070438,47,1
9,156.0,86.0,32.0,169.5,24.8,0.23,53,1
0,122.37422587701678,65.64057899384416,24.373324354996658,208.95995251034162,31.48129633803735,0.9695851168188415,21,0
4,171.93206416280682,95.1286819545515,16.386169501974155,122.99961857746169,35.53253301367275,0.7413334541853204,47,1
6,142.56830514206482,56.450515798361955,35.637061273286754,91.03251336917195,30.235235650511328,0.088,43,1
0,124.21230628076384,58.25760232424807,45.169937516086826,182.23894374937043,30.803216013254012,0.7020097207358318,21,0
8,131.84297232515024,77.9619666777607,24.59215969005684,245.46434005397822,29.30884292546685,0.7911185878168381,29,1
1,97.54426570258848,73.02915442674599,17.025994709958184,196.6602290106071,33.17586328737751,0.9153606331746548,22,0
7,158.3674769363335,59.571745462550325,27.46170553603993,188.64591986596244,27.56415127375557,0.5008708660145348,39,1
5,168.0,64.0,32.0,169.5,32.9,0.135,41,1
3,124.04391025088634,65.96349625951183,20.383311458940177,140.81432250827942,46.65809185874659,0.7661468529616375,22,0
4,150.12360334966786,77.04317033030586,39.06109506250456,14.0,31.679854980520922,1.4085189306742696,25,1
3,182.25336726851685,78.08763293678999,40.68018038225772,71.8364502217265,35.539370675125134,0.918275019411161,27,1
2,85.0,65.0,27.0,102.5,39.6,0.93,27,0
1,140.0,74.0,26.0,180.0,24.1,0.828,23,0
1,137.0301234021452,65.1363342796808,28.188956826161554,87.86457639263992,24.442995599105764,0.7916132569302258,31,1
4,134.30348588085957,86.93842049308334,33.93606390080764,177.88658483427048,35.537983183015335,0.088,34,1
5,44.0,62.0,27.0,102.5,25.0,0.587,36,0
7,130.49962020472364,58.67282254024602,17.201809794121274,156.29792522861294,36.872252429085044,1.0091277149207891,27,1
5,122.81767064746727,88.8504947726715,20.97352899005965,167.5832234401443,34.12305887848205,0.09598894589101808,49,1
7,142.0,60.0,33.0,190.0,28.8,0.687,61,0
0,102.0,75.0,23.0,102.5,30.1,0.572,21,0
0,136.01727087093718,71.1429713146301,28.082207988598796,92.04640867026683,32.59700245080973,0.8072329449359843,24,1
2,105.0,58.0,40.0,94.0,34.9,0.225,25,0
6,131.52251131861507,57.58749205796153,38.33861164167777,216.0213973642221,32.64746662511244,0.24049826482078623,48,1
5,137.98580299354276,65.66828786013426,36.941869952158214,194.91798856062948,29.92598246659285,0.5140981087033963,29,1
6,128.00893832672,66.57776008699993,33.7061052103669,190.93758402822135,36.547270004173384,0.08235147480975985,50,0
0,159.90065018964953,90.67446570572191,43.86503810681533,442.81116433909665,38.886728643017946,0.802762579725524,41,1
1,125.87755997888071,64.81189450843672,22.62655580529067,59.19685270838152,23.8062292354414,0.5639923183327142,24,0
0,157.36634716247156,65.80063797759246,49.5657781223786,140.15627268853723,32.309263230854384,0.9385004506506376,41,1
8,125.0,96.0,32.0,169.5,34.3,0.232,54,1
0,120.0,74.0,18.0,63.0,30.5,0.285,26,0
9,164.0,78.0,32.0,169.5,32.8,0.148,45,1
1,113.0,64.0,35.0,169.5,33.6,0.543,21,1
3,188.61264008836508,76.40203797364076,38.78754082910298,206.6004055488413,39.18977431831834,0.6832315763558703,39,1
3,100.0,68.0,23.0,81.0,31.6,0.949,28,0
8,185.3643532011208,73.79788874401537,41.92970400744786,288.0088842581966,28.952678727711156,0.25615384393273843,57,1
8,100.85251875373467,85.20885486110207,21.870754887214943,214.3398972861041,36.85136019905419,0.088,25,1
0,103.62724545979991,64.40824933822513,26.72377067687587,100.79944784717127,33.686484998381665,0.34216224196208433,24,0
8,84.08243159797739,68.375415944009,47.53095055021229,219.76205411597408,50.27121165484503,0.5993000396617951,58,1
9,120.0,72.0,22.0,56.0,20.8,0.733,48,0
6,155.80370523954846,73.50404622785928,19.26867121075196,139.79177091008057,28.6690465963746,0.2617123036317713,43,1
7,143.3827839260323,75.17060755424666,31.20212046338707,136.3582834995935,24.72003701312977,0.17767334600845858,52,0
0,155.45675074508685,87.76699098756195,34.25324735737975,204.137710809719,36.707773444391556,0.8597647071685329,27,1
12,170.73081212887612,68.77241039834321,24.357869908721227,300.7223183783807,35.560351564640875,1.0714776043946466,43,1
3,84.0,72.0,32.0,102.5,37.2,0.267,28,0
1,102.0,74.0,32.0,169.5,39.5,0.293,42,1
1,140.74214255683688,64.38684337280465,19.19366995815468,131.84955400477847,26.24986084764752,0.8167251810774572,32,0
6,136.89270434050042,73.93622058509793,28.306123634853535,277.3240859445064,31.027353342556335,0.3151953354414533,40,1
8,120.0,86.0,32.0,169.5,28.4,0.259,22,1
3,129.0,92.0,49.0,155.0,36.4,0.968,32,1
4,107.10674675445728,70.51455942639942,29.74771015677931,207.90385487675988,33.32939044119988,0.5002967467785953,30,1
0,99.0,70.0,27.0,102.5,25.0,0.253,22,0
7,157.66142876679723,64.52092655388954,30.900658029817105,175.05968119059497,50.26468341032381,0.3373119529652949,38,1
15,94.48692033601196,73.8191809236528,33.637418268210425,185.24615981039676,32.55813638459744,0.9968031995833202,35,1
3,78.0,65.62622064178755,41.428720609773706,52.591667723901566,36.22065364152348,1.0280549544439834,29,1
1,177.61726490060764,73.70203554216383,32.62587924204971,71.1429242634499,40.57721924889969,0.5797471293287204,26,1
0,84.0,64.0,22.0,66.0,35.8,0.545,21,0
10,111.0,70.0,27.0,169.5,27.5,0.141,40,1
8,80.70366875974976,89.22702907686144,34.43540144305954,127.36715179843596,31.598027435343152,0.078,51,0
13,129.0,74.5,30.0,169.5,39.9,0.569,44,1
3,174.26111371999326,43.944664199925185,27.77791005290601,225.72067679990124,40.1693617438635,0.38565960003065514,31,1
6,123.27986671633423,76.95130987221471,25.370828325531328,264.4057385041814,40.43904797884681,0.28276903139374876,62,1
4,95.0,60.0,32.0,102.5,35.4,0.284,28,0
5,188.11424296438827,58.08334148672397,27.415089347552666,192.50912029017283,29.35551897318767,0.6494255509112273,40,1
6,124.30798616345639,75.43232999932398,41.42663594897099,217.9828286528369,33.63822082912306,0.32906482206725995,25,1
6,107.96401281631434,79.44084971873356,32.204516222473686,15.0,27.12876911054437,0.078,53,0
4,136.07984619836023,75.39329714003537,34.94502225514316,20.17673418047329,31.828381384962267,0.126815361022037,30,1
5,89.05068712003671,89.79802448303158,33.598442982318325,194.1131503424312,38.75477763956555,0.078,40,0
5,136.61522907201504,82.20085738712885,29.23821960484026,231.382893506543,33.155277855955816,1.2760010108999458,28,1
1,101.08906875827637,66.21211039706657,19.80571309671108,192.19192305963654,30.76751627404984,0.3690674911149874,21,0
0,90.94804021421646,68.10438071895648,42.312248517915386,88.55018482476088,42.225962706457125,0.5907926223609279,25,1
4,91.35925037608139,65.62888025418471,35.25946995493002,71.36370182215663,26.209208086640643,0.13732050209117913,27,0
8,103.49284573006608,93.32371271221699,32.510611997084816,67.51000100148426,31.60638205509478,0.5865369587234227,44,0
0,129.75196025105018,51.068333535288275,44.793761647926786,94.23752616841834,30.579540935028383,0.7943061260670101,22,1
8,152.46142654260515,80.61486102719238,19.882926160642242,89.61022208698573,35.117042603052326,0.4634231818794429,38,1
2,112.0,66.0,22.0,102.5,25.0,0.307,24,0
4,186.59480095131497,65.59383796566223,43.366894727691395,81.33845102447944,32.45161940580556,0.9986323347234796,29,1
12,121.40953061157384,70.8578889705651,42.34391754739023,198.91535299896373,44.12993380776622,0.3326395053292097,38,1
8,150.23895211137938,81.77306314160083,33.906523824172844,181.39574064427748,44.566233279099905,0.6856221917897686,48,1
1,99.0,58.0,10.0,102.5,25.4,0.551,21,0
2,70.06313532179232,94.28083256255752,29.723802667183076,53.72357884004708,37.25323738415711,0.7904922075660991,38,0
0,100.0,88.0,60.0,110.0,46.8,0.962,31,0
8,84.0,74.0,31.0,102.5,38.3,0.457,39,0
8,130.07785752150738,77.11814687098364,32.88989467226723,308.91431302998024,42.40528645935364,0.6466508332596829,42,1
1,157.51134486035932,79.34860377974033,39.82135130706602,191.5282402893699,28.9777281719172,0.5046348593490159,33,1
7,94.06242432858448,105.19575884884509,20.022216179679344,15.0,19.12668429682494,0.22919613956707297,58,0
3,147.33619492556204,56.71508375734846,21.748072983614822,223.78720450702832,34.4635440453021,0.2260422305238129,21,1
0,169.52704835352623,78.74232934022203,41.191719758005966,206.29779828105194,42.84678776364186,0.7503133109882569,29,1
3,96.0,78.0,39.0,102.5,37.3,0.238,40,0
2,97.60657259589075,63.46464787847138,27.16968427041083,18.9615189119084,33.212243440465045,0.20277952821848544,21,0
3,116.0,70.0,27.0,102.5,23.5,0.187,23,0
5,116.0,74.0,29.0,169.5,32.3,0.66,35,1
2,142.94087329786385,82.61894808917394,24.92698441617408,156.330828878479,29.6065301082325,0.17313387323579077,47,1
13,135.7416509049989,81.90824546892037,49.39247018124641,287.8026630243063,37.3699694798242,0.6266119427295146,53,1
0,116.07064039886146,61.58406366564202,30.32107853414673,178.26418911494312,27.14408724139249,0.15883225723160954,21,1
6,147.36928576993046,81.83039980889421,23.610116228253283,99.52907291884762,20.439488845574438,0.11163639432721784,38,0
0,137.0,84.0,27.0,102.5,27.3,0.231,59,0
2,131.24966668456193,80.64792337423565,33.256211907633826,172.74771774919304,26.238583186168153,0.670371474739678,38,1
8,133.175344059915,77.85000711344551,26.95141287825267,198.61788400045634,38.1719764305783,0.48909571884447306,47,1
2,124.59347930371129,77.65258036779109,43.08471955946884,197.2350279822145,32.56789646932527,0.26855835710173487,47,0
5,123.0,74.0,40.0,77.0,34.1,0.269,28,0
2,87.0,70.0,23.0,102.5,28.9,0.773,25,0
9,181.41731112334148,61.433570905095756,29.731730012006718,224.11048653582228,27.986741682866814,0.23286393139413164,30,1
2,90.0,68.0,42.0,169.5,38.2,0.503,27,1
0,134.0,58.0,20.0,291.0,26.4,0.352,21,0
1,80.0,55.0,27.0,102.5,19.1,0.258,21,0
4,112.88389963394204,73.09341440829489,21.34841596827329,119.34207088857757,28.736360801491315,0.3182099861275502,40,0
6,148.8302841166067,67.81379653063695,40.346430907601764,264.29105941528564,32.89185761464712,0.5880487159319124,43,1
8,147.97520365446306,74.86229080723302,40.11262807433468,108.04417248913681,31.6750764117203,1.2408823436302225,27,1
4,145.06592283540002,78.16488763050596,34.917857476967846,255.92394857444438,41.014737096379065,0.088,21,1
2,85.56978208466637,52.59677468184938,28.962261553655416,162.83490344686209,23.522667579778183,0.7434580862276096,34,0
3,142.79541769766402,68.10810921943344,22.655415456714085,14.0,28.10936886195337,0.088,36,1
9,168.60100407709785,78.3469740528309,29.908615988498106,284.1157767624601,40.82515722662836,0.9426393537043238,32,1
8,138.66682466483317,77.1773027165197,18.1826526640699,23.251568445124448,21.856595400844167,0.8816400612296014,44,0
9,76.40374628754594,58.415501493914405,28.275414250884424,202.484114759618,34.6247122214234,0.3790355571740471,47,0
6,154.0,74.0,32.0,193.0,29.3,0.839,39,0
9,152.0,78.0,34.0,171.0,34.2,0.893,33,1
3,86.5337843549371,48.70682261147197,15.199652862996128,83.577741247857,35.00989618298749,0.61685350021081,28,1
13,145.0,82.0,19.0,110.0,22.2,0.245,57,0
6,121.44666245876178,90.87109476130938,29.940108501729764,408.8428222632939,43.41471250628737,0.4037216127074964,38,1
2,146.82001041475965,82.26868720539882,37.64218231206098,293.7457251310945,36.65488968262968,0.13254734468030743,43,1
3,109.88045311770016,69.35717371627945,26.858517771508623,112.37311771106965,26.22052364928767,0.6208135689067974,22,0
5,148.57722918005413,91.1890844698768,37.08827829242958,192.34725411849254,44.46759503515216,0.25383711366157763,49,1
3,111.0,90.0,12.0,78.0,28.4,0.495,29,0
3,125.40527703347406,54.66477390871697,15.514850448621551,197.4486401721668,36.04188938379609,0.42014773365840463,23,1
3,141.86246837498345,101.46836358166063,44.109848604932964,237.27639246377265,35.93573247180771,0.6210139678458793,51,1
0,152.09759388896612,52.01888328072077,26.400341301369593,215.21339348542548,32.611272920096894,0.5372203971257725,31,1
1,122.9281944749827,58.30999523894808,40.33196887314607,178.66962767982847,34.16878681046093,0.5005804428250168,50,0
9,97.52532765745369,94.95502773723163,27.642971934018437,131.55773806386335,49.24417183497263,0.4058821704510127,40,1
2,89.0,90.0,30.0,102.5,33.5,0.292,42,0
3,137.03122504815582,88.29804553862522,30.78011529068651,256.65516422419086,39.060771775633015,0.088,56,1
3,150.79691417271712,96.75031969348476,37.83516379747205,205.55002090993392,45.88634718748068,0.7115700527846092,46,1
0,114.04160691356026,80.11108297174096,30.117478269167396,194.286861901505,28.181832489069336,0.41467623920628527,45,1
6,103.0,66.0,27.0,102.5,24.3,0.249,29,0
4,136.0,70.0,32.0,169.5,31.2,1.182,22,1
1,120.0,80.0,48.0,200.0,38.9,1.162,41,0
3,74.0,68.0,28.0,45.0,29.7,0.293,23,0
2,174.0,88.0,37.0,120.0,44.5,0.646,24,1
2,111.1422505580261,73.53140551146754,24.169195814599895,15.0,29.08389591784202,0.37717510245602426,39,0
0,74.88519321959504,79.0772572677034,45.8575100642982,69.21851977025631,28.844660736921668,0.38653819968799397,25,0
0,146.5182418445035,66.2269143473299,41.73261222674498,117.91321078751331,29.655667547597858,0.5211842967865488,23,1
2,150.60373474360696,86.26991989670934,48.35564639437386,272.2491887173403,45.86037482127055,0.088,36,1
1,163.04735885264657,65.75110119977835,30.36876079484208,263.40603360194785,25.11419399872905,0.10954812773228251,32,1
1,109.03150301144689,65.30669793568771,18.635152174049193,15.0,29.434952702409067,0.8169265869645572,21,0
6,145.72699934654196,98.21399063022666,34.376244141166545,72.42934229212652,48.385200659078954,0.4566282460468583,40,1
11,93.66608449401555,100.20035873083806,42.54110240821418,18.69342655183553,38.413115526159515,1.1247380727075442,30,1
5,102.37117496785737,73.80537970923523,28.337108863063385,157.62098006162512,29.72588225889587,0.4892663854914008,26,1
3,83.0,58.0,31.0,18.0,34.3,0.336,25,0
0,91.15631106531035,36.380602817709956,26.230634255625283,68.34994413118469,31.272002410144953,0.5059075588305436,21,0
4,154.0,72.0,29.0,126.0,31.3,0.338,37,0
4,148.66083611466237,47.05679367912629,32.34935861257206,403.5500574448487,22.9,0.6591682317009052,41,1
7,91.88797077210933,76.10922839148331,35.13641096441717,214.40742868015448,42.08505324871677,0.6069092793010408,41,1
0,78.0,55.376349842128384,38.17698559153024,151.78882734155553,39.885047485961586,0.6304767394807763,21,1
6,134.35200470368503,72.36667358428974,28.97229612973407,270.2417170164025,43.06824513631054,0.831621903864114,35,1
7,157.78089184334968,84.19786636661134,36.69589702994126,195.69043275965754,33.19774203527018,0.088,70,1
11,116.7885608595837,73.6293177491839,30.15148944315875,235.61515486176012,37.32318511866728,0.595733996287746,52,1
1,126.82101416411916,53.21387522677461,23.275253909825064,67.09334674752787,21.187094857070598,0.078,21,0
3,158.0059463407313,90.48632757024134,31.777699626330236,169.22681383978005,26.909041361570544,0.2503517663943507,41,1
2,155.58276785936394,83.34609261826184,37.0906219207735,335.4756969227526,31.00342952218432,0.3521468778585658,21,1
6,99.36970366798091,55.10882387313997,23.715737071928825,138.28260662275127,26.132609486537916,0.7114210199150881,33,0
5,141.6657868571286,78.84925089531868,29.365481556844067,189.05172731071542,31.426160650180154,0.3089169475108424,37,1
2,105.0,75.0,27.0,102.5,23.3,0.56,53,0
10,94.0,72.0,18.0,102.5,23.1,0.595,56,0
2,100.0,54.0,28.0,105.0,37.8,0.498,24,0
4,123.0,62.0,32.0,169.5,32.0,0.226,35,1
1,107.0,48.0,20.0,102.5,24.7,0.14,22,0
6,143.20388143861703,94.3028429870181,21.071595933908476,213.76934844094745,31.718762288069573,0.26292548634758095,38,0
4,117.0,62.0,12.0,169.5,29.7,0.38,30,1
2,127.0,58.0,24.0,275.0,27.7,1.6,25,0
6,85.0,78.0,27.0,102.5,31.2,0.382,42,0
4,123.3835418066028,68.43032122638846,32.19160265193088,381.75724648045997,32.72395760524824,0.6795391974334469,46,1
5,130.78311901886318,72.78871532627436,23.7551359423465,324.20062535073987,31.666637029689785,0.39030214744516833,34,0
0,143.15210964378232,81.87778726725756,39.69203969451604,258.3756575164891,43.68123414389773,0.5333370792995772,28,1
2,94.19695508002921,86.34236554763822,33.70818484726561,32.11258278719188,32.71023744063247,0.3928761502554756,33,1
0,188.0,82.0,14.0,185.0,32.0,0.682,22,1
8,133.0,72.0,32.0,169.5,32.9,0.27,39,1
2,141.67523787516416,97.73619864118388,36.73029112908557,57.121132460069504,39.15196749830092,1.0417846998934561,49,1
8,111.1637904317757,71.38415741695846,45.24201566499153,95.2122273311802,34.280829466688026,0.5196321522979165,37,1
9,97.00210103249808,89.1180227646162,37.79754881320462,211.54598350983986,32.54403113697896,0.088,53,1
3,89.60734974942613,88.63655108829921,18.033772941836045,15.0,22.827955221443375,0.32789826193642324,35,0
5,114.0,74.0,27.0,102.5,24.9,0.744,57,0
11,138.0,76.0,27.0,102.5,33.2,0.42,35,0
7,152.9549559271583,89.41259933883562,34.056844920203496,157.20202962913038,33.78485995780254,0.3813983327161321,50,0
8,167.0,106.0,46.0,231.0,37.6,0.165,43,1
3,131.46961895040957,52.870478929665126,36.264609847835985,159.24875328846053,28.430727483628964,0.08948275634153052,26,0
2,172.30644491294484,71.40067027016323,23.77304161801532,165.09743764362096,35.86886661796792,0.7892545360122595,36,1
12,111.1852942758067,83.7410940887698,35.80239855174898,153.30783170342252,43.50357467101229,0.3797513518320042,55,1
5,94.78874625596936,58.615305890850834,8.944484311319354,77.59518340187311,21.16585125113169,1.157048562205683,33,0
2,99.0,60.0,17.0,160.0,36.6,0.453,21,0
9,123.0,70.0,44.0,94.0,33.1,0.374,40,0
3,179.33187054258093,65.32106311436227,22.983341013150934,50.603279064241065,35.1484810115825,1.0469417575867368,30,1
1,135.0,54.0,27.0,102.5,26.7,0.687,62,0
6,195.0,70.0,32.0,169.5,30.9,0.328,31,1
2,88.0,58.0,26.0,16.0,28.4,0.766,22,0
8,128.5022452228247,77.8437739763844,31.895069370267315,133.0302631444394,28.63060970542287,0.5473634270508704,47,0
7,108.93684677757618,75.298209398087,26.009601492412727,145.96169010077168,34.71843575778042,0.6228793924960331,44,0
2,175.0,88.0,27.0,102.5,22.9,0.326,22,0
1,143.0,84.0,23.0,310.0,42.4,1.076,22,0
3,154.5383959077719,65.67572219161512,24.285766505648645,358.3886835790857,26.449430870221313,0.088,33,1
4,113.00803382896613,55.91217680488141,38.90431739821594,180.0443564752322,32.77464837763067,0.6673759100787812,47,1
0,95.44462827612405,66.18761359880519,12.802846207973257,115.58334244967321,18.2,0.4164431451158669,21,0
6,117.0,96.0,27.0,102.5,28.7,0.157,30,0
7,160.0,54.0,32.0,175.0,30.5,0.588,39,1
4,144.0,82.0,32.0,169.5,38.5,0.554,37,1
2,87.39492095315347,57.09270506606154,21.603732074412704,106.16855938031617,27.521727103507082,0.5566704569073866,28,0
6,138.91468614900236,61.54159585218738,31.074024067168644,218.38114413904347,29.318955005307757,1.6952718335836607,49,1
4,183.0,74.5,32.0,169.5,28.4,0.212,36,1
0,142.57696065898654,65.73824198333008,32.65850215469313,240.88435601431075,43.91001252189175,1.1460871430561,29,0
1,107.0,68.0,19.0,102.5,26.5,0.165,24,0
0,186.2688204305922,70.17078487375525,25.178697196155852,151.09686523241814,27.628373951794746,0.5098795017263746,47,1
3,142.01757697588533,73.2174631560573,28.9379859519371,200.6654575001258,26.458374768956077,0.7343040901931843,37,0
6,114.53098930348833,74.96223966121664,21.23467282286865,164.6857344360282,22.734304033101992,0.4337086832949496,21,0
0,181.0,88.0,44.0,510.0,43.3,0.222,26,1
7,195.0,70.0,33.0,145.0,25.1,0.163,55,1
6,115.13797520419342,80.98235095759003,23.27081679583835,96.27507603092562,39.24585534434773,0.2657768606976147,31,1
6,95.42026822535843,55.44576498344805,38.03803975590237,82.35860429518573,47.122898904623305,1.1152499472262318,23,1
10,168.0,74.0,32.0,169.5,38.0,0.537,34,1
3,96.0,56.0,34.0,115.0,24.7,0.944,39,0
2,108.0,80.0,32.0,169.5,27.0,0.259,52,1
0,121.7533228162987,63.412235849585485,31.280885740672417,192.57071724875638,36.92779871008339,0.23241206684583743,46,1
0,137.70679809105943,62.41910557585763,38.15952986677161,293.08691806952874,37.028422838408744,0.3137304339451668,35,1
4,169.51885970225547,85.94312358204807,30.977931859231454,234.66523182289478,36.599464097974376,0.4884075076639776,42,0
8,107.0,80.0,27.0,102.5,24.6,0.856,34,0
8,155.2754334510818,102.30986647244113,46.030591282491415,331.4531758324331,43.20804124901103,0.4474245031784007,54,0
0,116.43409989758467,65.94399419758915,25.550141951831442,132.4245500702072,31.045067457351696,0.8731942494032212,21,0
1,144.0,82.0,46.0,180.0,46.1,0.335,46,1
6,138.75398722731995,87.77545083000491,19.81971582586153,120.71530325626436,42.340256087900705,0.088,21,1
17,163.0,72.0,41.0,114.0,40.9,0.817,47,1
4,122.76530744320252,72.4377402020645,38.63640975142835,127.68938472683914,35.17899261599056,1.3736634419789873,32,1
2,77.4783525565607,57.149284142448266,22.1205028187743,30.91462762868599,33.33148838201273,0.22332212097155257,23,0
2,114.0,68.0,22.0,102.5,28.7,0.092,25,0
0,165.0,76.0,43.0,255.0,47.9,0.259,26,0
6,116.27566288944911,62.112368681042724,28.78547077624841,110.94560237077678,36.42593558070388,0.078,35,0
3,152.12000610963767,87.04041739396472,30.33965547284652,164.37801019995652,36.002069629786604,1.2835825550403286,45,1
3,163.0,70.0,18.0,105.0,31.6,0.268,28,1
0,153.35845331469508,75.58754791112113,40.42011327038772,263.9180324719914,49.79295455497572,0.6512635755176635,32,1
0,180.17586480483033,74.38999538782451,31.886496303721707,290.80180246267594,29.271192311872067,0.856359116046588,27,1
9,142.188453337284,89.2595239736002,39.30330910346534,235.04141456842603,41.08228708293315,0.8403133387155413,31,1
3,97.51897191798753,68.30481855830642,23.88917802713257,193.8505749012386,36.29078692737296,0.2869638128341756,24,0
9,170.0,74.0,31.0,169.5,44.0,0.403,43,1
3,169.54852757665765,64.19945812802051,41.995412371590405,121.1306860333854,41.574970544056704,0.4913122702312289,30,1
9,78.0,70.03682226806693,24.797222529659063,166.60003084264392,29.65310779804923,0.7156119652180906,27,1
9,145.089442988358,79.05237351664493,27.948538126047367,115.4189510928054,28.01782901827108,0.6355563803275571,58,1
3,101.41895224644723,67.45071983287066,31.33982144741697,93.35173927917077,34.29943668444393,0.8261780158584068,32,0
3,124.0,80.0,33.0,130.0,33.2,0.305,26,0
7,196.0,90.0,32.0,169.5,39.8,0.451,41,1
1,125.0,50.0,40.0,167.0,33.3,0.962,28,1
3,124.11311244930805,75.1381102946984,34.06416683163344,43.4183356676065,25.916067788026545,0.4295508058601709,28,1
7,92.65887793128807,79.27788674102703,37.15742035367492,169.01742944816579,36.99529188265733,0.7941240094099957,34,1
4,157.74400433143035,56.67672694022618,30.430603931161553,127.34774964515421,23.708154855898005,0.973729357887896,44,0
1,130.0,70.0,13.0,105.0,25.9,0.472,22,0
3,89.0,74.0,16.0,85.0,30.4,0.551,38,0
7,136.0,90.0,27.0,102.5,29.9,0.21,50,0
6,125.0,68.0,30.0,120.0,30.0,0.464,32,0
3,142.34540373666206,53.25064902326433,37.65034811064834,170.83956650137497,27.252352834219103,0.088,44,1
9,154.4182083963351,77.40466399527016,33.9860325634819,77.78826904329757,35.56098307528525,0.5397813194661978,35,1
11,144.68258498503283,71.67958528727976,30.108272106414972,61.06004373194633,27.824325226322465,0.21875153663933045,54,0
0,137.30785622456278,74.3079890360257,40.075737303473744,247.03033589423313,36.98359369542267,1.0413495885560353,46,1
1,90.63594360869574,61.72530038846364,29.318250626307485,90.81450512803843,29.859912968070443,0.6536707509893831,31,0
4,134.0,72.0,32.0,169.5,23.8,0.277,60,1
0,145.05754215071562,62.846734974072255,48.6369134672171,14.0,35.53269946499259,0.6018300387041092,33,1
7,156.85460422433974,69.0040439517389,31.422859674828576,238.25335174784365,36.961332452647405,0.5274721166186576,55,1
12,143.36095127675335,75.3654847179273,17.868099252152394,183.23031806065754,25.921566836207717,0.22721957313446672,56,1
0,110.01084931285006,61.500983088017186,16.70700902124151,138.6664062607445,30.945061017538865,0.6186190787985213,22,0
6,138.241210924749,84.070396725866,20.575048872403794,186.0468402311357,34.65224400546806,0.7861965634614796,52,1
3,169.0,74.0,19.0,125.0,29.9,0.268,31,1
0,114.21370464094679,79.96153718018594,25.441987393230995,65.32739136763414,37.99258614408581,0.8963069341896321,34,0
4,157.0095166329956,71.65316236959663,38.811945059627405,202.37100567109843,41.12009131057283,0.7241065122435562,21,1
1,153.0,82.0,42.0,485.0,40.6,0.687,23,0
0,168.06566456419534,72.2770089285573,41.47437834050238,186.62589566978878,47.4858558534987,1.0045816701557964,24,1
5,118.85933304076141,82.33794188001184,27.460106333225564,105.64616951508904,35.92413865552231,0.581606172101729,30,0
10,105.02110449613781,91.11642630849698,26.36169258942651,82.70571262054014,23.76180095352281,0.7001572698142664,55,0
6,120.08163027865871,61.00927493232543,26.67722081501454,166.47175554459182,32.27456140462811,0.8438925935112234,34,1
0,151.0,90.0,46.0,169.5,42.1,0.371,21,1
2,129.0,70.0,27.0,102.5,38.5,0.304,41,0
2,199.0,58.72117906770036,37.83798608582085,212.9433471041855,36.93964408340809,0.19238860802265473,29,1
7,146.92343111175555,74.42399061015395,7.0,363.62257785361004,27.022835108141628,0.7975734075148471,46,1
1,147.12132674363346,76.25749261320706,27.10255717879302,203.33395353032324,34.24730209019124,0.7878314366954124,27,0
4,117.46872456968646,62.164280367384755,28.381342972057723,308.71643619006676,37.27987591113268,0.088,43,1
0,173.0,78.0,32.0,265.0,46.5,1.159,58,0
11,85.0,74.0,27.0,102.5,30.1,0.3,35,0
10,100.1197447108056,75.35981984724022,19.34060115849983,34.73975374347734,44.21895380482107,0.7653556861666919,29,1
12,135.79016716064837,64.10680222729113,41.9255528385754,275.0185453496935,33.84427099492047,0.860861589737164,46,1
14,103.91681032381902,84.3999756425296,22.295068995727405,167.34276064362928,29.358050988507937,0.088,55,1
9,91.0,68.0,27.0,102.5,24.2,0.2,58,0
1,128.0,82.0,17.0,183.0,27.5,0.115,22,0
2,91.07549372521362,60.483740541144165,37.644685577002946,15.0,35.42293405280118,0.1612085704262327,24,0
4,134.29313188207973,86.92486278576649,28.114921351486522,74.0112728451038,36.89869840096988,0.660509320207995,42,0
5,136.28442652686186,70.61381899506335,15.122629402962357,114.4339905815622,22.838517674381734,0.078,44,0
4,144.01222443051083,61.249939130610066,33.114072532737204,134.59861050935564,32.042553262717014,0.39726290965998334,31,1
0,182.41622296850497,86.8642679116808,52.43476421227692,185.05981595718538,45.188090400567134,0.8800547465517612,21,1
5,124.0,74.0,32.0,169.5,34.0,0.22,38,1
11,120.0,80.0,37.0,150.0,42.3,0.785,48,1
5,100.95361631974227,76.19394197709484,22.43173958931726,154.81006568024503,26.63548781048426,0.6626569383362574,35,0
8,105.83570658678315,114.0,32.31548551780378,88.42307613002443,34.13160648254823,0.6259982648986332,43,1
2,128.2410822574115,55.77274282683031,27.302951012925664,90.18179981120255,38.76134317589251,0.8121532403324586,44,1
4,99.0,76.0,15.0,51.0,23.2,0.223,21,0
2,101.0,58.0,35.0,90.0,21.8,0.155,22,0
4,129.44830217690668,75.1299324434233,16.77197088553831,196.88577000488863,21.512120534112032,0.078,38,0
13,104.0,72.0,32.0,169.5,31.2,0.465,38,1
1,133.0,102.0,28.0,140.0,32.8,0.234,45,1
0,102.0,52.0,27.0,102.5,25.1,0.078,21,0
2,155.0,52.0,27.0,540.0,38.7,0.24,25,1
6,128.3875920239862,71.4991599353388,33.98766176001726,130.74500824300617,36.07527420686864,1.0114483133530017,32,1
2,157.94901656981014,88.81882813940985,47.39812091034085,160.22157048010826,33.568019137399595,0.5471715052377013,54,1
6,176.81856919888514,89.29518462945883,39.12397050552198,237.3941533093176,30.894776475234142,0.5952922389091032,40,1
1,146.0,56.0,27.0,102.5,29.7,0.564,29,0
0,135.88040117685307,78.38633400750491,38.380377033574675,111.4400904906668,39.57367964175978,0.4033110814409214,48,1
2,155.47152730897608,76.25333341680393,27.635531515508635,186.359261773911,35.29187743645865,0.6660281364716155,44,0
0,102.82698904890063,63.51446797795137,27.18901660154396,199.28134352959435,37.69665247819571,0.5975073314849996,42,1
5,125.21336595326247,75.69783957409543,34.00604490914469,131.0417851323293,47.04077641699146,0.31882589745491213,40,1
3,154.45124723007262,77.65153015171379,23.28977047901855,256.70162349120557,28.269799140399424,0.8607099019105648,34,1
7,117.89624835237261,76.67272606260055,30.40448679178744,61.86463385261763,37.21560779467655,0.8249353778253887,34,1
3,88.16075188329924,65.00522903579416,17.81400580588559,56.74468713682741,28.56408607191993,0.20031605328357052,22,0
0,137.0,40.0,35.0,168.0,43.1,2.288,33,1
1,197.91638231827622,62.0156371309962,30.180353839987262,273.64217716679707,33.93899284601029,0.7446068313975106,35,1
7,85.35125619390861,68.20351086555794,15.292587348360893,15.0,25.627856679231805,0.078,26,0
3,142.0,80.0,15.0,102.5,32.4,0.2,63,0
3,100.35845124818594,67.33500802512435,41.37653046299748,84.54620208616453,36.44143314852634,0.6220799532721853,35,0
0,95.98737329473937,54.82531436190611,7.0,161.87001024297803,18.2,0.6056880259425336,21,0
8,108.0,70.0,32.0,169.5,30.5,0.955,33,1
0,159.44437881930872,98.9676676325311,36.73253336713817,156.7940971550607,40.82622165163538,0.26602695402026144,37,1
0,95.80146676178373,79.1732679695845,30.26338392710208,117.69064680596853,44.23540954197333,0.8331812408421163,33,1
7,160.32069279352524,78.23481793706445,29.173278179552682,296.77784369985557,31.12165961446175,0.33332940199661937,42,1
4,95.1753179129979,62.06409309315223,54.04544470911385,243.07283897268775,45.532637220586814,0.49655901532565894,32,0
3,150.0,76.0,27.0,102.5,21.0,0.207,37,0
2,177.4679044993141,50.471020634520904,19.124066906115825,181.35897245428438,22.924997878278315,0.14642643686918805,53,1
2,78.55772053229035,83.4075301007348,9.487727361215285,26.419072132150646,22.87219446928734,0.4309037056048025,40,0
3,113.0,50.0,10.0,85.0,29.5,0.626,25,0
2,90.0,70.0,17.0,102.5,27.3,0.085,22,0
7,152.9534579176466,69.65102694242212,43.00460811386749,244.5258143680814,28.157419652852372,0.44097950485760423,32,1
2,125.19772575084735,53.63293850616422,43.525670304208575,211.55343642605558,40.86290571294838,1.0876243515603359,21,1
1,143.0,86.0,30.0,330.0,30.1,0.892,23,0
1,103.0,80.0,11.0,82.0,19.4,0.491,22,0
6,133.81051640020442,74.06607611410627,19.629220487160058,106.53358783107251,27.489245511517247,0.36252587248711365,32,0
1,116.0,78.0,29.0,180.0,36.1,0.496,25,0
0,142.17074044266934,77.57937186474939,33.44056563481469,29.15739422874165,28.319939944115795,0.5906104121671156,23,1
3,138.0151380597734,69.6137214265288,17.46030564002269,69.81157051262308,30.24493116752751,0.8605544510050902,33,1
1,132.91503125151576,74.46633207295791,41.71544865034281,164.17313654083213,35.93410810634856,0.22036610887048347,36,1
1,172.88521666018408,65.99892519931912,39.26126359892239,110.39637185950637,48.989553268010276,0.9760178491672461,27,1
1,144.0,82.0,40.0,102.5,41.3,0.607,28,0
4,190.3456344008266,76.20827478895994,38.902633885604054,360.93672010442504,45.25924574409285,0.31439247649607993,30,1
2,120.0,54.0,27.0,102.5,26.8,0.455,27,0
3,193.0,70.0,31.0,169.5,34.9,0.241,25,1
0,139.0,62.0,17.0,210.0,22.1,0.207,21,0
4,129.0,60.0,12.0,231.0,27.5,0.527,31,0
1,115.0,70.0,30.0,96.0,34.6,0.529,32,1
5,136.0,82.0,27.0,102.5,30.1,0.64,69,0
4,103.0,60.0,33.0,192.0,24.0,0.966,33,0
11,106.599762900089,85.86491242066415,20.445671909115937,198.63273007293347,28.66147601156697,0.7157824539057582,40,1
8,79.45719850933611,51.48693225086454,32.11437280167051,68.14958466668539,30.679104377118705,0.4150263799547959,29,0
17,164.4963969058821,92.85220787465566,35.721791999227094,41.282916963038986,38.45073501422785,0.9352515228970073,51,1
5,99.89179447293627,53.205669265450936,12.786057685586773,32.34359974947071,19.00639626737706,0.078,23,0
0,101.0,62.0,27.0,102.5,21.9,0.336,25,0
3,144.15498494440388,81.23088782268893,34.104413739672054,123.83857457010316,43.894835835172714,0.7799102874005335,21,1
0,57.0,60.0,27.0,102.5,21.7,0.735,67,0
1,106.0,76.0,27.0,102.5,37.5,0.197,26,0
2,119.44614727436081,76.9477017286847,41.6043065710074,105.28812111972499,32.230477873371456,0.39190796925651183,38,0
0,109.36171338621841,86.738373094981,30.73688806337719,255.92250175209793,36.62442842439204,0.6444093821374381,44,1
0,127.80191947130731,64.9555245159681,26.17408146317738,152.08737491892674,26.51464945374861,1.2728903848019204,41,1
9,184.0,85.0,15.0,169.5,30.0,1.213,49,1
2,98.04732484773518,69.13429510153244,22.920254474208882,291.0656794746485,41.362667113511954,0.5150208892067398,31,1
7,106.57949005755492,74.84287137316609,22.246769955876694,14.0,26.478719555223137,0.41211980903018663,35,1
0,130.8579229297586,61.50760089403591,24.1192239528725,198.39011625758698,34.76329106850216,1.137679777315789,21,1
5,108.46437781447086,60.943804595926395,31.836408356407368,45.778848994477485,32.58378217655939,0.9529325993622592,45,0
8,194.0,80.0,27.0,102.5,26.1,0.551,67,0
8,188.0,78.0,32.0,169.5,47.9,0.137,43,1
3,150.50763690259384,64.37172159854487,36.403907924171264,129.51845308022973,43.16571298698635,0.5815672934577063,31,1
2,118.20147432828895,72.54469095626625,24.76242050100813,258.8260248697754,37.79534282692528,0.39367954434093827,26,1
0,137.36061728846366,71.46544827100502,19.631139872522667,125.87710552953564,24.168623142211437,0.4830271325744174,43,1
4,90.0,88.0,47.0,54.0,37.7,0.362,29,0
2,129.0,74.0,26.0,205.0,33.2,0.591,25,0
0,110.18608403197031,55.300655987571524,28.808150363324593,119.79366914291944,33.424048093465224,0.8787051560848707,40,0
0,121.0,66.0,30.0,165.0,34.3,0.203,33,1
4,112.53848984043141,82.97729731666486,23.731193549911634,15.0,26.86072557857266,0.5582923055593675,42,0
7,107.0,74.0,32.0,169.5,29.6,0.254,31,1
1,118.0,58.0,36.0,94.0,33.3,0.261,23,0
0,181.5575244242442,63.37888203579181,36.26147192669443,217.2924418332225,36.075225372229504,0.41809862163013084,44,1
6,143.1135553195635,69.04007552322355,38.20207797700765,296.0447510531211,41.66185444969017,0.240017019698875,21,1
9,56.76312873158157,72.00351618470368,22.627103563924198,15.0,19.63415297593577,0.078,22,0
8,121.55991668069986,81.10212888840054,47.606144442142465,85.63224665495115,42.414085848090856,0.5014588538390252,52,1
8,113.31304948231099,79.37705990111134,34.14913864418706,95.45148671033888,39.021969625394654,0.9638905192914295,39,1
1,146.15097941004194,70.40565018154784,27.534008979008124,278.4468360495488,47.491447048266494,0.8800538458181639,27,0
3,111.0,62.0,27.0,102.5,22.6,0.142,21,0
5,134.73211375774048,59.88610074181017,18.069047133784892,15.546822009162867,40.62947315354448,0.6438047414605739,21,1
9,159.56855921724846,77.09306268847922,29.173507830954428,170.61726979552228,28.417451315292567,0.5011403177999435,42,1
5,108.78764986626469,60.83345973085328,28.5941346761972,214.0784399368116,23.949640128771698,0.7920497923158445,41,0
4,133.12290196439253,46.12438106963968,39.63717458482628,162.69164660438423,35.41392027512199,0.3894893343325554,21,0
1,181.0,78.0,42.0,293.0,40.0,1.258,22,1
6,87.0,80.0,27.0,102.5,23.2,0.084,32,0
2,144.0,58.0,33.0,135.0,31.6,0.422,25,1
5,110.0,68.0,27.0,102.5,26.0,0.292,30,0
3,84.76126525179015,47.90560903115458,25.306956108042964,134.13200771901035,31.756658277543984,0.6475504367925162,21,0
8,132.27260874257385,85.93138431626446,27.578105032222354,15.0,31.63128437889368,0.6617650380928083,54,0
2,111.55576747742143,59.398739451715905,29.898926584640208,44.313454795759824,31.69317383237779,0.5328135408647069,41,0
4,86.41497634260575,55.753991631968574,30.54785296678205,15.0,32.275367086128036,0.32980733087056496,47,0
7,125.0,86.0,27.0,102.5,37.6,0.304,51,0
0,100.1288624981834,55.993489367263926,7.527584007995525,83.55450546971193,24.534233207346162,0.5310182567226276,28,0
7,116.9050701035111,92.23192815661889,34.34145681053988,267.5965413907684,36.16384055212188,0.5965549448021091,28,1
2,105.0,80.0,45.0,191.0,33.7,0.711,29,1
1,109.0,56.0,21.0,135.0,25.2,0.833,23,0
3,85.78690812668307,63.89289758488153,24.38526886235082,61.51010083326716,35.37560967338076,0.088,21,1
5,157.62054370895186,61.175593941464705,26.401028528703506,266.0059603701981,30.938164352125337,0.6937018444749247,30,1
0,118.0,84.0,47.0,230.0,45.8,0.551,31,1
5,135.23588738131588,67.45594206150687,29.649838265956554,197.78866721836857,32.12805215686262,0.31025571191375273,42,0
4,137.0865421069661,75.22869288093021,28.228712956353178,185.85520398398597,37.29027211640904,0.088,41,1
2,108.59677743015945,59.26318869304842,30.875449885048013,22.67364441568985,18.2,0.4466996162206446,55,0
5,187.0,76.0,27.0,207.0,43.6,1.034,53,1
1,102.16745586582384,58.230233675288574,23.093169345110233,106.06201169760146,34.80949295721584,0.5493060579977669,25,0
11,127.0,106.0,27.0,102.5,39.0,0.19,51,0
0,120.22156407788398,59.13876806573392,33.17638078732132,127.58405980927779,23.037180842197536,0.40095554255926097,36,0
6,176.66992140958374,59.70550601529558,26.390481353642336,246.84864294400228,25.922946512346527,0.46092065129600285,28,1
2,88.31657024138526,78.93602807230076,20.252291494477934,52.66812947594647,32.96578765805202,0.44908429878133116,21,0
3,91.58843548675642,58.4384755992874,28.171331790967727,15.0,36.08151894649054,0.09143988198780606,39,0
6,106.68705762080174,65.82936051628842,25.701944751680557,144.50199035465621,26.99905876007689,0.088,49,1
5,120.34073230935395,90.34867662489867,31.464966572929974,82.47552367983798,31.407985734690573,0.5686629771026439,27,0
7,161.0,86.0,32.0,169.5,30.4,0.165,47,1
4,122.4414265264866,105.10443492311387,22.061559363787246,194.19234368139936,36.571368098266134,0.7364906376089538,42,1
2,85.45317318322611,78.79137060582056,32.6589264302025,119.85418431847738,42.04254433237017,0.28140986587037997,30,0
1,87.0,78.0,27.0,32.0,34.6,0.101,22,0
7,147.0,76.0,32.0,169.5,39.4,0.257,43,1
12,110.63521702991977,78.0188920629865,45.88286196381469,59.74593905855007,42.65406024908955,0.6536575361532103,60,0
5,147.0,75.0,27.0,102.5,29.9,0.434,28,0
4,97.94609584823897,65.96467779124833,8.021924889875795,15.0,27.753812175268752,0.4984508419083669,24,0
1,110.6360156289673,75.96885624206331,29.32619434342574,160.62710682112646,33.99440201033513,0.9435182695648792,30,1
0,117.0,80.0,31.0,53.0,45.2,0.089,24,0
9,102.0,76.0,37.0,169.5,32.9,0.665,46,1
6,162.0,62.0,32.0,169.5,24.3,0.178,50,1
10,134.3144215794507,97.6109386446712,30.935793854612953,146.89593917079827,32.082476278041064,0.37921962316963354,52,1
0,100.03525691952254,62.49827878707234,30.866463791671084,239.09122747969462,37.06293348361212,0.5497034074756789,45,1
6,154.0,78.0,41.0,140.0,46.1,0.571,27,0
0,103.07399839393744,86.29833568706509,21.858350298607977,16.89814282019566,28.40061652942361,0.078,21,0
1,101.32623784736705,67.07522629635321,36.035404437685855,215.5215010831145,37.438000578597,0.6173363100190876,25,0
1,107.0,50.0,19.0,102.5,28.3,0.181,29,0
11,113.65478585748983,98.11526106410884,32.59617310587863,86.59790323980079,28.19482928744761,0.078,56,0
1,100.0,74.0,12.0,46.0,19.5,0.149,28,0
7,114.00226730787205,85.66774457988308,19.04019656589749,15.0,25.356307971972104,0.36947983924765687,43,0
5,112.20896169112106,93.8818181174145,39.21730942486555,112.21811578240361,34.12332961362592,0.8992958521002519,54,1
0,120.1794084871088,77.66174138226327,27.875891803243064,143.82805249951045,36.85667762012721,1.0173346716672067,43,1
4,78.33698298915371,71.25565497514367,33.22700103943445,70.36572588025798,32.89530754432116,0.6806332358807853,33,1
8,98.271166933369,83.69042795596063,41.25142049749033,132.83222996670997,44.818303285415084,0.078,37,0
0,148.01590251069473,71.27078304429557,32.868939284725755,321.2326009862125,38.197597637021794,0.6549162761077941,21,0
9,174.33917210061276,70.80787889294514,36.319271669928106,104.72725031304438,32.53075810840906,0.46781314192372214,46,1
3,88.00048451571394,64.87902498615446,23.858558404623068,71.5416242639708,27.321876681662378,0.24048573437118018,27,0
0,133.9247135753769,83.96512290634185,30.271692758173824,309.00641075752867,36.817396257648845,0.15391605986877954,35,1
5,98.84827801633867,76.63741246539388,29.169211340003564,94.48280711222388,31.329670302972456,0.6586586745231475,35,0
4,151.0,90.0,38.0,102.5,29.7,0.294,36,0
1,127.03954574718541,84.56534369881007,34.486628385063504,173.04140860674735,46.61609907645048,0.5222219939291767,38,1
1,178.35091193162694,81.75650316553624,45.65520165575204,92.41673323060658,43.594171179113694,0.5559482621351147,27,1
0,187.22926618001452,68.9372507466517,47.45096699768108,244.40389091675542,32.377353156062796,0.088,30,1
9,177.20251923224816,80.04851749472309,34.2994556796889,141.702637872893,38.355409245394576,0.71520091850817,64,0
3,108.44918239595313,84.44986937365094,36.2415983962543,60.22564881793545,43.119211567506696,1.0446203916501915,21,1
10,184.27626320358075,54.552314079087964,26.772457155055108,14.0,41.07791200729877,0.8604765246004789,41,1
9,156.0,86.0,28.0,155.0,34.3,1.189,42,1
4,103.88512821170892,75.49700321783473,28.041909057172607,97.50021685586498,24.045642850487518,0.5769134568339132,36,0
4,93.86847438203543,76.02448815040874,26.114688047106444,51.43811039335212,30.691700349002044,0.24275480515762557,47,0
8,120.0,78.0,27.0,102.5,25.0,0.409,64,0
6,131.83038931851024,53.95813966124023,37.50349509064041,131.16994616861453,32.17041609784949,0.549888650335792,29,1
4,146.39383147605875,71.36236027009141,29.99381023895283,54.61456328791948,30.044728459217897,0.480627919644634,29,1
0,121.96680614664214,68.4834547608009,24.329158577494983,164.8216021549999,25.68259681331674,0.367655156674904,30,0
1,81.0,72.0,18.0,40.0,26.6,0.283,24,0
9,84.45446002626034,61.32330913850772,28.09399007541338,157.0037039039329,23.622780550208788,0.4446967458179323,36,1
0,119.4288616037463,84.0777522462989,26.723079352039086,77.12786584078403,34.47405000460096,0.9411640858742254,36,1
8,143.0,66.0,32.0,169.5,34.9,0.129,41,1
4,120.97284167348688,72.75152666592956,17.49728903442945,113.29554248679179,21.8455019189918,0.078,36,0
4,100.0619445095521,79.1813821916714,46.653372155593914,14.0,38.107539134254736,0.088,21,1
8,176.0,90.0,34.0,300.0,33.7,0.467,58,1
4,114.0,65.0,27.0,102.5,21.9,0.432,37,0
9,72.0,78.0,25.0,102.5,31.6,0.28,38,0
5,107.67977225846705,71.19543918931392,20.006625711934117,100.89256640728462,28.626352001586998,0.23030810511360378,37,0
5,162.0,104.0,32.0,169.5,37.7,0.151,52,1
3,89.6754817468624,66.61109423605282,49.04436997932741,143.57637441928196,43.61225753890466,0.7236024072259124,21,0
13,149.66607550498932,62.12594970749556,41.03613191211483,335.15634073735,44.42000844395866,0.5523205651679594,46,1
4,113.50388625825434,77.48489089958444,35.432690085330215,140.36603656026298,28.952217641447508,0.16660085319267448,34,0
2,197.0,70.0,45.0,543.0,30.5,0.158,53,1
9,172.16927404310314,67.8238902499513,23.47514315033736,165.63892060950096,25.258632441370345,0.3179345982496261,65,1
0,103.18483971874646,82.42142469043411,17.88245812929145,41.71649186925747,22.577434656418035,0.265698609175435,41,0
8,148.54046192113046,69.38535717130678,33.56070865306538,234.4078416344376,35.60124901458808,0.35724118899449,45,1
0,91.0,68.0,32.0,210.0,39.9,0.381,25,0
0,86.0,68.0,32.0,102.5,35.8,0.238,25,0
1,168.79189638912104,87.11191464050331,31.570557522251733,308.0729395001572,41.01549350456618,0.9257633611265398,42,1
4,170.70948538251264,74.60460025642178,40.451528513865135,348.869864255425,32.608232707538335,0.088,41,1
5,77.1238500098303,72.95351226369326,11.68901310982539,109.35451090903109,30.320697892116893,0.8684336553610803,25,0
8,143.75128832037024,83.48138469137223,32.435234017478,171.42539500113165,31.464617343432014,0.9576419160785556,53,1
0,78.15112311800081,41.412423029415635,39.60806980601675,206.77022527177542,37.132823845845124,0.5259434417098836,21,0
4,118.35030298437188,77.38878225777876,21.10929483551466,151.5719209244986,36.454316116003525,0.389662908463725,32,0
0,94.0,70.0,27.0,115.0,43.5,0.347,21,0
8,126.0,88.0,36.0,108.0,38.5,0.349,49,0
0,68.20680210141913,46.735976829716215,35.61763869367158,28.108924176875092,30.92060659938263,0.5707123946258487,42,0
4,95.0,70.0,32.0,102.5,32.1,0.612,24,0
2,134.79254410034773,64.12003528675521,21.403654417366813,108.39597707849352,26.240368226665993,0.3264593359572549,37,0
1,101.93619035755665,73.60262285112492,29.12858792463417,105.97277562114802,29.306969689376757,0.088,44,1
10,145.29290903493865,73.7510931778264,30.278295525617295,182.8588367928497,24.362211052396642,0.36429440336170793,41,1
1,136.0,74.0,50.0,204.0,37.4,0.399,24,0
0,119.0,66.0,27.0,102.5,38.8,0.259,22,0
0,102.0,86.0,17.0,105.0,29.3,0.695,27,0
3,100.89523278242615,76.25240627466249,23.285341661285166,19.031130774704096,33.35048380991303,0.5838472377270691,36,0
7,101.99232255789082,72.8496344354017,11.582913247584177,101.59346447851735,24.733417457875003,0.12077077275067638,30,0
1,116.0,70.0,28.0,102.5,27.4,0.204,21,0
3,129.9599190696121,58.46179760517762,22.03545594643598,148.51116683825205,29.507062311641047,0.078,32,0
0,138.3712338912959,90.2370712310597,34.816968204247,200.88259383596062,32.63001815746844,0.7089862508002014,33,1
4,99.0,72.0,17.0,102.5,25.6,0.294,28,0
7,80.7152248496981,65.65367885061288,21.28633800799379,15.0,19.02632556888223,0.39096765437192527,28,0
1,117.85420417256445,67.83185620753066,43.01620540888152,217.1258121626709,41.108920897238804,0.088,25,1
9,57.0,80.0,37.0,102.5,32.8,0.096,41,0
4,97.71644797647198,67.10437109781313,32.26651870288877,138.52091247058016,34.71868867309382,0.545526666701277,21,0
2,124.35128971377314,59.9111725470008,16.72877298986232,203.82557450071636,38.10918265661908,0.4704483693314895,31,0
5,136.0,84.0,41.0,88.0,35.0,0.286,35,1
6,163.0693937473539,86.8617641102125,40.95287590190351,40.93184230205574,46.90857914574346,1.407109130142559,21,1
2,94.6659772916897,74.97929748658106,26.765967660512572,15.0,35.87833242909733,0.571640479782338,34,0
3,80.0,82.0,31.0,70.0,34.2,1.292,27,1
6,167.1922174651255,58.90935939322328,31.784835991286638,241.10015450444288,30.72906579774113,0.34354176064879255,21,1
5,88.0,78.0,30.0,102.5,27.6,0.258,37,0
6,120.67142926106884,75.8568091741234,33.80989343360799,36.23899665850564,40.821898515290144,1.3917120862332006,29,1
8,181.0,68.0,36.0,495.0,30.1,0.615,60,1
1,119.03141584892651,76.58895913556601,31.626445319793724,233.1392369262527,37.101697888318974,0.4686003581391971,34,1
5,137.09101253063233,79.867459217532,40.12055914181149,262.5548984077466,34.95253165375009,0.6819918085317019,38,1
0,152.0,82.0,39.0,272.0,41.5,0.27,27,0
10,108.0,66.0,32.0,169.5,32.4,0.272,42,1
1,121.0,78.0,39.0,74.0,39.0,0.261,28,0
6,131.07576358256077,88.5084130140031,16.934123105691327,50.73383168417902,25.345154271536074,0.6636234851942083,33,0
7,138.33340607691,91.48187976558772,43.17509638939832,227.20885400462603,39.56168786677973,0.5244402738924309,28,1
3,107.0,62.0,13.0,48.0,22.9,0.678,23,1
4,126.46928942457471,72.41342402911343,42.302143021723566,134.05155487226475,46.726741571087295,0.8176599353880452,34,0
4,123.72235381638208,68.08391148781385,40.134777669532454,291.309071817698,27.0879997290696,0.6587550829096986,47,1
2,108.0,62.0,10.0,278.0,25.3,0.881,22,0
1,128.0,48.0,45.0,194.0,40.5,0.613,24,1
0,72.68578830194411,69.96926015342547,24.797133014543604,61.4096295697763,34.873644672655445,0.078,21,0
4,95.0,64.0,32.0,169.5,32.0,0.161,31,1
2,107.0,74.0,30.0,100.0,33.6,0.404,23,0
9,109.37232214078423,79.20021192307425,28.514108207614804,353.7789875329286,37.52009957440814,0.088,35,1
0,108.0,68.0,20.0,102.5,27.3,0.787,32,0
7,158.92112365982095,68.09047211793275,24.424100349642675,169.34168239576508,34.05802076043233,0.8085194804667926,48,1
9,122.4468532443873,81.27730003415473,37.518804774127936,107.68684508550855,29.672860753659307,1.0366200937257093,49,1
10,122.0,68.0,27.0,102.5,31.2,0.258,41,0
5,183.7017544862654,64.26150219937713,20.73974562933844,137.00248077635968,28.194200387526806,0.7993238331469609,32,1
2,95.78771409830398,83.6719039217251,30.146666051201496,16.992217369473735,29.3016245177418,0.8649390877949549,42,0
1,126.27463865289704,67.54264169966459,15.017253995937583,150.53477879756954,19.984953190284866,0.6125081538632036,29,0
8,126.50763418306482,66.35600682025239,9.793920774605507,132.0059865903221,22.32674858184891,0.15855715135202603,25,0
5,113.54518057730313,56.75333580546602,23.757009566453796,158.11521471939875,27.314608427920533,0.38051975575411817,26,0
3,159.9223823280693,49.43432568942319,25.455734081675242,299.85506542435627,30.33591964875989,1.0071475224306707,31,1
0,103.55679758322712,93.435138079448,25.31259027246559,141.942036736277,37.47226298737486,0.2280917195841181,21,0
11,130.01700362904663,84.86276035345378,20.05818087168656,302.10878738560956,34.2357732774169,1.3692001199313668,45,1
1,125.0,70.0,24.0,110.0,24.3,0.221,25,0
5,104.63095453890963,48.355235369824015,23.83704302946041,220.16542561080195,25.245819470219473,0.4320778641033333,26,0
4,161.6668703775308,80.06358189920658,30.306768819286273,253.49069581569586,41.4414308921156,0.4580952094361056,24,1
0,86.58141872809998,80.14239356239104,13.83328108955137,138.05550274803795,28.21749189496776,0.08735962174977585,21,0
5,112.0,66.0,32.0,169.5,37.8,0.261,41,1
4,128.0,70.0,27.0,102.5,34.3,0.303,24,0
1,85.0,66.0,29.0,102.5,26.6,0.351,31,0
1,89.0,76.0,34.0,37.0,31.2,0.192,23,0
4,127.0,88.0,11.0,155.0,34.5,0.598,28,0
2,140.64276451713846,66.02690315835503,26.891914898760515,209.94754818157764,33.87541146310135,0.3985673947914808,22,0
10,151.61098549044561,99.2339287168367,26.484962750727725,131.65747655201156,38.44440621170906,0.2536476851506686,42,1
2,127.89223411588853,87.9337768632821,27.31827581271312,173.5716223818099,36.49660466527822,0.48698445123558964,24,0
5,71.53668697144786,42.51521118025572,19.950437039016933,15.0,20.17425569844829,0.078,21,0
3,49.249989829664166,73.38380477715627,20.631660982443154,50.53820848088931,18.2,0.20489305050786066,22,0
8,168.17720956269875,67.4205520112098,25.188616980640802,230.57933082751305,33.828890366070084,0.38326317152169764,35,1
0,145.68344978703615,82.1337160749793,38.50049390721635,201.5141170499286,42.12955560429613,0.619221987119416,38,1
0,108.23832296804186,67.92268037101681,11.651041276572457,109.04069609342453,25.98480842718235,0.078,25,0
10,145.65656405963244,98.52250855494196,27.428055685295696,141.69049723885973,32.86993208153148,0.5302149204568696,58,1
9,108.11199328681064,83.45197862777964,30.2660285756552,15.0,20.800928375013733,0.3621892702606526,63,0
2,83.0,66.0,23.0,50.0,32.2,0.497,22,0
0,132.3459434575664,66.8827675533085,25.845080718420036,282.8001074858157,28.60536621917048,0.7191649526893115,37,0
12,114.11149986982505,61.710623830994855,19.993681730291524,220.9512051389169,22.9,0.6570110582911912,54,1
1,88.0149381118247,76.14214394427142,20.11221872706607,15.0,23.33586725798765,0.078,21,0
4,147.5352381506339,79.1739193788854,32.1136641992911,340.26781326055584,27.480891821189246,0.5312348203257853,61,1
1,153.42326370397822,61.97593879319987,23.449019711335147,185.90323435477887,30.6334111925151,0.48457190020097834,33,0
6,104.2144577255961,56.64900783884349,27.595683858772055,89.75498275071637,35.433835049268495,0.078,21,0
6,139.7251320515578,74.12017776555571,32.31727514372218,173.03413362917183,34.570758329791204,0.13472474435571108,33,0
9,162.69324966918504,87.98331247977129,61.02333024054289,255.07231491922624,47.44795925266461,0.8232878919006912,35,1
9,145.0,80.0,46.0,130.0,37.9,0.637,40,1
5,80.60758757984026,63.24923484387389,24.92795344111223,171.43359482256636,36.84012959928524,0.4933567586298444,32,0
6,129.9019208027479,56.731125001879825,29.958944264325545,284.8367023573483,35.98753596570093,0.5530667522282844,26,1
4,116.12605540934786,57.20815521158226,15.104314110658091,101.1957510507315,18.557944899234343,0.5823682197954692,27,0
4,86.36882782661894,65.91476997280111,31.318518148913714,50.36665661516922,33.91225490280547,0.6582608578084607,21,0
3,182.0,74.0,32.0,169.5,30.5,0.345,29,1
11,136.0,84.0,35.0,130.0,28.3,0.26,42,1
2,98.63586605740217,62.895060141571996,29.426409951239314,237.15066758814976,38.88396009658857,0.3808408260731853,36,1
13,125.97673746186857,68.45085042130744,28.21370418213547,68.53657031493395,23.537590922876255,0.6674187052472982,46,1
2,93.0,64.0,32.0,160.0,38.0,0.674,23,1
8,155.71000971924587,59.80749883920397,41.66736650649683,264.81883764779815,35.790820487752114,1.0950053505022328,30,1
6,112.84258553322732,88.40254028726143,33.252412241964414,338.6808504201294,25.116356602169695,0.088,50,1
11,165.57305960310103,75.09718364328688,24.049767718237575,124.19493494151567,34.202662774501896,0.13168436693324592,33,1
0,132.0,78.0,27.0,102.5,32.4,0.393,21,0
2,111.0,60.0,27.0,102.5,26.2,0.343,23,0
3,85.7874415842931,71.21766729892147,33.97315197246148,69.21092827431187,35.09116143244834,0.088,23,1
4,149.85892829927147,71.34683729045437,26.69723908857978,254.2342886100189,37.601948266017835,0.088,40,1
4,117.21263850633011,71.06567518689924,37.34276329703301,58.87541097127598,32.844471006773404,0.5764779000080811,35,1
12,115.87720809305482,72.30317892135919,34.69580385876385,131.53943065415677,36.1157351561802,0.3573374257125077,58,1
1,106.06669984009714,52.83455285495715,20.30866165348781,15.0,18.2,0.078,21,0
3,166.58469011014967,90.82558443214897,34.94777991159838,198.91793149274588,28.857160396365003,0.870391918897746,35,1
4,89.99925291545237,69.84733862676872,29.599445128224335,136.1430631671077,41.08623370905172,0.5231496934727322,35,1
7,148.05611857714715,78.41586507510347,45.015367657104434,181.09199918864445,36.00807599706168,0.16218418396177076,35,1
4,112.21488578802042,76.73145616273129,28.734618454902336,137.21608150381527,36.58216153304504,0.26029067394508193,38,0
0,114.14176841531807,80.1712641126109,37.94085104725633,137.282269977913,39.00779388623307,0.5371230320228981,27,0
5,115.02696662282783,72.39421444630474,38.060295076110044,53.09944978197143,40.20974746805595,0.5431207510523454,36,1
6,115.46487756223861,94.07298691708793,53.176192296580496,50.80761232254348,37.3458452961079,0.6039096215429661,57,0
2,115.03845063077947,51.11007030033056,19.979470147276817,102.6909857013919,24.609108247127175,0.6763662077049559,30,0
1,155.68470606629364,88.93661551759126,29.38997728623935,170.7581582805425,29.000147105715683,0.10756742044627277,42,0
10,142.64567154339096,84.96061049508583,26.433831427053253,237.161554415252,42.42410021032827,0.560754438439502,44,0
7,128.5608333003007,65.26688044858169,51.689996062941105,115.35170306198505,30.980982784592697,0.088,38,1
2,157.0,74.0,35.0,440.0,39.4,0.134,30,0
5,116.03156555173504,78.94164482791754,17.63278150755459,104.5889875394657,51.26229442551691,0.6652115871852343,21,1
4,154.78405224340003,70.75131242166607,25.584597957851656,144.9559137327994,23.17953286158686,0.2992307701369795,35,0
1,97.0,70.0,40.0,102.5,38.1,0.218,30,0
0,162.0,76.0,36.0,169.5,49.6,0.364,26,1
2,118.0,80.0,32.0,169.5,42.9,0.693,21,1
11,120.02470584000066,94.44598637827463,46.14887565081216,119.44515048181002,40.500241948461536,0.37704453555775824,34,1
2,85.79305615822716,68.82041110839212,43.088821366906316,216.09705542320904,32.12078808745156,0.3801022464939856,50,1
1,101.4701771907187,83.96103102678825,41.60520428355003,192.88114756881293,42.372039222775065,1.0813024742339905,41,0
3,120.30972126034334,54.768104031215124,39.20370126817049,208.4129709352287,39.186180305143104,0.4319323110490612,27,1
3,125.0,58.0,27.0,102.5,31.6,0.151,24,0
7,173.129855116037,78.03982142601093,23.877956205983192,250.783271311214,31.09602852921122,0.7039368222193608,31,1
8,100.0,74.0,40.0,215.0,39.4,0.661,43,1
3,197.8173335872878,65.16024554261953,46.75998673947231,160.6187712470228,33.83333769864674,0.5998772499273096,43,1
2,65.62934118600887,88.41514734298562,20.49240907897677,64.0568337290664,33.110552473983304,0.14101569171353506,39,0
3,187.0,70.0,22.0,200.0,36.4,0.408,36,1
0,91.84313541237893,63.59644087438241,24.15886978879619,95.16604159511574,25.287531256369213,0.078,21,0
8,163.5046966960291,86.05835027383343,34.11186792557945,193.08994752833163,35.68677851880055,0.7320197234699376,40,1
0,145.0,74.5,32.0,169.5,44.2,0.63,31,1
4,97.64584589501762,64.2607553099127,26.2285085557601,102.82482701010865,32.47538845309172,0.2723949038858582,27,0
6,144.0,72.0,27.0,228.0,33.9,0.255,40,0
12,83.6064706765878,71.89364491032238,25.367298907314378,168.24583841548701,30.744546254330203,0.088,47,1
6,99.0,60.0,19.0,54.0,26.9,0.497,32,0
7,198.09724151306676,65.71329958128815,31.18349286579489,373.3377526105862,31.847881564795244,0.600638076480265,47,1
1,109.0,58.0,18.0,116.0,28.5,0.219,22,0
9,137.52159022503895,98.87491975420542,41.91098139844814,133.20094955954787,35.45271773729023,1.1499435278497092,60,1
0,62.309898328428915,55.55252845384365,34.52344264567063,39.717796645710976,25.031085951018014,0.6096359616578398,21,0
4,140.7116439179087,61.59880598138847,33.32705555621234,203.73730028209783,26.946575297372807,0.8390420312985303,26,0
3,142.11322121923848,70.74534583938663,39.9798435453052,200.43535577603058,36.36547418399659,0.4918520945559251,40,1
7,108.22950562971424,93.20796609812125,35.005827138039706,190.80725069988063,39.43660947369306,0.088,41,1
3,168.50828265102103,63.280251655076775,12.43531235074598,118.47201511163463,26.150332606401747,0.36399091949549445,32,0
2,137.59754770915907,83.0825838701198,50.49095631613345,82.4176966844138,39.0402112980288,0.18228573112456908,37,1
8,196.0,76.0,29.0,280.0,37.5,0.605,57,1
1,131.0,64.0,14.0,415.0,23.7,0.389,21,0
3,199.0,89.96012582018079,46.12042938915859,225.32190107959343,47.16128599024948,0.948543459803125,43,1
11,169.4503882542948,82.94781258690796,32.34096831686521,210.4448828307013,46.09662626544003,0.45263399547824923,30,1
0,131.0,66.0,40.0,169.5,34.3,0.196,22,1
1,126.0,60.0,32.0,169.5,30.1,0.349,47,1
0,90.78637098698565,93.93104455593362,42.65642097375461,98.93151192990815,43.14719863142113,0.9261590085763709,28,0
9,131.26359157638583,71.21203931473164,26.892485118131383,232.7174755833577,37.58568890937826,0.36488442066302784,47,1
4,161.1913373409902,53.71554171732184,20.54106344859784,185.59097540714455,22.9,0.426716554778676,39,1
0,106.76368105112324,69.78359963075415,25.034191668552175,112.6008610774485,18.2,0.43268879253146336,39,0
6,147.0,80.0,32.0,169.5,29.5,0.178,50,1
0,74.62815252199721,67.33539910406516,13.72025015089434,105.70380579482332,26.429417471448783,0.20463772136853142,21,0
7,168.0,88.0,42.0,321.0,38.2,0.787,40,1
8,131.5174437860416,78.30788903109742,31.607452328127188,93.00466903005301,19.704751486538107,0.500654765041795,63,0
13,134.32446762272346,46.91052040268727,14.715965697991123,236.9163311928213,29.62274322958325,0.3122638727974589,48,1
0,62.414952100356246,65.3603044269118,32.67689341442985,25.015936979559086,37.32813328544423,0.39507290554841434,29,0
4,112.0,78.0,40.0,102.5,39.4,0.236,38,0
4,125.0,80.0,32.0,169.5,32.3,0.536,27,1
6,93.0,50.0,30.0,64.0,28.7,0.356,23,0
6,128.02600259607962,70.4742865190307,24.29721317641871,215.76611210967133,35.59565040304309,0.26133706290386766,37,1
3,123.7670253347518,73.78879727955461,37.578502432847955,79.31488917213139,31.27797417129892,0.078,50,0
3,124.87789977243553,69.25378837017331,20.30593189218144,84.47622776958639,33.75189562592876,0.4315531725805572,26,0
4,115.0,72.0,32.0,169.5,28.9,0.376,46,1
6,140.0,68.0,41.0,169.5,39.0,0.727,41,1
8,141.43486619790346,79.92828006621426,40.45876940397486,42.06477307241923,36.18877343935857,0.2113511495850488,44,1
5,199.0,82.59020474696409,36.66420830859761,366.5490574319839,41.30608106097246,1.2383241121825357,52,1
3,78.0,86.88705160209439,40.94527671008366,90.26669893206386,49.45859062633943,0.5928510056465551,21,1
2,151.31538877769256,84.71398547976042,33.463496377924635,136.55361516390707,37.314024604458545,0.088,29,1
0,113.0,80.0,16.0,102.5,31.0,0.874,21,0
2,96.0,68.0,13.0,49.0,21.1,0.647,26,0
3,183.82591307335628,61.891070613017696,31.627220608352687,248.20732555467615,35.03728460156565,0.43099186553611524,21,1
3,180.0,64.0,25.0,70.0,34.0,0.271,26,0
3,172.70347412528588,85.11043439369703,40.52080592930155,297.6591975436096,36.68339145999337,0.29271748876525977,34,1
4,142.0,86.0,32.0,169.5,44.0,0.645,22,1
0,56.38237123320725,75.29805796560638,19.382429973977807,62.85411511889546,27.29326308010228,0.078,21,0
6,132.07030950114782,57.572814666669935,24.618109676902236,185.55415211213858,23.626232304806148,1.0293269826266582,47,0
4,156.0,75.0,32.0,169.5,48.3,0.238,32,1
4,96.0,56.0,17.0,49.0,20.8,0.34,26,0
1,83.0,68.0,27.0,102.5,18.2,0.624,27,0
1,71.47662522439168,52.4234594343156,41.01655690440008,260.1939980890387,31.206850371853513,0.6822543816475409,28,0
5,166.0,76.0,32.0,169.5,45.7,0.34,27,1
3,132.0,80.0,32.0,169.5,34.4,0.402,44,1
0,140.14131290254562,63.721647926503486,13.9765962828532,151.72998701990875,32.236180896312185,0.28702852145482516,25,0
10,105.94188804319526,62.47929775614573,14.77225572102876,14.0,25.750512357835802,0.6051365474739074,30,1
0,178.7818038361457,52.27147962851136,33.181281801148955,414.3550224936407,43.312513709244435,0.088,41,1
0,140.77932464579203,61.89689477556108,30.3849471208913,110.32293274570522,34.759876018321954,1.0430724970862097,29,1
0,179.0,50.0,36.0,159.0,37.8,0.455,22,1
3,189.93508329952166,76.31736085603927,46.35512457746185,202.17819025577285,47.60137292646344,0.6116184518908917,25,1
0,148.9255306780341,68.67002585253577,33.839165380731984,175.85134915504435,22.9,0.7837358327910513,46,1
2,68.0,70.0,32.0,66.0,25.0,0.187,25,0
4,127.50897122892351,58.32640158440234,26.73209754511092,162.7258241290709,27.747274513175146,0.078,38,0
7,114.0,66.0,32.0,169.5,32.8,0.258,42,1
7,69.33810982400655,56.81839520004695,24.95119498408827,128.6115988722355,30.25434550602018,0.6305981542792259,33,0
5,166.0,72.0,19.0,175.0,25.8,0.587,51,1
3,132.66637181394012,65.23570639041128,41.989623794376904,348.03393224191746,35.648876781308395,0.22670759107485083,22,1
9,166.51055424675565,73.51817894332258,30.50995016328483,78.99601285212952,36.01458908367464,1.0983992063372305,40,1
4,99.0,68.0,38.0,102.5,32.8,0.145,33,0
0,93.0,100.0,39.0,72.0,43.4,1.021,35,0
1,128.0,98.0,41.0,58.0,32.0,1.321,33,1
10,101.0,76.0,48.0,180.0,32.9,0.171,63,0
5,109.0,62.0,41.0,129.0,35.8,0.514,25,1
3,159.72296121211073,85.35999218540813,30.374944762878677,164.70859301604708,27.433306858021492,0.8050418641183992,37,1
7,176.02360348995424,66.65257082825292,38.64270990907419,266.7682357615199,35.76451435344847,1.4625820728143457,35,1
5,151.639911374487,68.18380512907044,38.91550426505647,426.8525381656102,48.942213842364424,0.494585692415029,33,1
5,115.0,76.0,32.0,169.5,31.2,0.343,44,1
5,110.86623530296566,49.392255520896974,29.208206912473436,226.6552740272,37.86978392012392,0.078,43,0
5,97.0,76.0,27.0,169.5,35.6,0.378,52,1
6,117.32068804528032,87.40388762771519,22.949241228861272,111.30921511086703,21.896311404763942,0.3154199383199201,32,0
6,151.0,62.0,31.0,120.0,35.5,0.692,28,0
6,172.27321354044517,96.68806380528383,26.217885325724172,225.02495485778667,32.19283005929638,0.27066986346798294,38,0
7,164.9022986503817,86.94091332757701,31.028104657417558,276.0294706964298,39.2313704097378,0.7971805447767596,39,1
4,167.65343235197005,81.11218251865711,37.07359356060123,323.86021947566417,37.66656872422226,0.6562464324459829,52,1
4,123.81585221149648,51.99857755673685,7.0,22.49193109645202,18.2,0.4801725230861028,21,0
4,187.7620284594164,71.36562997922267,38.4868898396394,238.08260835704633,32.23461306092263,0.088,34,1
14,175.0,62.0,30.0,169.5,33.6,0.212,38,1
4,147.0614891128231,65.41052620226554,19.33327832902685,97.9510946089817,29.859222102954476,0.6223756661231081,21,0
1,153.70789810746027,96.78886311424773,25.49630477078503,269.2896802841128,29.061582797725066,0.2195608041735504,58,1
3,102.44964258311998,69.31953630760322,23.952764065886786,42.02509072749102,25.061712519699736,0.7186507197925031,31,0
2,146.0,74.5,32.0,169.5,27.5,0.24,28,1
5,102.29847205483077,69.25620402778226,25.450295327745312,14.0,30.676914874509563,0.28966513680561945,38,1
1,138.0,82.0,27.0,102.5,40.1,0.236,28,0
7,102.0,74.0,40.0,105.0,37.2,0.204,45,0
4,87.23222999712077,75.9671606430534,24.355632003658435,152.10712167671687,27.736809288972207,0.2660279879266443,21,0
2,92.0,52.0,27.0,102.5,30.1,0.141,22,0
6,137.0,61.0,27.0,102.5,24.2,0.151,55,0
1,168.0,88.0,29.0,169.5,35.0,0.905,52,1
3,96.2844348291614,76.6814337180936,19.91501896550728,15.0,19.39872007412999,0.7609701039773684,25,0
7,74.17536053596757,62.542615687181225,29.609039632235156,15.0,25.690450758482143,0.078,46,0
2,173.77173934349514,77.91499026124391,47.199803604137585,221.83582075120097,38.88833700268439,0.37028852325862127,30,0
10,149.67042840052588,65.27759845844777,27.331202186731616,149.94381140170572,28.511965198675675,1.9378880535819203,55,1
2,95.0,54.0,14.0,88.0,26.1,0.748,22,0
4,86.98655302295592,66.78808475125894,34.58539801977968,219.04209640216482,40.161713239238864,0.5167293586183386,38,1
9,116.62678804388185,102.21140733800588,40.47849618485884,14.0,40.309686604299316,0.20941923769882975,39,1
7,161.76911423589223,78.43853193629924,40.041835243725146,140.32253544557128,37.697356301267504,0.5556168571908832,41,1
13,154.53692631202557,69.84938807387299,36.53645050082303,272.57961273243404,37.24814885022975,0.24572740190338838,41,1
7,106.23268680895717,68.25545602068951,25.55965322647694,15.0,19.34115089809452,0.078,37,0
5,86.67293927279982,68.01278623044841,18.5214468078589,47.17266684300917,40.47947006036601,0.4218896743342151,21,0
5,167.68416513673552,64.49035241999647,31.982058030199795,256.976387994231,33.29749887228465,1.0943465742280798,32,1
5,111.0,72.0,28.0,102.5,23.9,0.407,27,0
10,122.0,78.0,31.0,102.5,27.6,0.512,45,0
0,125.138571156112,84.99179181787507,33.98959394871207,109.74901883675514,38.107684077052646,0.12979290693854628,30,1
2,84.0,50.0,23.0,76.0,30.4,0.968,21,0
10,122.77348167226212,81.96347604576373,30.80995053614524,14.0,36.73267164514502,0.6886989913650624,33,1
7,124.85802380280641,68.35601925024065,31.41620555751075,99.10918277882233,27.18394836902096,0.3565807443879448,23,1
4,144.7994606857841,90.0517473968967,30.680701371116108,190.13123917526255,37.32125817305476,0.23659777890008252,39,0
9,158.9635943522949,70.9505765735053,13.09636638367142,316.7837662501828,27.757737234589687,0.3503872106139173,53,1
4,123.0,80.0,15.0,176.0,32.0,0.443,34,0
1,148.21024831075565,89.23392455155911,27.453618162060735,66.45654409523026,37.22114853888343,0.44531649126248174,36,1
2,164.38087310570532,83.6891142793158,35.589057050200445,223.68035323634678,33.70067625455566,0.9466781754427942,21,1
0,91.0,80.0,27.0,102.5,32.4,0.601,27,0
9,143.80225616813783,70.74993801202963,30.132384118219235,322.79371716467114,24.70424514470658,0.3508316563562722,59,1
4,187.6280054876707,80.60862429542709,42.48695150856404,260.34657563770594,38.17320134083207,1.1675470476522358,33,1
4,91.0,70.0,32.0,88.0,33.1,0.446,22,0
1,189.0,60.0,23.0,846.0,30.1,0.398,59,1
2,112.0,68.0,22.0,94.0,34.1,0.315,26,0
1,108.0,88.0,19.0,102.5,27.1,0.4,24,0
8,105.0,100.0,36.0,169.5,43.3,0.239,45,1
10,152.3483729787868,51.03331722518981,37.00267325551784,128.3082917952218,30.38411437985384,0.5806521713891842,37,1
3,148.0,66.0,25.0,102.5,32.5,0.256,22,0
3,167.2263572659406,66.02652378130189,41.46406023254605,207.63571448598614,38.64418208003937,1.4870933959956343,21,1
3,126.0,88.0,41.0,235.0,39.3,0.704,27,0
1,167.0,74.0,17.0,144.0,23.4,0.447,33,1
5,131.31744243980322,70.62520972829834,35.01606194141884,263.8947376305762,31.581170990367262,0.3714841260207412,28,0
3,120.23499538542575,69.58421383800736,40.50459487016333,212.32142382669753,43.46112396140677,0.5159827113331811,38,0
0,129.42201411052622,61.99563435955912,33.46186779738085,14.0,39.411130054844236,1.1389621230596148,21,1
5,118.2771851307237,81.14772501948201,32.1506493902834,235.75724771110242,36.97902452713367,0.9672932567642983,40,0
6,123.36415626334917,65.33830268636383,29.821946511786848,127.61520777821642,27.330136276133096,0.5054773305992386,36,1
6,146.91770027627328,64.082919857151,18.903270454344103,14.0,29.628936803889502,0.6876905726207323,21,1
3,125.11596693266637,84.343627700038,35.525234447994364,67.31039252766683,35.621072103010746,0.8052447262643023,24,0
6,88.45589092739885,76.59759204370836,30.332785823770095,105.46166347344021,35.86623758220622,0.5521081781292939,21,0
1,87.0,68.0,34.0,77.0,37.6,0.401,24,0
3,140.23182514624955,95.80432276999292,42.99435982476475,153.3632452961684,42.80751949807488,0.078,34,0
3,130.0,64.0,27.0,102.5,23.1,0.314,22,0
3,83.31547000729226,65.5438621046618,39.094484082485586,125.24998329731017,39.34275740672613,1.283072653565434,41,1
5,139.0,80.0,35.0,160.0,31.6,0.361,25,1
5,107.1316163172363,43.03243689109094,21.526378621456708,182.67555190208347,27.181158218777323,0.078,32,0
0,181.1440463075503,68.68057230015738,47.603261569701345,199.69425319700528,42.1282833120055,0.4844863996571904,29,1
4,118.0,70.0,27.0,102.5,44.5,0.904,26,0
2,117.5283927531024,74.21090848287953,35.706225815039744,102.41639686676783,29.830645278436112,0.088,42,1
0,67.87549906879981,44.68731670413913,7.0,84.77385053132996,18.2,0.37425843989673835,21,0
12,84.0,72.0,31.0,169.5,29.7,0.297,46,1
3,140.41021559325821,76.24136168356489,39.40695418629766,240.021922082942,26.830197843405692,0.2185331773013643,33,1
4,114.0,64.0,27.0,102.5,28.9,0.126,24,0
7,125.66874176214739,83.43804071595483,20.5905199268358,116.4995004207602,20.677507624434774,0.12747523806923056,40,0
1,145.5543369495663,77.79596098452983,23.131749004503753,39.81699717716043,46.71803213810612,0.5950143445902841,21,1
1,81.0,74.0,41.0,57.0,46.3,1.096,32,0
2,90.0,80.0,14.0,55.0,24.4,0.249,24,0
8,99.0,84.0,27.0,102.5,35.4,0.388,50,0
3,123.89548248496074,73.26509634103,23.449248230852668,272.4871344685047,33.422157626056865,0.7305741149172633,36,1
9,134.0,74.0,33.0,60.0,25.9,0.46,81,0
13,154.55974313842069,74.51973386922435,35.15512400144547,82.21482009531753,34.86914126665212,0.088,59,1
7,106.0,60.0,24.0,169.5,26.5,0.296,29,1
3,194.2550563696864,87.23470203221078,43.755797152814964,378.23194751906465,38.064549473770356,0.5609851147796564,48,1
13,117.51729709753546,53.557660400720536,38.00201087174839,110.71751978688182,39.55884429979399,0.17611264622653638,44,1
1,119.0,54.0,13.0,50.0,22.3,0.205,24,0
7,158.55101763342154,89.47524904003544,32.24308323969707,271.6270485984514,34.91458095954852,0.7220828469418957,37,1
0,176.7667837951004,81.93616073225442,28.58863768124125,200.3538014560969,32.65220162812904,0.45302209292857876,23,1
0,116.07063299093248,66.33662446473284,38.814568662476916,244.4182857044898,29.447209602921067,0.4500970825543399,35,0
5,122.0,86.0,27.0,102.5,34.7,0.29,33,0
0,153.47483708396413,70.74065469776775,35.933558959292895,141.80523164391968,25.079743584911963,0.34532140615235696,37,1
7,111.09406773433923,68.85914803866837,23.909314095849695,134.72495401511372,31.63733025930002,0.17207297904319763,38,1
4,146.6481462798198,68.98396706014607,30.295564668550796,108.67293315858767,28.57738808366262,0.7326028761806185,49,0
4,173.0,70.0,14.0,168.0,29.7,0.361,33,1
8,74.68255033943744,75.12427847366918,24.678669505600176,83.87436624557125,30.05829047756238,0.078,42,0
3,177.15918958663357,93.84190043474128,29.191974993739663,141.69634927063208,32.725913014305256,0.15284276459825102,53,1
7,101.54530137208565,82.08704788112372,30.282476741805045,219.62998761966523,25.854916050302446,0.12094259044383232,55,1
1,130.4251099422236,54.27001720158047,38.74500049524577,405.0207295642383,34.450388054382714,1.045732763084899,39,1
2,100.0,68.0,25.0,71.0,38.5,0.324,26,0
8,161.2120489356147,76.21414064492372,34.9700249689245,267.0209235684848,33.55646246457243,0.088,46,1
8,118.0,72.0,19.0,102.5,23.1,1.476,46,0
0,145.59562473731364,69.75317849454005,37.85953231688572,217.97217897453848,38.97521085102859,1.0993002910226848,27,1
0,74.0,52.0,10.0,36.0,27.8,0.269,22,0
6,111.0,64.0,39.0,102.5,34.2,0.26,24,0
5,117.55345167803608,78.23546158767158,30.724286923662977,202.52624335174812,31.65697856439882,0.4732064073810239,31,0
1,140.29393260283544,63.15474733946175,41.78889845581603,158.07169645815128,36.77948282520057,0.7463890102936106,26,1
2,117.97518965361908,86.05696695412554,32.933461756752095,38.415458447363264,31.24060491447133,0.49292711713471044,41,0
4,136.69680525691516,84.63527885591346,42.54379319668743,118.48814313381695,46.94629947612527,1.1551418421473478,33,1
2,170.84341699174536,79.29997241832898,34.8283227263139,14.0,35.32081638585422,0.7309830855221449,32,1
6,103.04829815049199,67.80421888673371,38.02711490934747,110.02566886109544,25.354587648686405,0.7378464803538373,38,1
3,170.39374864464872,105.69025377298536,29.230172734700957,209.40484620914313,32.46569163676371,0.4694964913899467,37,1
8,136.2467784520726,80.6979524334962,37.60265691447509,170.92099781493133,36.03365317590481,1.448065335848812,57,1
3,138.59066836609975,58.834300891597906,29.080626334963696,226.65441782809467,37.2123948018981,0.7464764762208159,40,1
